epoch,module,gamma,L_mean,L_std_spatial,L_min,L_max,L_sat_frac,run
0,model.10,0.0010906391544267,0.5093271732330322,0.0944307446479797,0.1866455078125,0.83642578125,0.0,e2p__postsppf__s1
1,model.10,-0.0002078609686577,0.5069857835769653,0.1471340954303741,0.08978271484375,0.9697265625,0.0,e2p__postsppf__s1
2,model.10,-0.0009318655356764,0.5046465992927551,0.1888309270143509,0.0090560913085937,0.97412109375,0.0006249999860301,e2p__postsppf__s1
3,model.10,0.0023156064562499,0.4982158839702606,0.2142596840858459,0.0054054260253906,0.98095703125,0.0040624998509883,e2p__postsppf__s1
4,model.10,-0.001503016334027,0.5210017561912537,0.2231088131666183,0.003854751586914,0.97998046875,0.0046874997206032,e2p__postsppf__s1
5,model.10,0.0018171964911743,0.5501518249511719,0.245760828256607,0.0039596557617187,0.994140625,0.0084374994039535,e2p__postsppf__s1
6,model.10,0.0009940706659108,0.5747650861740112,0.2816967368125915,0.0017957687377929,0.99951171875,0.0531249977648258,e2p__postsppf__s1
7,model.10,-0.0004350479866843,0.5943125486373901,0.2796094417572021,0.0009040832519531,1.0,0.0621875002980232,e2p__postsppf__s1
8,model.10,0.0003329962491989,0.5974159836769104,0.2868465185165405,0.0007319450378417,1.0,0.0518749989569187,e2p__postsppf__s1
9,model.10,-0.0015672399895265,0.611107587814331,0.2775535583496094,0.0015125274658203,0.99951171875,0.0709374994039535,e2p__postsppf__s1
10,model.10,-2.3292945115827024e-05,0.6125732064247131,0.2858902513980865,0.0017004013061523,1.0,0.0759374946355819,e2p__postsppf__s1
11,model.10,0.0010873118881136,0.6054947376251221,0.2869472801685333,0.0002217292785644,1.0,0.0965624973177909,e2p__postsppf__s1
12,model.10,-0.0013579803053289,0.6176464557647705,0.2832286059856415,0.0001088976860046,0.99951171875,0.0968749970197677,e2p__postsppf__s1
13,model.10,5.4036434448789805e-05,0.6167068481445312,0.2886006832122803,0.0002434253692626,0.99951171875,0.0775000005960464,e2p__postsppf__s1
14,model.10,-0.0008330729906447,0.6564456224441528,0.2926473617553711,0.0005092620849609,1.0,0.109375,e2p__postsppf__s1
15,model.10,0.0048216739669442,0.6592174172401428,0.3093778192996979,1.2636184692382812e-05,1.0,0.1628125011920929,e2p__postsppf__s1
16,model.10,-0.0020910988096147,0.6483103036880493,0.2976998090744018,0.0001511573791503,1.0,0.2034374922513961,e2p__postsppf__s1
17,model.10,-0.0010030791163444,0.6555917859077454,0.2909518778324127,1.2099742889404295e-05,1.0,0.2259375005960464,e2p__postsppf__s1
18,model.10,0.0025038083549588,0.6533297300338745,0.3084426820278168,8.046627044677734e-06,1.0,0.2003124952316284,e2p__postsppf__s1
19,model.10,-0.0029746443033218,0.6591102480888367,0.3178834319114685,3.618001937866211e-05,1.0,0.2184374928474426,e2p__postsppf__s1
20,model.10,-0.00084715266712,0.6735976934432983,0.3038580417633056,2.026557922363281e-06,1.0,0.2587499916553497,e2p__postsppf__s1
21,model.10,-0.0003702516842167,0.678657054901123,0.2990244626998901,2.390146255493164e-05,1.0,0.1737499982118606,e2p__postsppf__s1
22,model.10,0.0014837215421721,0.7054896950721741,0.3005105853080749,1.2695789337158205e-05,1.0,0.1921875029802322,e2p__postsppf__s1
23,model.10,-0.0004087057895958,0.7073612809181213,0.3053345382213592,2.682209014892578e-06,1.0,0.2134374976158142,e2p__postsppf__s1
24,model.10,-0.0006012768717482,0.7036967277526855,0.3190857172012329,3.534555435180664e-05,1.0,0.2365624904632568,e2p__postsppf__s1
25,model.10,0.0004847095406148,0.6940096616744995,0.2973977327346802,9.894371032714844e-06,1.0,0.2290624976158142,e2p__postsppf__s1
26,model.10,-0.0002937115496024,0.7067474722862244,0.2945722341537475,0.000251293182373,1.0,0.1756249964237213,e2p__postsppf__s1
27,model.10,-0.0023416900075972,0.7041509747505188,0.2936558127403259,1.2993812561035156e-05,1.0,0.2181250005960464,e2p__postsppf__s1
28,model.10,-0.0002575617399998,0.6943600177764893,0.3252385854721069,3.975629806518555e-05,1.0,0.2331250011920929,e2p__postsppf__s1
29,model.10,-0.0010038616601377,0.7067592740058899,0.296722263097763,1.430511474609375e-06,1.0,0.2043749988079071,e2p__postsppf__s1
30,model.10,0.0028336003888398,0.7072640657424927,0.2948716878890991,0.0001150369644165,1.0,0.2337500005960464,e2p__postsppf__s1
31,model.10,0.0025741492863744,0.7213824987411499,0.2896909117698669,8.463859558105469e-06,1.0,0.2146874964237213,e2p__postsppf__s1
32,model.10,-0.0011158944107592,0.7262089252471924,0.2886124849319458,0.000180959701538,1.0,0.2128124982118606,e2p__postsppf__s1
33,model.10,-0.0011863230029121,0.6967964172363281,0.3230375051498413,4.57763671875e-05,1.0,0.2662499845027923,e2p__postsppf__s1
34,model.10,-0.0006543063209392,0.7129362225532532,0.3017900586128235,3.737211227416992e-05,1.0,0.2562499940395355,e2p__postsppf__s1
35,model.10,-0.0020012066233903,0.6948347091674805,0.3106037974357605,5.561113357543945e-05,1.0,0.2481250017881393,e2p__postsppf__s1
36,model.10,0.0020546442829072,0.710131049156189,0.3182267248630523,4.684925079345703e-05,1.0,0.2671875059604645,e2p__postsppf__s1
37,model.10,-7.06932696630247e-05,0.7281857132911682,0.2910655438899994,2.443790435791016e-06,1.0,0.2874999940395355,e2p__postsppf__s1
38,model.10,-0.0004654801741708,0.6881750226020813,0.3100452423095703,1.6987323760986328e-05,1.0,0.2687499821186065,e2p__postsppf__s1
39,model.10,0.0033207014203071,0.6980280876159668,0.3091914057731628,1.1205673217773438e-05,1.0,0.2699999809265136,e2p__postsppf__s1
40,model.10,0.0014382258523255,0.7030784487724304,0.306704580783844,5.143880844116211e-05,1.0,0.2743749916553497,e2p__postsppf__s1
41,model.10,-0.0013727629557251,0.7158595323562622,0.2928853332996368,0.0001293420791625,1.0,0.2543749809265136,e2p__postsppf__s1
42,model.10,-0.0004304957983549,0.7123730182647705,0.2966945171356201,1.788139343261719e-07,1.0,0.2606250047683716,e2p__postsppf__s1
43,model.10,0.0033365238923579,0.7037307620048523,0.3111331462860107,3.319978713989258e-05,1.0,0.2834374904632568,e2p__postsppf__s1
44,model.10,0.0012750439345836,0.7123110890388489,0.2941233515739441,3.820657730102539e-05,1.0,0.2721875011920929,e2p__postsppf__s1
45,model.10,-0.0022693576756864,0.6984185576438904,0.3254052996635437,0.0001366138458251,1.0,0.2693749964237213,e2p__postsppf__s1
46,model.10,-0.0029828487895429,0.7080938816070557,0.2793270349502563,5.692243576049805e-05,1.0,0.3059374988079071,e2p__postsppf__s1
47,model.10,2.1175495930947363e-05,0.6861253380775452,0.3288652598857879,7.033348083496094e-06,1.0,0.2906250059604645,e2p__postsppf__s1
48,model.10,0.0004408454988151,0.6886642575263977,0.31449955701828,9.5367431640625e-05,1.0,0.3075000047683716,e2p__postsppf__s1
49,model.10,-0.000211588689126,0.6800096035003662,0.3171329498291015,9.953975677490234e-06,1.0,0.3059374988079071,e2p__postsppf__s1
50,model.10,0.0005371769075281,0.7023385167121887,0.3180708289146423,0.0002251863479614,1.0,0.3178125023841858,e2p__postsppf__s1
51,model.10,9.574587238603272e-06,0.6835655570030212,0.3214249610900879,0.0001686811447143,1.0,0.2790624797344208,e2p__postsppf__s1
52,model.10,0.00214563915506,0.7103666663169861,0.3208079934120178,7.748603820800781e-07,1.0,0.2971875071525574,e2p__postsppf__s1
53,model.10,-0.0006129046087153,0.7008535861968994,0.322420060634613,0.0001205205917358,1.0,0.2953124940395355,e2p__postsppf__s1
54,model.10,-0.0017763982759788,0.6927366256713867,0.3270944356918335,0.0002472400665283,1.0,0.3028124868869781,e2p__postsppf__s1
55,model.10,0.0002258089807583,0.7275229692459106,0.2739128172397613,9.459257125854492e-05,1.0,0.2965624928474426,e2p__postsppf__s1
56,model.10,0.0009448719210922,0.7061613202095032,0.3095413446426391,0.0004355907440185,1.0,0.2853125035762787,e2p__postsppf__s1
57,model.10,0.0002246664662379,0.7085124254226685,0.3120587766170501,4.649162292480469e-05,1.0,0.2971875071525574,e2p__postsppf__s1
58,model.10,-0.001764599001035,0.7123962044715881,0.2970103621482849,8.684396743774414e-05,1.0,0.3112500011920929,e2p__postsppf__s1
59,model.10,-0.0004475693567655,0.7155168056488037,0.3011307120323181,0.0001293420791625,1.0,0.3137499988079071,e2p__postsppf__s1
60,model.10,0.0004969405126757,0.7199792265892029,0.3115631341934204,0.0003302097320556,1.0,0.2771874964237213,e2p__postsppf__s1
61,model.10,0.0011498138774186,0.7144457101821899,0.3033385872840881,0.0007410049438476,1.0,0.3121874928474426,e2p__postsppf__s1
62,model.10,2.436239446979016e-05,0.738644540309906,0.2796009182929992,0.0003697872161865,1.0,0.2971875071525574,e2p__postsppf__s1
63,model.10,0.0006770655163563,0.7336075901985168,0.2832983434200287,0.0001660585403442,1.0,0.3087500035762787,e2p__postsppf__s1
64,model.10,0.0004822413902729,0.7394768595695496,0.2821828722953796,0.0008459091186523,1.0,0.2956250011920929,e2p__postsppf__s1
65,model.10,0.0001418689353158,0.7556827664375305,0.2840423583984375,0.0001780986785888,1.0,0.2996875047683716,e2p__postsppf__s1
66,model.10,-0.0008136281976476,0.7349438071250916,0.2915612161159515,0.0002359151840209,1.0,0.3343749940395355,e2p__postsppf__s1
67,model.10,-0.0006346887093968,0.7196321487426758,0.2876101732254028,0.0005931854248046,1.0,0.3128125071525574,e2p__postsppf__s1
68,model.10,-0.0001158914528787,0.7204964756965637,0.3104052543640136,0.0006237030029296,1.0,0.2946874797344208,e2p__postsppf__s1
69,model.10,-0.0003564629878383,0.7240535020828247,0.30979984998703,0.0005745887756347,1.0,0.2974999845027923,e2p__postsppf__s1
70,model.10,0.00073746626731,0.7268559336662292,0.2858650088310241,0.0001123547554016,1.0,0.3703124821186065,e2p__postsppf__s1
71,model.10,0.0020827611442655,0.7284914255142212,0.3226570188999176,0.0004477500915527,1.0,0.3368749916553497,e2p__postsppf__s1
72,model.10,0.0015355083160102,0.7199493050575256,0.3059877157211303,0.0003981590270996,1.0,0.3637499809265136,e2p__postsppf__s1
73,model.10,0.0012993075652047,0.7175489068031311,0.2935747802257538,0.001713752746582,1.0,0.3284375071525574,e2p__postsppf__s1
74,model.10,0.0004854636208619,0.7356391549110413,0.3033407330513,5.4776668548583984e-05,1.0,0.3559374809265136,e2p__postsppf__s1
75,model.10,0.0010249884799122,0.7178709506988525,0.316895455121994,0.0013151168823242,1.0,0.3515625,e2p__postsppf__s1
76,model.10,0.000316435995046,0.7570709586143494,0.2816666960716247,0.0003054141998291,1.0,0.3524999916553497,e2p__postsppf__s1
77,model.10,0.0002660924510564,0.7272939682006836,0.3062167763710022,0.0004076957702636,1.0,0.3468749821186065,e2p__postsppf__s1
78,model.10,0.0009234430035576,0.7527438402175903,0.3010179400444031,0.0009622573852539,1.0,0.3368749916553497,e2p__postsppf__s1
79,model.10,0.001227181055583,0.7341139912605286,0.3261550366878509,0.0002033710479736,1.0,0.3509374856948852,e2p__postsppf__s1
80,model.10,0.0012734992196783,0.7430905103683472,0.2999880909919739,6.556510925292969e-06,1.0,0.3378124833106994,e2p__postsppf__s1
81,model.10,0.0007142139947973,0.7325167655944824,0.310871422290802,8.153915405273438e-05,1.0,0.3234374821186065,e2p__postsppf__s1
82,model.10,0.000950536923483,0.7168987989425659,0.3396281003952026,0.0006537437438964,1.0,0.3928124904632568,e2p__postsppf__s1
83,model.10,0.0005064589786343,0.7389993071556091,0.3008079528808594,3.0994415283203125e-06,1.0,0.3434374928474426,e2p__postsppf__s1
84,model.10,0.0009966361103579,0.7483539581298828,0.2832258641719818,0.0001740455627441,1.0,0.3143749833106994,e2p__postsppf__s1
85,model.10,0.0009599759359844,0.7370136976242065,0.3141332864761352,0.0001523494720458,1.0,0.3487499952316284,e2p__postsppf__s1
86,model.10,0.0019858661107718,0.7292517423629761,0.3050090670585632,7.086992263793945e-05,1.0,0.3312499821186065,e2p__postsppf__s1
87,model.10,0.0014784381492063,0.7189140319824219,0.3158715367317199,6.711483001708984e-05,1.0,0.3459374904632568,e2p__postsppf__s1
88,model.10,0.001001188182272,0.7231870293617249,0.2931642532348633,5.3048133850097656e-05,1.0,0.3178125023841858,e2p__postsppf__s1
89,model.10,0.0013869905378669,0.7224121689796448,0.3025107979774475,6.204843521118164e-05,1.0,0.3234374821186065,e2p__postsppf__s1
90,model.10,0.001777711440809,0.7524016499519348,0.2957191467285156,5.9664249420166016e-05,1.0,0.3021875023841858,e2p__postsppf__s1
91,model.10,0.0019695332739502,0.7354438900947571,0.2993272542953491,0.0008559226989746,1.0,0.3365624845027923,e2p__postsppf__s1
92,model.10,0.0020409799180924,0.7266413569450378,0.3120765686035156,6.920099258422852e-05,1.0,0.3199999928474426,e2p__postsppf__s1
93,model.10,0.002001179382205,0.7486544847488403,0.283049076795578,9.608268737792967e-05,1.0,0.3462499976158142,e2p__postsppf__s1
94,model.10,0.0019732122309505,0.7320044040679932,0.2973045706748962,1.6987323760986328e-05,1.0,0.3231250047683716,e2p__postsppf__s1
95,model.10,0.0026852332521229,0.7206792831420898,0.3082091808319092,4.756450653076172e-05,1.0,0.3340624868869781,e2p__postsppf__s1
96,model.10,0.002866385038942,0.74925696849823,0.2859087586402893,0.0001634359359741,1.0,0.3393749892711639,e2p__postsppf__s1
97,model.10,0.0029097399674355,0.727047324180603,0.308599442243576,0.0005679130554199,1.0,0.3346875011920929,e2p__postsppf__s1
98,model.10,0.0030677593313157,0.7429159283638,0.314139574766159,3.451108932495117e-05,1.0,0.356249988079071,e2p__postsppf__s1
99,model.10,0.0032430321443825,0.7549850344657898,0.2973504960536957,0.0001956224441528,1.0,0.3371874988079071,e2p__postsppf__s1
100,model.10,0.0032430321443825,0.7549850344657898,0.2973504960536957,0.0001956224441528,1.0,0.3371874988079071,e2p__postsppf__s1
0,model.10,1.5602414350723848e-05,0.4829925000667572,0.0761381089687347,0.227783203125,0.83349609375,0.0,e2p__postsppf__s2
1,model.10,-0.0056798197329044,0.5219807028770447,0.2162876427173614,0.07696533203125,0.99658203125,0.0084374994039535,e2p__postsppf__s2
2,model.10,0.0009192946599796,0.5488703846931458,0.2390675991773605,0.0034160614013671,0.98095703125,0.0228124987334013,e2p__postsppf__s2
3,model.10,-0.0013050611596554,0.5260111689567566,0.2383596748113632,0.0049629211425781,0.99755859375,0.0096875000745058,e2p__postsppf__s2
4,model.10,0.0017188894562423,0.5247082710266113,0.2222199141979217,0.0135345458984375,0.99365234375,0.0106250001117587,e2p__postsppf__s2
5,model.10,-0.0029745067004114,0.5435464382171631,0.2396602630615234,0.0041656494140625,0.99462890625,0.0090624997392296,e2p__postsppf__s2
6,model.10,0.0042637498117983,0.5251269340515137,0.2492299228906631,0.0046272277832031,0.99951171875,0.0140624996274709,e2p__postsppf__s2
7,model.10,-0.0002079308178508,0.5318439602851868,0.2551754117012024,0.000521183013916,0.99951171875,0.0587499998509883,e2p__postsppf__s2
8,model.10,0.002921592677012,0.5575544834136963,0.2687890529632568,0.0002002716064453,0.99951171875,0.0640624985098838,e2p__postsppf__s2
9,model.10,-0.0013745288597419,0.5892112851142883,0.2918701469898224,0.0010204315185546,0.99853515625,0.0674999952316284,e2p__postsppf__s2
10,model.10,0.0006178952171467,0.5774907469749451,0.2964656352996826,0.0006313323974609,1.0,0.1099999994039535,e2p__postsppf__s2
11,model.10,0.0003896823909599,0.5903716683387756,0.2688154578208923,0.0001767873764038,0.99951171875,0.1028124988079071,e2p__postsppf__s2
12,model.10,-0.0002051500196103,0.5977259874343872,0.2679868936538696,0.0007295608520507,0.99951171875,0.0909374952316284,e2p__postsppf__s2
13,model.10,0.0011635976843535,0.5942491292953491,0.2926295399665832,0.0031242370605468,0.9990234375,0.0518749989569187,e2p__postsppf__s2
14,model.10,0.0024272708687931,0.6028890609741211,0.2622383832931518,0.0004339218139648,1.0,0.0718749985098838,e2p__postsppf__s2
15,model.10,-0.0025817959103733,0.5912530422210693,0.2518897354602813,0.0016231536865234,1.0,0.0959374979138374,e2p__postsppf__s2
16,model.10,0.0009691989980638,0.580302894115448,0.2875570654869079,0.001810073852539,1.0,0.0981249958276748,e2p__postsppf__s2
17,model.10,0.0011570530477911,0.5799368619918823,0.2694781422615051,0.0006566047668457,0.9990234375,0.1103124991059303,e2p__postsppf__s2
18,model.10,-0.0028625119011849,0.5854794979095459,0.2937799096107483,8.887052536010742e-05,1.0,0.0906249955296516,e2p__postsppf__s2
19,model.10,0.0006886000046506,0.6083762049674988,0.3063370585441589,4.0531158447265625e-06,0.99951171875,0.0909374952316284,e2p__postsppf__s2
20,model.10,-0.0001639407128095,0.6008182168006897,0.2766656875610351,0.000476598739624,0.99951171875,0.1103124991059303,e2p__postsppf__s2
21,model.10,-0.0012752838665619,0.587160587310791,0.3024072051048279,4.649162292480469e-05,0.9990234375,0.0981249958276748,e2p__postsppf__s2
22,model.10,0.0031949791591614,0.5831056833267212,0.3247679471969604,2.568960189819336e-05,1.0,0.1284375041723251,e2p__postsppf__s2
23,model.10,-0.0039768954738974,0.6065982580184937,0.2993266880512237,7.987022399902344e-06,0.9990234375,0.1218749955296516,e2p__postsppf__s2
24,model.10,-0.0027894510421901,0.5887226462364197,0.3252751529216766,3.594160079956055e-05,1.0,0.1681250035762787,e2p__postsppf__s2
25,model.10,0.0029055951163172,0.5984998345375061,0.2741948664188385,5.9664249420166016e-05,0.99951171875,0.1793749928474426,e2p__postsppf__s2
26,model.10,0.0003182126965839,0.6122215986251831,0.3113294839859009,0.000251293182373,1.0,0.1359374970197677,e2p__postsppf__s2
27,model.10,0.0005044207791797,0.6176605224609375,0.3173432052135467,7.867813110351562e-06,1.0,0.1843750029802322,e2p__postsppf__s2
28,model.10,0.0028146470431238,0.6205433011054993,0.3136532008647918,2.193450927734375e-05,1.0,0.1243750005960464,e2p__postsppf__s2
29,model.10,-0.002254469320178,0.640890896320343,0.3166893124580383,1.633167266845703e-05,1.0,0.1343749910593032,e2p__postsppf__s2
30,model.10,-2.6578323740977797e-05,0.6211080551147461,0.3267855048179626,0.0004239082336425,1.0,0.1424999982118606,e2p__postsppf__s2
31,model.10,0.0027698094490915,0.6309089064598083,0.3196460008621216,4.649162292480469e-05,1.0,0.1296875029802322,e2p__postsppf__s2
32,model.10,-0.0020753077697008,0.6327406764030457,0.3045281171798706,9.834766387939451e-06,1.0,0.1184374988079071,e2p__postsppf__s2
33,model.10,-3.743200431927107e-05,0.6156671643257141,0.3024551570415497,0.0003199577331542,1.0,0.1568749994039535,e2p__postsppf__s2
34,model.10,0.0028989205602556,0.6361122131347656,0.2884064316749573,5.066394805908203e-06,1.0,0.1850000023841858,e2p__postsppf__s2
35,model.10,0.0017351659480482,0.6408201456069946,0.2766372561454773,4.76837158203125e-07,1.0,0.1856250017881393,e2p__postsppf__s2
36,model.10,-0.0008236708235926,0.6020230054855347,0.3384043872356415,2.646446228027344e-05,1.0,0.194374993443489,e2p__postsppf__s2
37,model.10,-0.0006284989067353,0.6267275214195251,0.3050786554813385,3.2782554626464844e-06,1.0,0.2062499970197677,e2p__postsppf__s2
38,model.10,0.0009094793931581,0.635212779045105,0.3043519854545593,1.3113021850585938e-05,1.0,0.1715624928474426,e2p__postsppf__s2
39,model.10,0.0006795207154937,0.6355574131011963,0.3280843496322632,1.0788440704345705e-05,1.0,0.1953125,e2p__postsppf__s2
40,model.10,-0.0010225421283394,0.6320760846138,0.3156595826148987,1.0371208190917969e-05,1.0,0.1574999988079071,e2p__postsppf__s2
41,model.10,0.0001823078055167,0.6431286334991455,0.3196765780448913,2.54511833190918e-05,1.0,0.1656249910593032,e2p__postsppf__s2
42,model.10,0.0003458584833424,0.633860170841217,0.32135009765625,7.599592208862305e-05,1.0,0.1706250011920929,e2p__postsppf__s2
43,model.10,-0.0006345746223814,0.6502314805984497,0.294329285621643,1.728534698486328e-06,1.0,0.1893749982118606,e2p__postsppf__s2
44,model.10,-0.0006182909128256,0.6611176133155823,0.3006211221218109,1.0848045349121094e-05,1.0,0.1990624964237213,e2p__postsppf__s2
45,model.10,-0.0005645447527058,0.6527062654495239,0.297599732875824,5.364418029785156e-07,1.0,0.2159374952316284,e2p__postsppf__s2
46,model.10,0.0014405167894437,0.6537864804267883,0.313920646905899,0.0005397796630859,1.0,0.1884374916553497,e2p__postsppf__s2
47,model.10,0.0010303144808858,0.6501201391220093,0.3199093639850616,6.35385513305664e-05,1.0,0.1981249898672104,e2p__postsppf__s2
48,model.10,0.000431270658737,0.6753614544868469,0.2604782283306122,2.6226043701171875e-06,1.0,0.1896874904632568,e2p__postsppf__s2
49,model.10,0.0004381857288535,0.638736367225647,0.3024914562702179,0.0001442432403564,1.0,0.2124999910593032,e2p__postsppf__s2
50,model.10,-6.0809448768850416e-05,0.6523991227149963,0.2989242970943451,3.349781036376953e-05,1.0,0.155312493443489,e2p__postsppf__s2
51,model.10,0.0012640997301787,0.6556679606437683,0.3138552606105804,5.346536636352539e-05,1.0,0.1578124910593032,e2p__postsppf__s2
52,model.10,-0.0002568058553151,0.6445304751396179,0.3014588952064514,4.434585571289063e-05,1.0,0.2003124952316284,e2p__postsppf__s2
53,model.10,-0.0002906017471104,0.6509492993354797,0.3077017068862915,8.887052536010742e-05,1.0,0.1821874976158142,e2p__postsppf__s2
54,model.10,-0.0002863382687792,0.6492998600006104,0.2968043088912964,3.761053085327149e-05,1.0,0.2159374952316284,e2p__postsppf__s2
55,model.10,-0.0004939343780279,0.6551483273506165,0.3130484819412231,0.0001273155212402,1.0,0.1856250017881393,e2p__postsppf__s2
56,model.10,0.0017528889002278,0.6532391309738159,0.3351026773452759,6.157159805297852e-05,1.0,0.1890624910593032,e2p__postsppf__s2
57,model.10,0.0017028938746079,0.6679977178573608,0.2965258955955505,4.410743713378906e-06,1.0,0.1781249940395355,e2p__postsppf__s2
58,model.10,0.0007243328145705,0.6697794198989868,0.2950265109539032,9.834766387939451e-06,1.0,0.1759374886751175,e2p__postsppf__s2
59,model.10,-0.0001439374318579,0.679684042930603,0.304106593132019,1.0132789611816406e-06,1.0,0.1875,e2p__postsppf__s2
60,model.10,-0.0002668075321707,0.6470481753349304,0.3126887083053589,0.0001559257507324,1.0,0.2025000005960464,e2p__postsppf__s2
61,model.10,0.0006838956614956,0.6594664454460144,0.3112455308437347,0.0002737045288085,1.0,0.1837499886751175,e2p__postsppf__s2
62,model.10,0.0001530937879579,0.6602815389633179,0.2884825468063354,8.761882781982422e-06,1.0,0.217812493443489,e2p__postsppf__s2
63,model.10,0.0024979838635772,0.6564323902130127,0.3033889830112457,4.83393669128418e-05,1.0,0.2084375023841858,e2p__postsppf__s2
64,model.10,0.0028365771286189,0.6691099405288696,0.2952736914157867,1.5795230865478516e-05,1.0,0.2081249952316284,e2p__postsppf__s2
65,model.10,-0.0001586963480804,0.6737444996833801,0.3034687042236328,0.0002591609954833,1.0,0.2512499988079071,e2p__postsppf__s2
66,model.10,0.0005968167679384,0.6738055944442749,0.2919292449951172,0.0005035400390625,1.0,0.233437493443489,e2p__postsppf__s2
67,model.10,0.0024833756033331,0.6613480448722839,0.3170927762985229,2.372264862060547e-05,1.0,0.2328124940395355,e2p__postsppf__s2
68,model.10,0.000441951357061,0.6873487830162048,0.3080210387706756,7.748603820800781e-07,1.0,0.2203124910593032,e2p__postsppf__s2
69,model.10,0.0004040933854412,0.6805756092071533,0.2885998487472534,9.316205978393556e-05,1.0,0.225624993443489,e2p__postsppf__s2
70,model.10,0.0012264493852853,0.6791131496429443,0.2819749414920807,1.8477439880371092e-06,1.0,0.2456249892711639,e2p__postsppf__s2
71,model.10,0.0033842553384602,0.6794518828392029,0.3207283616065979,0.0009398460388183,1.0,0.209999993443489,e2p__postsppf__s2
72,model.10,0.0022697432432323,0.68553227186203,0.3042882978916168,6.252527236938477e-05,1.0,0.2481250017881393,e2p__postsppf__s2
73,model.10,0.0017195612890645,0.6777128577232361,0.3222520351409912,3.159046173095703e-06,1.0,0.223437488079071,e2p__postsppf__s2
74,model.10,0.0004877647734247,0.6954246163368225,0.2946380972862243,2.562999725341797e-06,1.0,0.1996874958276748,e2p__postsppf__s2
75,model.10,0.000286587543087,0.675247848033905,0.3066778481006622,8.344650268554688e-07,1.0,0.2271874994039535,e2p__postsppf__s2
76,model.10,0.0015529125230386,0.6833025813102722,0.3157205581665039,1.5497207641601562e-06,1.0,0.2043749988079071,e2p__postsppf__s2
77,model.10,0.001105592935346,0.6586933732032776,0.2995296716690063,0.0002359151840209,1.0,0.2199999988079071,e2p__postsppf__s2
78,model.10,0.0002641100436449,0.6906646490097046,0.2913539409637451,8.285045623779297e-05,1.0,0.2318749874830246,e2p__postsppf__s2
79,model.10,0.0016804633196443,0.659584641456604,0.3128298819065094,1.9073486328125e-06,1.0,0.2434374988079071,e2p__postsppf__s2
80,model.10,0.0017834411701187,0.6775259971618652,0.272196501493454,0.0006165504455566,1.0,0.2296874970197677,e2p__postsppf__s2
81,model.10,0.0017168029444292,0.6691278219223022,0.3005223274230957,3.11732292175293e-05,1.0,0.2446874976158142,e2p__postsppf__s2
82,model.10,0.0019836737774312,0.6701167225837708,0.2775097489356994,0.0001159310340881,1.0,0.2765624821186065,e2p__postsppf__s2
83,model.10,0.0026390159036964,0.6732218861579895,0.3151443600654602,0.0002323389053344,1.0,0.2590624988079071,e2p__postsppf__s2
84,model.10,0.0027614505961537,0.6718603372573853,0.3182464838027954,4.363059997558594e-05,1.0,0.2778124809265136,e2p__postsppf__s2
85,model.10,0.0029226918704807,0.685979425907135,0.2897117137908935,5.900859832763672e-06,1.0,0.2562499940395355,e2p__postsppf__s2
86,model.10,0.0030553024262189,0.6632443070411682,0.322399228811264,5.269050598144531e-05,1.0,0.2231249958276748,e2p__postsppf__s2
87,model.10,0.0024203900247812,0.6639793515205383,0.3173614144325256,4.684925079345703e-05,1.0,0.2471874952316284,e2p__postsppf__s2
88,model.10,0.0026594384107738,0.6809186935424805,0.302222728729248,1.2516975402832031e-06,1.0,0.2690624892711639,e2p__postsppf__s2
89,model.10,0.0026898947544395,0.6592109799385071,0.3268997073173523,6.35385513305664e-05,1.0,0.2262499928474426,e2p__postsppf__s2
90,model.10,0.0031959905754774,0.6791218519210815,0.3121530711650848,6.496906280517578e-06,1.0,0.2474999874830246,e2p__postsppf__s2
91,model.10,0.0042475662194192,0.6648081541061401,0.310849666595459,6.556510925292969e-07,1.0,0.2121874988079071,e2p__postsppf__s2
92,model.10,0.0048036337830126,0.6745182871818542,0.3116913437843323,1.806020736694336e-05,1.0,0.2268749922513961,e2p__postsppf__s2
93,model.10,0.0054249791428446,0.6762522459030151,0.3146373927593231,0.0002694129943847,1.0,0.209999993443489,e2p__postsppf__s2
94,model.10,0.0057208021171391,0.6713921427726746,0.2889919877052307,0.0004255771636962,1.0,0.2209374904632568,e2p__postsppf__s2
95,model.10,0.0061468472704291,0.6662291288375854,0.3052648901939392,5.692243576049805e-05,1.0,0.2362499982118606,e2p__postsppf__s2
96,model.10,0.0066093993373215,0.6712969541549683,0.3031807839870453,7.808208465576172e-06,1.0,0.2396874874830246,e2p__postsppf__s2
97,model.10,0.006814831867814,0.6763864159584045,0.3277908563613891,6.401538848876953e-05,1.0,0.2321874946355819,e2p__postsppf__s2
98,model.10,0.0072005088441073,0.674240231513977,0.2934988737106323,5.3882598876953125e-05,1.0,0.2246875017881393,e2p__postsppf__s2
99,model.10,0.0074186227284371,0.6790273785591125,0.3196822106838226,2.819299697875977e-05,1.0,0.2159374952316284,e2p__postsppf__s2
100,model.10,0.0074186227284371,0.6790273785591125,0.3196822106838226,2.819299697875977e-05,1.0,0.2159374952316284,e2p__postsppf__s2
0,model.10,-0.0008752560825087,0.5474736094474792,0.0807662084698677,0.1766357421875,0.873046875,0.0,e2p__postsppf__s3
1,model.10,-0.0029950682073831,0.5446447134017944,0.2079196870326995,0.0030879974365234,0.96923828125,0.0015624999068677,e2p__postsppf__s3
2,model.10,0.0007005092338658,0.550977885723114,0.2293280065059662,4.166364669799805e-05,0.98388671875,0.0246874988079071,e2p__postsppf__s3
3,model.10,0.0005334941088221,0.5656430721282959,0.2593626976013183,0.0006513595581054,0.99169921875,0.0218749996274709,e2p__postsppf__s3
4,model.10,-8.78509454196319e-05,0.5850619673728943,0.2301848530769348,0.0001559257507324,0.99560546875,0.0274999998509883,e2p__postsppf__s3
5,model.10,0.0008484435966238,0.6032093167304993,0.2608326077461242,3.0934810638427734e-05,0.99609375,0.0287499986588954,e2p__postsppf__s3
6,model.10,-0.0004540419322438,0.6169831156730652,0.2487141340970993,0.0044670104980468,0.99853515625,0.0240624994039535,e2p__postsppf__s3
7,model.10,0.00092706119176,0.6544075012207031,0.2290096580982208,1.7762184143066406e-05,0.99951171875,0.0265624988824129,e2p__postsppf__s3
8,model.10,0.0008356717298738,0.6518589854240417,0.2327485531568527,0.0006904602050781,0.99951171875,0.0465625002980232,e2p__postsppf__s3
9,model.10,-0.0021097289863973,0.6440041065216064,0.250878244638443,0.0010480880737304,0.99951171875,0.0778125002980232,e2p__postsppf__s3
10,model.10,0.0040203495882451,0.6628775000572205,0.2561693787574768,0.0006265640258789,1.0,0.0790624991059303,e2p__postsppf__s3
11,model.10,-0.0007997711654752,0.7079908847808838,0.2404123693704605,0.0017890930175781,1.0,0.0681250020861625,e2p__postsppf__s3
12,model.10,0.0018111768877133,0.6996287107467651,0.2728170752525329,0.0035934448242187,1.0,0.0871874988079071,e2p__postsppf__s3
13,model.10,0.0012704987311735,0.7162765860557556,0.2220057249069214,0.0013513565063476,1.0,0.0756249949336052,e2p__postsppf__s3
14,model.10,0.0014075859216973,0.7055583000183105,0.247719407081604,0.0001499652862548,1.0,0.1087500005960464,e2p__postsppf__s3
15,model.10,0.0025927671231329,0.7176408171653748,0.2351656258106231,0.01837158203125,1.0,0.0850000008940696,e2p__postsppf__s3
16,model.10,-0.0001515547628514,0.7346559166908264,0.2455288767814636,0.0015363693237304,1.0,0.1509374976158142,e2p__postsppf__s3
17,model.10,0.0010291325161233,0.7263549566268921,0.2531457543373108,0.0036067962646484,1.0,0.1687500029802322,e2p__postsppf__s3
18,model.10,0.00131232640706,0.7402075529098511,0.2436838448047638,0.0006046295166015,1.0,0.1518749892711639,e2p__postsppf__s3
19,model.10,0.0010131063172593,0.7486271262168884,0.2538086175918579,0.0007524490356445,0.99951171875,0.1299999952316284,e2p__postsppf__s3
20,model.10,0.0030589215457439,0.7286185026168823,0.2620867192745209,0.0070648193359375,1.0,0.1487499922513961,e2p__postsppf__s3
21,model.10,0.0003023752360604,0.7196832895278931,0.2873923778533935,0.0003125667572021,1.0,0.1568749994039535,e2p__postsppf__s3
22,model.10,0.0032928206492215,0.7103315591812134,0.2927704751491546,7.31348991394043e-05,1.0,0.1987499892711639,e2p__postsppf__s3
23,model.10,-0.0004221138951834,0.6990760564804077,0.3236169517040252,3.427267074584961e-05,1.0,0.2071874886751175,e2p__postsppf__s3
24,model.10,8.052799239521846e-05,0.7017784118652344,0.2773602604866028,5.1021575927734375e-05,1.0,0.2012500017881393,e2p__postsppf__s3
25,model.10,0.0020714907441288,0.7185912728309631,0.2909869849681854,3.5762786865234375e-07,1.0,0.1846874952316284,e2p__postsppf__s3
26,model.10,0.0014383015222847,0.7044387459754944,0.296417772769928,0.00083589553833,1.0,0.1774999946355819,e2p__postsppf__s3
27,model.10,0.0016452047275379,0.741779625415802,0.2651671767234802,7.599592208862305e-05,1.0,0.1768749952316284,e2p__postsppf__s3
28,model.10,0.0024336560163646,0.7250898480415344,0.2790124714374542,5.692243576049805e-05,1.0,0.1790625005960464,e2p__postsppf__s3
29,model.10,0.0030121442396193,0.7493387460708618,0.2707636058330536,1.132488250732422e-05,1.0,0.2096875011920929,e2p__postsppf__s3
30,model.10,0.0043971021659672,0.7390573620796204,0.299641340970993,0.0004389286041259,1.0,0.2325000017881393,e2p__postsppf__s3
31,model.10,-0.0015740864910185,0.7272259593009949,0.2867933511734009,1.7881393432617188e-06,1.0,0.2296874970197677,e2p__postsppf__s3
32,model.10,0.0031608119606971,0.729293167591095,0.2780490219593048,1.0609626770019531e-05,1.0,0.2371874898672104,e2p__postsppf__s3
33,model.10,0.0024096332490444,0.7480499148368835,0.2893280386924743,0.0003354549407958,1.0,0.2637499868869781,e2p__postsppf__s3
34,model.10,-0.0007040768978185,0.7466926574707031,0.295170247554779,0.0005617141723632,1.0,0.2981249988079071,e2p__postsppf__s3
35,model.10,0.0006374205113388,0.7424084544181824,0.2735424637794494,0.0001114606857299,1.0,0.3315624892711639,e2p__postsppf__s3
36,model.10,0.0009427105542272,0.7615340948104858,0.2473410069942474,0.0006513595581054,1.0,0.2915624976158142,e2p__postsppf__s3
37,model.10,0.0034189051948487,0.7453811764717102,0.2794010639190674,1.519918441772461e-05,1.0,0.2821874916553497,e2p__postsppf__s3
38,model.10,0.003600490745157,0.7709847688674927,0.2609534859657287,3.707408905029297e-05,1.0,0.2590624988079071,e2p__postsppf__s3
39,model.10,0.005829953122884,0.7387096881866455,0.2817659974098205,0.0001713037490844,1.0,0.3349999785423279,e2p__postsppf__s3
40,model.10,0.004812610335648,0.7693537473678589,0.2653180658817291,0.0026531219482421,1.0,0.317187488079071,e2p__postsppf__s3
41,model.10,0.0061858370900154,0.7671432495117188,0.2362310737371444,0.0006666183471679,1.0,0.3421874940395355,e2p__postsppf__s3
42,model.10,0.0085227200761437,0.7481313943862915,0.2898474335670471,0.0002199411392211,1.0,0.3046875,e2p__postsppf__s3
43,model.10,0.0067614875733852,0.7403785586357117,0.2943497598171234,0.0006985664367675,1.0,0.3762499988079071,e2p__postsppf__s3
44,model.10,0.0036361971870064,0.7639011740684509,0.2652835249900818,0.0042152404785156,1.0,0.3878124952316284,e2p__postsppf__s3
45,model.10,0.0014456722419708,0.7436031699180603,0.3167189955711365,0.001774787902832,1.0,0.3903124928474426,e2p__postsppf__s3
46,model.10,0.0028206568676978,0.7708171010017395,0.2600478827953338,0.0004477500915527,1.0,0.421875,e2p__postsppf__s3
47,model.10,0.0060136276297271,0.7580962777137756,0.2806426286697387,0.015899658203125,1.0,0.3621875047683716,e2p__postsppf__s3
48,model.10,0.002343671163544,0.7779629230499268,0.2707963287830353,0.0065879821777343,1.0,0.3615624904632568,e2p__postsppf__s3
49,model.10,0.000389006541809,0.7656596302986145,0.2665445804595947,0.0019874572753906,1.0,0.3853124976158142,e2p__postsppf__s3
50,model.10,0.0023459265939891,0.7461065649986267,0.301778495311737,0.0013198852539062,1.0,0.390625,e2p__postsppf__s3
51,model.10,0.0022448759991675,0.761151134967804,0.2867313027381897,0.0044174194335937,1.0,0.3915624916553497,e2p__postsppf__s3
52,model.10,0.0038927942514419,0.7459673881530762,0.2914218306541443,0.0016870498657226,1.0,0.3878124952316284,e2p__postsppf__s3
53,model.10,0.0040024979971349,0.7467542886734009,0.281228095293045,0.0071220397949218,1.0,0.3334375023841858,e2p__postsppf__s3
54,model.10,0.005916278809309,0.7898266315460205,0.2590226531028747,0.0567626953125,1.0,0.3824999928474426,e2p__postsppf__s3
55,model.10,0.0058302613906562,0.7942057847976685,0.2624545097351074,0.0162200927734375,1.0,0.4156249761581421,e2p__postsppf__s3
56,model.10,0.0072136260569095,0.7746252417564392,0.2839125692844391,0.011505126953125,1.0,0.4106249809265136,e2p__postsppf__s3
57,model.10,0.0069127520546317,0.7936679720878601,0.2680375576019287,0.0082168579101562,1.0,0.4081249833106994,e2p__postsppf__s3
58,model.10,0.0078818490728735,0.7897642254829407,0.2781216204166412,0.015899658203125,1.0,0.403124988079071,e2p__postsppf__s3
59,model.10,0.0061932234093546,0.7947262525558472,0.2621448934078216,0.0174407958984375,1.0,0.4140625,e2p__postsppf__s3
60,model.10,0.0063552879728376,0.7819505929946899,0.2778395116329193,0.020172119140625,1.0,0.4068749845027923,e2p__postsppf__s3
61,model.10,0.0066362214274704,0.730500340461731,0.2794522643089294,0.022674560546875,1.0,0.3778125047683716,e2p__postsppf__s3
62,model.10,0.0073399832472205,0.788164496421814,0.2668514251708984,0.0228424072265625,1.0,0.4359374940395355,e2p__postsppf__s3
63,model.10,0.0081843268126249,0.7667933702468872,0.279821366071701,0.0225372314453125,1.0,0.3946875035762787,e2p__postsppf__s3
64,model.10,0.0079492721706628,0.7852066159248352,0.2745519578456878,0.023101806640625,1.0,0.4340624809265136,e2p__postsppf__s3
65,model.10,0.0074444934725761,0.7886021733283997,0.2783573269844055,0.021209716796875,1.0,0.4253124892711639,e2p__postsppf__s3
66,model.10,0.0098740309476852,0.8002139925956726,0.2621901333332062,0.0261077880859375,1.0,0.4181250035762787,e2p__postsppf__s3
67,model.10,0.0116780810058116,0.7788398861885071,0.2920117378234863,0.03582763671875,1.0,0.4387499988079071,e2p__postsppf__s3
68,model.10,0.0112626459449529,0.7901762127876282,0.2696557939052582,0.0460205078125,1.0,0.4084374904632568,e2p__postsppf__s3
69,model.10,0.012259854003787,0.7832649350166321,0.2785351872444153,0.034698486328125,1.0,0.4115625023841858,e2p__postsppf__s3
70,model.10,0.011412794701755,0.7673915028572083,0.2741123139858246,0.0233306884765625,1.0,0.3965624868869781,e2p__postsppf__s3
71,model.10,0.0122491782531142,0.7691564559936523,0.284389317035675,0.0141754150390625,1.0,0.3843750059604645,e2p__postsppf__s3
72,model.10,0.0151242893189191,0.8279861211776733,0.2290949523448944,0.0248870849609375,1.0,0.4165624976158142,e2p__postsppf__s3
73,model.10,0.0154364267364144,0.7962235808372498,0.2591739296913147,0.0282135009765625,1.0,0.4087499976158142,e2p__postsppf__s3
74,model.10,0.0140608958899974,0.8227781653404236,0.2422454953193664,0.04681396484375,1.0,0.4309374988079071,e2p__postsppf__s3
75,model.10,0.0155936414375901,0.7897785902023315,0.2698380649089813,0.03985595703125,1.0,0.4246875047683716,e2p__postsppf__s3
76,model.10,0.0154880220070481,0.7846705317497253,0.2786256968975067,0.035400390625,1.0,0.4290624856948852,e2p__postsppf__s3
77,model.10,0.0170461684465408,0.7915856838226318,0.2424995005130767,0.0455322265625,1.0,0.4053124785423279,e2p__postsppf__s3
78,model.10,0.016050873324275,0.8428504467010498,0.2290101051330566,0.06231689453125,1.0,0.4462499916553497,e2p__postsppf__s3
79,model.10,0.0166123453527688,0.8088318705558777,0.2455663084983825,0.0255126953125,1.0,0.4415625035762787,e2p__postsppf__s3
80,model.10,0.0167482458055019,0.8172146677970886,0.2390554845333099,0.043853759765625,1.0,0.4253124892711639,e2p__postsppf__s3
81,model.10,0.0175462346524,0.7992832064628601,0.2432475090026855,0.0328369140625,1.0,0.4293749928474426,e2p__postsppf__s3
82,model.10,0.0187971461564302,0.8213258385658264,0.2353280484676361,0.049041748046875,1.0,0.4315624833106994,e2p__postsppf__s3
83,model.10,0.0194734204560518,0.8303767442703247,0.2277533710002899,0.050048828125,1.0,0.4449999928474426,e2p__postsppf__s3
84,model.10,0.0194377955049276,0.8016786575317383,0.2549941539764404,0.036346435546875,1.0,0.3990624845027923,e2p__postsppf__s3
85,model.10,0.0200975406914949,0.8308582305908203,0.2374559640884399,0.0233306884765625,1.0,0.4696874916553497,e2p__postsppf__s3
86,model.10,0.0201771650463342,0.7954494953155518,0.2528039515018463,0.027374267578125,1.0,0.4356249868869781,e2p__postsppf__s3
87,model.10,0.021399101242423,0.7901875376701355,0.2651147842407226,0.0235595703125,1.0,0.406562477350235,e2p__postsppf__s3
88,model.10,0.0223663039505481,0.83293616771698,0.2236153185367584,0.054107666015625,1.0,0.4159374833106994,e2p__postsppf__s3
89,model.10,0.0227837022393941,0.8365790843963623,0.2119881808757782,0.0413818359375,1.0,0.429999977350235,e2p__postsppf__s3
90,model.10,0.0231363233178854,0.77527916431427,0.2712300717830658,0.0489501953125,1.0,0.3818749785423279,e2p__postsppf__s3
91,model.10,0.0232873018831014,0.8227810263633728,0.2318167984485626,0.040374755859375,1.0,0.4312499761581421,e2p__postsppf__s3
92,model.10,0.0242203883826732,0.8187686800956726,0.2411850243806839,0.06805419921875,1.0,0.4212499856948852,e2p__postsppf__s3
93,model.10,0.0246827322989702,0.7930677533149719,0.2423231303691864,0.034759521484375,1.0,0.3606249988079071,e2p__postsppf__s3
94,model.10,0.0248102229088544,0.8122919797897339,0.2516930103302002,0.03582763671875,1.0,0.4318749904632568,e2p__postsppf__s3
95,model.10,0.0250895507633686,0.8245262503623962,0.2244682759046554,0.050506591796875,1.0,0.4296875,e2p__postsppf__s3
96,model.10,0.025249196216464,0.7796671986579895,0.2520569562911987,0.04595947265625,1.0,0.4099999964237213,e2p__postsppf__s3
97,model.10,0.0254885219037532,0.8111826777458191,0.2337484061717987,0.040924072265625,1.0,0.4159374833106994,e2p__postsppf__s3
98,model.10,0.0256272535771131,0.7891151309013367,0.256693035364151,0.043701171875,1.0,0.3890624940395355,e2p__postsppf__s3
99,model.10,0.0258290544152259,0.8295501470565796,0.2248064577579498,0.040313720703125,1.0,0.4246875047683716,e2p__postsppf__s3
100,model.10,0.0258290544152259,0.8295501470565796,0.2248064577579498,0.040313720703125,1.0,0.4246875047683716,e2p__postsppf__s3
0,model.10,-0.0017672234680503,0.5453897714614868,0.0694116652011871,0.30615234375,0.86474609375,0.0,e6p__lam-1e-4__s1
1,model.10,-0.0037243997212499,0.5304312109947205,0.1515494436025619,0.148681640625,0.9931640625,0.0034374999813735,e6p__lam-1e-4__s1
2,model.10,0.0007740330765955,0.5599411129951477,0.2627214789390564,0.0001333951950073,0.99755859375,0.0231250002980232,e6p__lam-1e-4__s1
3,model.10,-0.0012532245600596,0.5724969506263733,0.2755106687545776,0.001896858215332,0.99072265625,0.0149999996647238,e6p__lam-1e-4__s1
4,model.10,0.0013127741403877,0.6095405220985413,0.2431681603193283,0.0017271041870117,0.99658203125,0.0218749996274709,e6p__lam-1e-4__s1
5,model.10,-2.481350020389073e-05,0.6212761998176575,0.2468854933977127,0.0004205703735351,0.9951171875,0.0393749997019767,e6p__lam-1e-4__s1
6,model.10,0.0018492067465558,0.6372225284576416,0.2137849330902099,0.0026206970214843,0.994140625,0.0115625001490116,e6p__lam-1e-4__s1
7,model.10,0.0011197762796655,0.6447358727455139,0.2046364545822143,0.0110702514648437,0.9990234375,0.014687499962747,e6p__lam-1e-4__s1
8,model.10,-0.0003462305176071,0.6626415252685547,0.176080122590065,0.0119171142578125,0.99853515625,0.0087500000372529,e6p__lam-1e-4__s1
9,model.10,-0.0006703656399622,0.6860891580581665,0.1561225056648254,0.09075927734375,0.9814453125,0.000312499993015,e6p__lam-1e-4__s1
10,model.10,0.002030024304986,0.6868308186531067,0.1580360978841781,0.0089492797851562,0.99267578125,0.0056249997578561,e6p__lam-1e-4__s1
11,model.10,-0.0021263670641928,0.7002954483032227,0.1958802044391632,0.0010042190551757,0.98974609375,0.0071874996647238,e6p__lam-1e-4__s1
12,model.10,0.0019124811515212,0.7289382815361023,0.1751026213169098,0.0057754516601562,0.98974609375,0.0112499995157122,e6p__lam-1e-4__s1
13,model.10,-0.0010682062711566,0.7488488554954529,0.1276689767837524,0.047088623046875,0.98583984375,0.0012499999720603,e6p__lam-1e-4__s1
14,model.10,0.001069672522135,0.7571077346801758,0.1443631649017334,0.0236968994140625,0.990234375,0.002812499878928,e6p__lam-1e-4__s1
15,model.10,0.0009974343702197,0.7613714337348938,0.1436785161495208,0.03662109375,0.99365234375,0.0084374994039535,e6p__lam-1e-4__s1
16,model.10,-0.0007853102288208,0.7766280174255371,0.1324634104967117,0.026153564453125,0.98974609375,0.0049999998882412,e6p__lam-1e-4__s1
17,model.10,0.0012900944566354,0.7967759370803833,0.1130883395671844,0.09368896484375,0.99755859375,0.0121874995529651,e6p__lam-1e-4__s1
18,model.10,-0.0002969947527162,0.8197236657142639,0.1217418015003204,0.10577392578125,0.99365234375,0.0137499999254941,e6p__lam-1e-4__s1
19,model.10,0.0013505223905667,0.830128014087677,0.1061912178993225,0.12347412109375,0.99755859375,0.0168749988079071,e6p__lam-1e-4__s1
20,model.10,0.0002049247559625,0.85202956199646,0.1057586073875427,0.034942626953125,0.998046875,0.0287499986588954,e6p__lam-1e-4__s1
21,model.10,0.0014756247401237,0.8662576079368591,0.0818773657083511,0.12890625,0.99853515625,0.042187500745058,e6p__lam-1e-4__s1
22,model.10,-0.0016364427283406,0.8793006539344788,0.0850937068462371,0.07489013671875,0.99609375,0.0374999977648258,e6p__lam-1e-4__s1
23,model.10,-0.0007926216349005,0.867280125617981,0.1461216062307357,0.0147857666015625,0.99853515625,0.1084375008940696,e6p__lam-1e-4__s1
24,model.10,0.001463477849029,0.8946179151535034,0.1016378551721572,0.130615234375,0.99951171875,0.1206249967217445,e6p__lam-1e-4__s1
25,model.10,0.0043571135029196,0.8828684687614441,0.1266282647848129,0.0222930908203125,1.0,0.2953124940395355,e6p__lam-1e-4__s1
26,model.10,0.0005189942312426,0.8646966218948364,0.2036946564912796,0.0016040802001953,1.0,0.390937477350235,e6p__lam-1e-4__s1
27,model.10,0.0016125006368383,0.916662573814392,0.1118348762392997,0.0150146484375,1.0,0.3306249976158142,e6p__lam-1e-4__s1
28,model.10,0.001752569573,0.9206303954124452,0.121852658689022,0.040313720703125,1.0,0.3918749988079071,e6p__lam-1e-4__s1
29,model.10,0.0004102464299649,0.9369227290153505,0.0890273004770279,0.103759765625,1.0,0.4287499785423279,e6p__lam-1e-4__s1
30,model.10,0.0005180488806217,0.943781554698944,0.0813416019082069,0.1593017578125,1.0,0.4424999952316284,e6p__lam-1e-4__s1
31,model.10,0.0012310101883485,0.9549115300178528,0.0649297907948494,0.34765625,1.0,0.4840624928474426,e6p__lam-1e-4__s1
32,model.10,0.0028643568512052,0.953278124332428,0.0680757462978363,0.363525390625,1.0,0.5121874809265137,e6p__lam-1e-4__s1
33,model.10,0.0002274755825055,0.9352113008499146,0.0972982868552208,0.0101699829101562,1.0,0.5234375,e6p__lam-1e-4__s1
34,model.10,-0.0019762085285037,0.9430625438690186,0.0984207987785339,0.0863037109375,1.0,0.5274999737739563,e6p__lam-1e-4__s1
35,model.10,0.0004987380234524,0.9656704664230348,0.0570729076862335,0.1563720703125,1.0,0.6221874952316284,e6p__lam-1e-4__s1
36,model.10,0.0038709065411239,0.9319148063659668,0.1313141584396362,0.0247955322265625,1.0,0.5428124666213989,e6p__lam-1e-4__s1
37,model.10,0.0025320609565824,0.9263972043991088,0.1265285462141037,0.0059127807617187,1.0,0.5799999833106995,e6p__lam-1e-4__s1
38,model.10,0.0020134355872869,0.9522770643234252,0.0845090299844741,0.08477783203125,1.0,0.620312511920929,e6p__lam-1e-4__s1
39,model.10,-0.0002847104333341,0.9447158575057985,0.0892979353666305,0.12359619140625,1.0,0.6196874976158142,e6p__lam-1e-4__s1
40,model.10,-0.0005906295264139,0.9601768851280212,0.070711962878704,0.245849609375,1.0,0.6556249856948853,e6p__lam-1e-4__s1
41,model.10,0.0011713514104485,0.9641023278236388,0.0826862752437591,0.1478271484375,1.0,0.6965624690055847,e6p__lam-1e-4__s1
42,model.10,0.001767354318872,0.9609426856040956,0.0750132799148559,0.093505859375,1.0,0.698437511920929,e6p__lam-1e-4__s1
43,model.10,-0.0032057268545031,0.943769633769989,0.1148516535758972,0.048858642578125,1.0,0.6721875071525574,e6p__lam-1e-4__s1
44,model.10,0.0029187644831836,0.8980453014373779,0.1450225710868835,0.001810073852539,1.0,0.7024999856948853,e6p__lam-1e-4__s1
45,model.10,8.441169484285638e-05,0.9009138345718384,0.174092561006546,0.0015192031860351,1.0,0.6484375,e6p__lam-1e-4__s1
46,model.10,-0.0030256069730967,0.944585621356964,0.1065023615956306,0.0067710876464843,1.0,0.682812511920929,e6p__lam-1e-4__s1
47,model.10,0.0028678618837147,0.9470425844192504,0.1043480634689331,0.0208892822265625,1.0,0.6884374618530273,e6p__lam-1e-4__s1
48,model.10,0.0044929971918463,0.9446046948432922,0.0931751132011413,0.060211181640625,1.0,0.7112500071525574,e6p__lam-1e-4__s1
49,model.10,0.0024875178933143,0.9353504776954652,0.1424685716629028,0.0076065063476562,1.0,0.6931250095367432,e6p__lam-1e-4__s1
50,model.10,0.0026180420536547,0.9310396313667296,0.1488522887229919,0.0033512115478515,1.0,0.6659374833106995,e6p__lam-1e-4__s1
51,model.10,0.0019276551902294,0.9627411365509032,0.0770505145192146,0.142578125,1.0,0.7415624856948853,e6p__lam-1e-4__s1
52,model.10,0.000846290087793,0.9531208872795104,0.0931739956140518,0.053009033203125,1.0,0.7087500095367432,e6p__lam-1e-4__s1
53,model.10,0.0015448224730789,0.9593825936317444,0.0854757279157638,0.10650634765625,1.0,0.7228124737739563,e6p__lam-1e-4__s1
54,model.10,0.0021355752833187,0.9702332615852356,0.074946105480194,0.04779052734375,1.0,0.7815625071525574,e6p__lam-1e-4__s1
55,model.10,0.0039252573624253,0.96295166015625,0.0823818445205688,0.05059814453125,1.0,0.7556250095367432,e6p__lam-1e-4__s1
56,model.10,0.002692975802347,0.9537121653556824,0.1003018319606781,0.0091934204101562,1.0,0.739062488079071,e6p__lam-1e-4__s1
57,model.10,0.0009987786179408,0.9365922212600708,0.1363098919391632,0.0139541625976562,1.0,0.7425000071525574,e6p__lam-1e-4__s1
58,model.10,9.173100988846272e-05,0.9335006475448608,0.1280391216278076,0.0059127807617187,1.0,0.7615624666213989,e6p__lam-1e-4__s1
59,model.10,0.0021717436611652,0.9422529339790344,0.1118893548846244,0.0087127685546875,1.0,0.7537499666213989,e6p__lam-1e-4__s1
60,model.10,0.0042406753636896,0.9548602104187012,0.1042267382144928,0.0160980224609375,1.0,0.739062488079071,e6p__lam-1e-4__s1
61,model.10,0.0044891699217259,0.9256603717803956,0.1171964257955551,0.017181396484375,1.0,0.7603124976158142,e6p__lam-1e-4__s1
62,model.10,0.0036497747059911,0.96308696269989,0.0811248868703842,0.1981201171875,1.0,0.72718745470047,e6p__lam-1e-4__s1
63,model.10,0.0049067451618611,0.9414678812026978,0.1424545645713806,0.0089187622070312,1.0,0.7509374618530273,e6p__lam-1e-4__s1
64,model.10,0.0076482500880956,0.92523193359375,0.1128051131963729,0.0055351257324218,1.0,0.731249988079071,e6p__lam-1e-4__s1
65,model.10,0.0088432766497135,0.9363338947296144,0.1342570781707763,0.0072898864746093,1.0,0.7131249904632568,e6p__lam-1e-4__s1
66,model.10,0.0082470336928963,0.9530925750732422,0.1159170717000961,0.0121002197265625,1.0,0.7931249737739563,e6p__lam-1e-4__s1
67,model.10,0.0085186334326863,0.9658995866775512,0.0828445702791214,0.054901123046875,1.0,0.7684375047683716,e6p__lam-1e-4__s1
68,model.10,0.0081411739811301,0.9743974208831788,0.0644508898258209,0.1788330078125,1.0,0.7981249690055847,e6p__lam-1e-4__s1
69,model.10,0.0046447371132671,0.9446625113487244,0.1264007836580276,0.0180511474609375,1.0,0.7331249713897705,e6p__lam-1e-4__s1
70,model.10,0.0049242880195379,0.9522120356559752,0.1025753766298294,0.0128250122070312,1.0,0.7403124570846558,e6p__lam-1e-4__s1
71,model.10,0.0059388549998402,0.9469623565673828,0.1126470565795898,0.0114669799804687,1.0,0.7587499618530273,e6p__lam-1e-4__s1
72,model.10,0.00459985435009,0.9379132390022278,0.1378891468048095,0.012237548828125,1.0,0.71937495470047,e6p__lam-1e-4__s1
73,model.10,0.004750492516905,0.9262281060218812,0.1514433771371841,0.01177978515625,1.0,0.7215625047683716,e6p__lam-1e-4__s1
74,model.10,0.0055720354430377,0.9610902070999146,0.092610165476799,0.0191650390625,1.0,0.7612499594688416,e6p__lam-1e-4__s1
75,model.10,0.0075394422747194,0.9462372660636902,0.1125678271055221,0.03643798828125,1.0,0.71156245470047,e6p__lam-1e-4__s1
76,model.10,0.0081313680857419,0.9414605498313904,0.1231664642691612,0.0099334716796875,1.0,0.7184374928474426,e6p__lam-1e-4__s1
77,model.10,0.0068468386307358,0.935656189918518,0.1400180757045745,0.0200653076171875,1.0,0.6981250047683716,e6p__lam-1e-4__s1
78,model.10,0.0068529187701642,0.945381999015808,0.1325934827327728,0.02886962890625,1.0,0.7090624570846558,e6p__lam-1e-4__s1
79,model.10,0.0061727967113256,0.9463886022567748,0.1212475672364234,0.037750244140625,1.0,0.7315624952316284,e6p__lam-1e-4__s1
80,model.10,0.0077463914640247,0.9556972980499268,0.1088794320821762,0.057373046875,1.0,0.7378124594688416,e6p__lam-1e-4__s1
81,model.10,0.0068443268537521,0.929463803768158,0.1506923139095306,0.0137405395507812,1.0,0.7174999713897705,e6p__lam-1e-4__s1
82,model.10,0.0078364256769418,0.9356518387794496,0.1349981129169464,0.047607421875,1.0,0.690625011920929,e6p__lam-1e-4__s1
83,model.10,0.0092496173456311,0.9400524497032166,0.1139854937791824,0.0074310302734375,1.0,0.7306249737739563,e6p__lam-1e-4__s1
84,model.10,0.0104999728500843,0.9366666674613952,0.1337283849716186,0.05865478515625,1.0,0.7040624618530273,e6p__lam-1e-4__s1
85,model.10,0.0111944796517491,0.9411918520927428,0.1333120912313461,0.027374267578125,1.0,0.7199999690055847,e6p__lam-1e-4__s1
86,model.10,0.0127239720895886,0.9397539496421814,0.1404809951782226,0.0170440673828125,1.0,0.7365624904632568,e6p__lam-1e-4__s1
87,model.10,0.0119475554674863,0.9465550184249878,0.1299766451120376,0.033660888671875,1.0,0.6868749856948853,e6p__lam-1e-4__s1
88,model.10,0.0118098249658942,0.9565986394882202,0.0950749367475509,0.06842041015625,1.0,0.7149999737739563,e6p__lam-1e-4__s1
89,model.10,0.012598424218595,0.9430314302444458,0.1240472719073295,0.018402099609375,1.0,0.7199999690055847,e6p__lam-1e-4__s1
90,model.10,0.0134472884237766,0.9467912316322328,0.1211631074547767,0.11029052734375,1.0,0.6800000071525574,e6p__lam-1e-4__s1
91,model.10,0.013663213700056,0.9219916462898254,0.1590053141117096,0.0323486328125,1.0,0.6665624976158142,e6p__lam-1e-4__s1
92,model.10,0.0136152748018503,0.924062728881836,0.1507793068885803,0.0107345581054687,1.0,0.6859374642372131,e6p__lam-1e-4__s1
93,model.10,0.0138206584379076,0.9326297640800476,0.1031296700239181,0.0125274658203125,1.0,0.6862499713897705,e6p__lam-1e-4__s1
94,model.10,0.0140929771587252,0.9332494735717772,0.1427696645259857,0.0210113525390625,1.0,0.6993749737739563,e6p__lam-1e-4__s1
95,model.10,0.0143552208319306,0.9199363589286804,0.1416723430156707,0.020965576171875,1.0,0.6981250047683716,e6p__lam-1e-4__s1
96,model.10,0.0147976130247116,0.938057005405426,0.1187872290611267,0.0391845703125,1.0,0.7071874737739563,e6p__lam-1e-4__s1
97,model.10,0.0151217561215162,0.9457902312278748,0.1045371890068054,0.0238189697265625,1.0,0.675000011920929,e6p__lam-1e-4__s1
98,model.10,0.0151358461007475,0.9462738037109376,0.1163491010665893,0.024932861328125,1.0,0.7093749642372131,e6p__lam-1e-4__s1
99,model.10,0.015127875842154,0.9324198961257936,0.1376733481884002,0.0276947021484375,1.0,0.6631249785423279,e6p__lam-1e-4__s1
100,model.10,0.015127875842154,0.9324198961257936,0.1376733481884002,0.0276947021484375,1.0,0.6631249785423279,e6p__lam-1e-4__s1
0,model.10,-9.57832089625299e-05,0.515471875667572,0.0671469494700431,0.1534423828125,0.76123046875,0.0,e6p__lam-1e-4__s2
1,model.10,0.0022825119085609,0.5279923677444458,0.183595061302185,0.0256195068359375,0.91259765625,0.0,e6p__lam-1e-4__s2
2,model.10,-0.0050490726716816,0.5572900772094727,0.2361293137073516,0.0002099275588989,0.99072265625,0.0278124995529651,e6p__lam-1e-4__s2
3,model.10,0.0018466304754838,0.6041263937950134,0.2531524002552032,0.000295877456665,1.0,0.0478124991059303,e6p__lam-1e-4__s2
4,model.10,-0.0017655934207141,0.6185635924339294,0.2466738224029541,0.0053863525390625,0.9990234375,0.0290625002235174,e6p__lam-1e-4__s2
5,model.10,-0.0013246347662061,0.6397443413734436,0.2240858674049377,0.0056648254394531,0.99951171875,0.0340625010430812,e6p__lam-1e-4__s2
6,model.10,-0.0003926632052753,0.656636118888855,0.2115644067525863,0.0094833374023437,0.99560546875,0.0259374994784593,e6p__lam-1e-4__s2
7,model.10,0.0004979234072379,0.6949411034584045,0.2072910666465759,0.0016231536865234,0.99560546875,0.0162499994039535,e6p__lam-1e-4__s2
8,model.10,0.0003284263366367,0.7218812108039856,0.1615545749664306,0.0254669189453125,0.99951171875,0.0121874995529651,e6p__lam-1e-4__s2
9,model.10,-0.000582655891776,0.7321773171424866,0.138557031750679,0.045013427734375,0.99609375,0.0137499999254941,e6p__lam-1e-4__s2
10,model.10,0.0017204254399985,0.736793577671051,0.1308967918157577,0.08831787109375,0.99853515625,0.013124999590218,e6p__lam-1e-4__s2
11,model.10,-0.0017468038713559,0.7285957336425781,0.1722175180912017,0.020172119140625,0.99951171875,0.0281249992549419,e6p__lam-1e-4__s2
12,model.10,0.0003057861467823,0.755413830280304,0.1684537529945373,0.0023880004882812,0.9990234375,0.0193750001490116,e6p__lam-1e-4__s2
13,model.10,0.001917585148476,0.7795167565345764,0.1422188729047775,0.034088134765625,0.9970703125,0.0137499999254941,e6p__lam-1e-4__s2
14,model.10,0.0010255319066345,0.7932922840118408,0.141993835568428,0.0305633544921875,0.99951171875,0.0249999985098838,e6p__lam-1e-4__s2
15,model.10,-0.0010566829005256,0.8038003444671631,0.123939998447895,0.026611328125,0.998046875,0.0221874993294477,e6p__lam-1e-4__s2
16,model.10,0.0021901263389736,0.8179599046707153,0.1273623406887054,0.02655029296875,0.9970703125,0.0137499999254941,e6p__lam-1e-4__s2
17,model.10,-0.0024756747297942,0.8184354305267334,0.1157062351703643,0.0251312255859375,0.99853515625,0.0378124974668026,e6p__lam-1e-4__s2
18,model.10,0.0033858923707157,0.7781858444213867,0.2045200020074844,0.00323486328125,0.99951171875,0.0734374970197677,e6p__lam-1e-4__s2
19,model.10,0.0006477009737864,0.7767758965492249,0.2043997645378112,3.4809112548828125e-05,0.99951171875,0.1181249991059303,e6p__lam-1e-4__s2
20,model.10,-0.0007324295002035,0.8073347210884094,0.1882954835891723,0.023773193359375,1.0,0.0953124985098838,e6p__lam-1e-4__s2
21,model.10,0.0016280419658869,0.8105801343917847,0.1706925630569458,0.0055351257324218,0.9990234375,0.1096874997019767,e6p__lam-1e-4__s2
22,model.10,-0.0032786605879664,0.8030722737312317,0.1797062754631042,0.0052604675292968,1.0,0.1174999997019767,e6p__lam-1e-4__s2
23,model.10,0.0032241926528513,0.8573669195175171,0.1449821293354034,0.0240936279296875,0.99951171875,0.1446875035762787,e6p__lam-1e-4__s2
24,model.10,0.0013226843439042,0.8903326392173767,0.1067343428730964,0.2091064453125,1.0,0.1515624970197677,e6p__lam-1e-4__s2
25,model.10,-0.0003217401681467,0.9085304141044616,0.0815148055553436,0.28564453125,0.99951171875,0.1812499910593032,e6p__lam-1e-4__s2
26,model.10,-0.0022823303006589,0.9043303728103638,0.0886765867471695,0.280517578125,1.0,0.199999988079071,e6p__lam-1e-4__s2
27,model.10,-0.0017895676428452,0.8992123007774353,0.1346772611141204,0.0394287109375,1.0,0.2465624958276748,e6p__lam-1e-4__s2
28,model.10,0.0014046741416677,0.9027606248855592,0.1233840733766555,0.03912353515625,1.0,0.2949999868869781,e6p__lam-1e-4__s2
29,model.10,0.0015122491167858,0.9126105904579164,0.1156083643436431,0.093505859375,1.0,0.2515625059604645,e6p__lam-1e-4__s2
30,model.10,0.0008236187277361,0.9178560972213744,0.0956496000289917,0.156494140625,1.0,0.3343749940395355,e6p__lam-1e-4__s2
31,model.10,-0.0002037213998846,0.9047443866729736,0.1185470819473266,0.04217529296875,1.0,0.3340624868869781,e6p__lam-1e-4__s2
32,model.10,0.001222439459525,0.9128678441047668,0.1231681779026985,0.11419677734375,1.0,0.3237499892711639,e6p__lam-1e-4__s2
33,model.10,0.0005821150843985,0.9412961602211,0.0813718438148498,0.0855712890625,1.0,0.3809374868869781,e6p__lam-1e-4__s2
34,model.10,-0.0001305736077483,0.9454679489135742,0.0649511367082595,0.1676025390625,1.0,0.40625,e6p__lam-1e-4__s2
35,model.10,0.000649337132927,0.9512326717376708,0.0569353960454463,0.446044921875,1.0,0.4153124988079071,e6p__lam-1e-4__s2
36,model.10,0.0014224292244762,0.9664437770843506,0.0340484529733657,0.51953125,1.0,0.4546874761581421,e6p__lam-1e-4__s2
37,model.10,-0.0004851323610637,0.9540942311286926,0.0516963452100753,0.453369140625,1.0,0.4259375035762787,e6p__lam-1e-4__s2
38,model.10,0.0023364112712442,0.943750262260437,0.0833227112889289,0.061981201171875,1.0,0.5625,e6p__lam-1e-4__s2
39,model.10,0.0008293248829431,0.9636402130126952,0.0505905225872993,0.3564453125,1.0,0.5756250023841858,e6p__lam-1e-4__s2
40,model.10,-0.0005849270964972,0.9663740992546082,0.0442681834101676,0.44580078125,1.0,0.5556249618530273,e6p__lam-1e-4__s2
41,model.10,0.0016153953038156,0.9656594395637512,0.0550940446555614,0.1304931640625,1.0,0.5924999713897705,e6p__lam-1e-4__s2
42,model.10,0.0027387931477278,0.9040446877479552,0.1240497231483459,0.0007886886596679,1.0,0.6659374833106995,e6p__lam-1e-4__s2
43,model.10,0.0018829846521839,0.929990530014038,0.1344116628170013,0.06634521484375,1.0,0.6081249713897705,e6p__lam-1e-4__s2
44,model.10,0.0010521272197365,0.927083134651184,0.1448368728160858,0.001016616821289,1.0,0.651562511920929,e6p__lam-1e-4__s2
45,model.10,-0.0010758616263046,0.9402177333831788,0.120851069688797,0.0033760070800781,1.0,0.6153124570846558,e6p__lam-1e-4__s2
46,model.10,0.0001465189561713,0.941964328289032,0.1067981868982315,0.0164031982421875,1.0,0.6362499594688416,e6p__lam-1e-4__s2
47,model.10,0.0009189404663629,0.9562017321586608,0.085622638463974,0.01763916015625,1.0,0.6728124618530273,e6p__lam-1e-4__s2
48,model.10,-0.0006319233216345,0.934565007686615,0.0940959230065345,0.0045928955078125,1.0,0.6931250095367432,e6p__lam-1e-4__s2
49,model.10,0.0023245040792971,0.9458038806915284,0.1000357270240783,0.0045738220214843,1.0,0.6931250095367432,e6p__lam-1e-4__s2
50,model.10,-0.000711282948032,0.9511878490447998,0.1055093854665756,0.063720703125,1.0,0.6699999570846558,e6p__lam-1e-4__s2
51,model.10,-0.0021328257862478,0.951048731803894,0.1030710563063621,0.032958984375,1.0,0.6659374833106995,e6p__lam-1e-4__s2
52,model.10,-0.0006324845016933,0.9272720217704772,0.0996383875608444,0.000251293182373,1.0,0.7581250071525574,e6p__lam-1e-4__s2
53,model.10,-0.001130596618168,0.9575836062431335,0.0936195477843284,0.0225830078125,1.0,0.6943749785423279,e6p__lam-1e-4__s2
54,model.10,-0.0019233851926401,0.9356597661972046,0.1125830709934234,0.0067977905273437,1.0,0.75843745470047,e6p__lam-1e-4__s2
55,model.10,-0.000469846476335,0.9664224982261658,0.0770783051848411,0.089599609375,1.0,0.7649999856948853,e6p__lam-1e-4__s2
56,model.10,0.0005658878944814,0.9756271839141846,0.0514779463410377,0.1904296875,1.0,0.7562499642372131,e6p__lam-1e-4__s2
57,model.10,-0.0005020432290621,0.9656964540481568,0.0773816481232643,0.04949951171875,1.0,0.7734375,e6p__lam-1e-4__s2
58,model.10,-0.0006592702120542,0.9801548719406128,0.0458569452166557,0.237548828125,1.0,0.7803124785423279,e6p__lam-1e-4__s2
59,model.10,0.0001612815394764,0.9664571285247804,0.0675679147243499,0.0701904296875,1.0,0.7606250047683716,e6p__lam-1e-4__s2
60,model.10,0.000443511235062,0.9762849807739258,0.0541798844933509,0.1966552734375,1.0,0.7990624904632568,e6p__lam-1e-4__s2
61,model.10,0.0011752160498872,0.9628931879997252,0.0739223062992096,0.055206298828125,1.0,0.768750011920929,e6p__lam-1e-4__s2
62,model.10,0.000762264826335,0.9787472486495972,0.0459074899554252,0.2379150390625,1.0,0.8199999928474426,e6p__lam-1e-4__s2
63,model.10,0.0018813840579241,0.978184163570404,0.0567129254341125,0.09600830078125,1.0,0.8125,e6p__lam-1e-4__s2
64,model.10,0.0017794599989429,0.980021595954895,0.0411924496293067,0.306884765625,1.0,0.784375011920929,e6p__lam-1e-4__s2
65,model.10,0.0008082456770353,0.9810364246368408,0.0483056455850601,0.30419921875,1.0,0.8246874809265137,e6p__lam-1e-4__s2
66,model.10,0.0009132747654803,0.9755937457084656,0.0581302344799041,0.06451416015625,1.0,0.8234374523162842,e6p__lam-1e-4__s2
67,model.10,-0.0001931358128786,0.9668290615081788,0.0795590728521347,0.100341796875,1.0,0.792187511920929,e6p__lam-1e-4__s2
68,model.10,0.000896408164408,0.9694506525993348,0.0709405839443206,0.183349609375,1.0,0.7928124666213989,e6p__lam-1e-4__s2
69,model.10,0.0027935670223087,0.976974070072174,0.0568250305950641,0.227783203125,1.0,0.8031249642372131,e6p__lam-1e-4__s2
70,model.10,0.0009683826938271,0.9698631167411804,0.0828887894749641,0.158203125,1.0,0.8062499761581421,e6p__lam-1e-4__s2
71,model.10,-5.4887921578483656e-05,0.9567545652389526,0.1030895262956619,0.103759765625,1.0,0.7643749713897705,e6p__lam-1e-4__s2
72,model.10,-0.0012237906921654,0.9690977334976196,0.0794036537408828,0.054107666015625,1.0,0.793749988079071,e6p__lam-1e-4__s2
73,model.10,-4.646825345844263e-06,0.9674397110939026,0.0891673564910888,0.07147216796875,1.0,0.8112499713897705,e6p__lam-1e-4__s2
74,model.10,0.002320067724213,0.9789764285087584,0.0530737936496734,0.1319580078125,1.0,0.8340624570846558,e6p__lam-1e-4__s2
75,model.10,0.0004203093121759,0.974370002746582,0.0653164535760879,0.1177978515625,1.0,0.8128125071525574,e6p__lam-1e-4__s2
76,model.10,0.0011439010268077,0.9741034507751464,0.0753545388579368,0.185791015625,1.0,0.8087499737739563,e6p__lam-1e-4__s2
77,model.10,0.0006863294402137,0.9736036658287048,0.069703921675682,0.0970458984375,1.0,0.8068749904632568,e6p__lam-1e-4__s2
78,model.10,7.055402966216207e-05,0.975927233695984,0.0622859485447406,0.2486572265625,1.0,0.8018749952316284,e6p__lam-1e-4__s2
79,model.10,0.0003017524431925,0.9749680161476136,0.0657823681831359,0.2724609375,1.0,0.8009374737739563,e6p__lam-1e-4__s2
80,model.10,0.0007115033804439,0.9782134294509888,0.0496434085071086,0.234375,1.0,0.828125,e6p__lam-1e-4__s2
81,model.10,0.0010787434875965,0.980299711227417,0.0490464642643928,0.05877685546875,1.0,0.8331249952316284,e6p__lam-1e-4__s2
82,model.10,0.000964076607488,0.9844653606414796,0.0399914607405662,0.230712890625,1.0,0.8453124761581421,e6p__lam-1e-4__s2
83,model.10,0.0023928163573145,0.9829824566841124,0.042096234858036,0.264404296875,1.0,0.8199999928474426,e6p__lam-1e-4__s2
84,model.10,0.0022191519383341,0.9747280478477478,0.0617544837296009,0.0391845703125,1.0,0.8134374618530273,e6p__lam-1e-4__s2
85,model.10,0.0012880100402981,0.9674833416938782,0.0796627551317215,0.036895751953125,1.0,0.8096874952316284,e6p__lam-1e-4__s2
86,model.10,0.0015073033282533,0.9656806588172911,0.0789910331368446,0.03912353515625,1.0,0.7828124761581421,e6p__lam-1e-4__s2
87,model.10,0.001932266051881,0.9678994417190552,0.0868061184883117,0.047332763671875,1.0,0.796875,e6p__lam-1e-4__s2
88,model.10,0.001823219936341,0.9678272008895874,0.0785705894231796,0.0213623046875,1.0,0.785937488079071,e6p__lam-1e-4__s2
89,model.10,0.0028185020200908,0.9771097898483276,0.0506333261728286,0.446533203125,1.0,0.7918750047683716,e6p__lam-1e-4__s2
90,model.10,0.0032182873692363,0.9774789810180664,0.054923802614212,0.08050537109375,1.0,0.7774999737739563,e6p__lam-1e-4__s2
91,model.10,0.0033196466974914,0.9707395434379578,0.0686083808541297,0.1634521484375,1.0,0.7931249737739563,e6p__lam-1e-4__s2
92,model.10,0.0029311208054423,0.9787282347679138,0.0418700538575649,0.408935546875,1.0,0.785937488079071,e6p__lam-1e-4__s2
93,model.10,0.0037440687883645,0.9691859483718872,0.0643819868564605,0.044281005859375,1.0,0.7649999856948853,e6p__lam-1e-4__s2
94,model.10,0.0037247277796268,0.962909698486328,0.0670365393161773,0.08123779296875,1.0,0.7378124594688416,e6p__lam-1e-4__s2
95,model.10,0.0042281197383999,0.9720122814178468,0.0613867789506912,0.379150390625,1.0,0.7481249570846558,e6p__lam-1e-4__s2
96,model.10,0.0042435899376869,0.9726258516311646,0.0643661767244339,0.05645751953125,1.0,0.7615624666213989,e6p__lam-1e-4__s2
97,model.10,0.0045410329475998,0.9703044891357422,0.059803057461977,0.30322265625,1.0,0.7231249809265137,e6p__lam-1e-4__s2
98,model.10,0.0048444466665387,0.9621831774711608,0.0730138421058654,0.12249755859375,1.0,0.739062488079071,e6p__lam-1e-4__s2
99,model.10,0.005066973157227,0.970740020275116,0.0616013258695602,0.2252197265625,1.0,0.7306249737739563,e6p__lam-1e-4__s2
100,model.10,0.005066973157227,0.970740020275116,0.0616013258695602,0.2252197265625,1.0,0.7306249737739563,e6p__lam-1e-4__s2
0,model.10,0.0025189521256834,0.5202197432518005,0.0741587355732917,0.259765625,0.81103515625,0.0,e6p__lam-1e-5__s0
1,model.10,0.0056514521129429,0.5260608792304993,0.1590262800455093,0.0616455078125,0.98876953125,0.0021875000093132,e6p__lam-1e-5__s0
2,model.10,-0.003630080493167,0.5512179732322693,0.2690304815769195,0.0003998279571533,0.994140625,0.030937498435378,e6p__lam-1e-5__s0
3,model.10,0.0028335533570498,0.5725792646408081,0.2712875008583069,0.0003447532653808,1.0,0.0584375001490116,e6p__lam-1e-5__s0
4,model.10,-0.0001286383921978,0.5933462381362915,0.2588145136833191,0.0001132488250732,0.99951171875,0.0862499997019767,e6p__lam-1e-5__s0
5,model.10,0.0014532761415466,0.6048828959465027,0.2879647612571716,2.7954578399658203e-05,0.99951171875,0.0718749985098838,e6p__lam-1e-5__s0
6,model.10,0.0009026081534102,0.6016764044761658,0.2758753895759582,0.0002217292785644,0.99365234375,0.042187500745058,e6p__lam-1e-5__s0
7,model.10,-0.0001746435009408,0.6167235970497131,0.2585395276546478,6.657838821411133e-05,0.99853515625,0.0787499994039535,e6p__lam-1e-5__s0
8,model.10,0.0007827798253856,0.6207839250564575,0.2930699288845062,2.4497509002685547e-05,0.99755859375,0.0768750011920929,e6p__lam-1e-5__s0
9,model.10,0.0003152021381538,0.611899733543396,0.2651426196098327,9.244680404663086e-05,1.0,0.0696875005960464,e6p__lam-1e-5__s0
10,model.10,0.0002791419392451,0.6459455490112305,0.2437968552112579,4.76837158203125e-06,1.0,0.0887499973177909,e6p__lam-1e-5__s0
11,model.10,0.0013685184530913,0.6215298771858215,0.2722197771072387,0.0002050399780273,0.99951171875,0.0521874986588954,e6p__lam-1e-5__s0
12,model.10,-0.0016039558686316,0.6123703122138977,0.252582848072052,6.020069122314453e-06,1.0,0.0887499973177909,e6p__lam-1e-5__s0
13,model.10,-0.0018875026144087,0.6269943714141846,0.2454590797424316,7.62939453125e-06,0.99951171875,0.044999998062849,e6p__lam-1e-5__s0
14,model.10,0.0031460928730666,0.6195932030677795,0.2925315499305725,2.2470951080322266e-05,0.99755859375,0.0453124977648258,e6p__lam-1e-5__s0
15,model.10,-0.001372407306917,0.6293743252754211,0.2586008906364441,2.3543834686279297e-05,0.9990234375,0.105624996125698,e6p__lam-1e-5__s0
16,model.10,0.0020341488998383,0.6372013688087463,0.2836254239082336,0.0002050399780273,1.0,0.0959374979138374,e6p__lam-1e-5__s0
17,model.10,-0.0014673927798867,0.6326021552085876,0.2944592237472534,9.5367431640625e-07,0.99658203125,0.0724999979138374,e6p__lam-1e-5__s0
18,model.10,0.00140721432399,0.6261491775512695,0.2834777235984802,4.398822784423828e-05,0.99853515625,0.1168750002980232,e6p__lam-1e-5__s0
19,model.10,-0.0014761348720639,0.664155125617981,0.2814977169036865,2.586841583251953e-05,1.0,0.097812496125698,e6p__lam-1e-5__s0
20,model.10,-0.0005020451499149,0.669850766658783,0.2957505583763122,6.973743438720703e-06,1.0,0.1424999982118606,e6p__lam-1e-5__s0
21,model.10,-0.0005592848174273,0.6857275366783142,0.2706775665283203,6.854534149169922e-06,1.0,0.1312499940395355,e6p__lam-1e-5__s0
22,model.10,0.0014506434090435,0.6938209533691406,0.270438551902771,4.869699478149414e-05,1.0,0.1087500005960464,e6p__lam-1e-5__s0
23,model.10,0.0008469881140626,0.6847395300865173,0.2753465175628662,0.0012941360473632,1.0,0.1412499994039535,e6p__lam-1e-5__s0
24,model.10,0.0002236532745882,0.7064170837402344,0.2691369652748108,6.556510925292969e-05,1.0,0.1196874976158142,e6p__lam-1e-5__s0
25,model.10,0.0010394772980362,0.7052189707756042,0.2827741801738739,0.0004529953002929,1.0,0.1431249976158142,e6p__lam-1e-5__s0
26,model.10,0.0010214180219918,0.7284731864929199,0.2300579845905304,0.0080947875976562,1.0,0.1149999946355819,e6p__lam-1e-5__s0
27,model.10,0.0013691750355064,0.7228356003761292,0.2319755256175995,0.0050811767578125,1.0,0.105624996125698,e6p__lam-1e-5__s0
28,model.10,0.0017046123975887,0.7336376309394836,0.2415060698986053,0.0011606216430664,1.0,0.1221874952316284,e6p__lam-1e-5__s0
29,model.10,0.0013722861185669,0.7423799633979797,0.2410231679677963,0.0016546249389648,0.99951171875,0.1312499940395355,e6p__lam-1e-5__s0
30,model.10,0.0017645623302087,0.7094071507453918,0.2764158546924591,0.0004804134368896,1.0,0.1471875011920929,e6p__lam-1e-5__s0
31,model.10,0.0025460987817496,0.7338363528251648,0.2585248351097107,0.0001647472381591,1.0,0.1515624970197677,e6p__lam-1e-5__s0
32,model.10,0.0007658194517716,0.7283037900924683,0.262372612953186,0.0005817413330078,1.0,0.1615625023841858,e6p__lam-1e-5__s0
33,model.10,0.0018929791403934,0.7215850949287415,0.288606584072113,0.0002937316894531,1.0,0.1815624982118606,e6p__lam-1e-5__s0
34,model.10,0.0002084463631035,0.737303614616394,0.2846569418907165,0.0007581710815429,1.0,0.2018750011920929,e6p__lam-1e-5__s0
35,model.10,0.0029193044174462,0.7454673051834106,0.2634835541248321,0.0003626346588134,1.0,0.1609375029802322,e6p__lam-1e-5__s0
36,model.10,0.0029529887251555,0.7451938986778259,0.250729888677597,0.0008330345153808,1.0,0.1678124964237213,e6p__lam-1e-5__s0
37,model.10,-0.0014198133721947,0.7424859404563904,0.2758063673973083,0.0002937316894531,1.0,0.2137499898672104,e6p__lam-1e-5__s0
38,model.10,0.0008158635464496,0.7362363338470459,0.2569135427474975,0.0006189346313476,1.0,0.2081249952316284,e6p__lam-1e-5__s0
39,model.10,0.002875794423744,0.7338911294937134,0.268732875585556,0.0001344680786132,1.0,0.2006250023841858,e6p__lam-1e-5__s0
40,model.10,0.0011810648720711,0.7436614632606506,0.2663618624210357,0.0001442432403564,1.0,0.1946875005960464,e6p__lam-1e-5__s0
41,model.10,0.0050492379814386,0.758725643157959,0.2383441179990768,4.5418739318847656e-05,1.0,0.1762499958276748,e6p__lam-1e-5__s0
42,model.10,0.0043394532985985,0.7355007529258728,0.2831811904907226,0.000123381614685,1.0,0.2034374922513961,e6p__lam-1e-5__s0
43,model.10,0.00386429624632,0.760748565196991,0.2558542490005493,0.000298261642456,1.0,0.2074999958276748,e6p__lam-1e-5__s0
44,model.10,0.0028965997043997,0.7784991264343262,0.2626682221889496,0.0002378225326538,1.0,0.1881249994039535,e6p__lam-1e-5__s0
45,model.10,0.0016091391444206,0.7737209796905518,0.2617762684822082,0.0007643699645996,1.0,0.2331250011920929,e6p__lam-1e-5__s0
46,model.10,0.0026919350493699,0.779674232006073,0.2601182162761688,0.0008392333984375,1.0,0.231249988079071,e6p__lam-1e-5__s0
47,model.10,0.0033254730515182,0.7751614451408386,0.2519283592700958,0.0005526542663574,1.0,0.2328124940395355,e6p__lam-1e-5__s0
48,model.10,0.0038060690276324,0.7638375759124756,0.2549191117286682,0.0009965896606445,1.0,0.246874988079071,e6p__lam-1e-5__s0
49,model.10,0.0034677418880164,0.7568634748458862,0.2604516744613647,0.0008230209350585,1.0,0.249062493443489,e6p__lam-1e-5__s0
50,model.10,0.0052086017094552,0.7409738898277283,0.2939510941505432,3.218650817871094e-05,1.0,0.3168749809265136,e6p__lam-1e-5__s0
51,model.10,0.004936542827636,0.7722370624542236,0.2817896604537964,0.000130295753479,1.0,0.2993749976158142,e6p__lam-1e-5__s0
52,model.10,0.0055455286055803,0.7490987777709961,0.2860731482505798,1.7344951629638672e-05,1.0,0.3231250047683716,e6p__lam-1e-5__s0
53,model.10,0.0039869877509772,0.7640742063522339,0.2772790193557739,5.185604095458984e-06,1.0,0.3118749856948852,e6p__lam-1e-5__s0
54,model.10,0.0051356339827179,0.7253105640411377,0.3231923282146454,1.7642974853515625e-05,1.0,0.3381249904632568,e6p__lam-1e-5__s0
55,model.10,0.0037346817553043,0.7253639101982117,0.3259055912494659,7.033348083496094e-05,1.0,0.3546874821186065,e6p__lam-1e-5__s0
56,model.10,0.005628942977637,0.7568987011909485,0.2988908290863037,0.0001022815704345,1.0,0.3243750035762787,e6p__lam-1e-5__s0
57,model.10,0.0026125414296984,0.741968035697937,0.302804946899414,3.337860107421875e-06,1.0,0.317187488079071,e6p__lam-1e-5__s0
58,model.10,0.0039232708513736,0.7311360239982605,0.3132582604885101,1.4424324035644531e-05,1.0,0.3296875059604645,e6p__lam-1e-5__s0
59,model.10,0.0060255313292145,0.7288317084312439,0.3148173689842224,4.869699478149414e-05,1.0,0.3337499797344208,e6p__lam-1e-5__s0
60,model.10,0.0066145784221589,0.7171617746353149,0.3153420090675354,8.887052536010742e-05,1.0,0.34375,e6p__lam-1e-5__s0
61,model.10,0.0053334841504693,0.7288798093795776,0.3000780940055847,0.0001442432403564,1.0,0.3071874976158142,e6p__lam-1e-5__s0
62,model.10,0.0071917884051799,0.7427979707717896,0.3029767274856567,0.0001477003097534,1.0,0.3381249904632568,e6p__lam-1e-5__s0
63,model.10,0.005845183506608,0.7219393849372864,0.2956185042858124,0.0011377334594726,1.0,0.2843749821186065,e6p__lam-1e-5__s0
64,model.10,0.0073956749401986,0.709563672542572,0.309873878955841,0.0028228759765625,1.0,0.3296875059604645,e6p__lam-1e-5__s0
65,model.10,0.0064724944531917,0.7351319789886475,0.2799705564975738,0.0030517578125,1.0,0.2887499928474426,e6p__lam-1e-5__s0
66,model.10,0.00710408994928,0.7147710919380188,0.3063926100730896,0.0022602081298828,1.0,0.3199999928474426,e6p__lam-1e-5__s0
67,model.10,0.008878800086677,0.7349342703819275,0.2976852655410766,0.0068778991699218,1.0,0.3265624940395355,e6p__lam-1e-5__s0
68,model.10,0.0091502470895648,0.7583363652229309,0.2564813494682312,0.0063896179199218,1.0,0.3059374988079071,e6p__lam-1e-5__s0
69,model.10,0.0069122891873121,0.7399341464042664,0.2872403860092163,0.0032100677490234,1.0,0.3334375023841858,e6p__lam-1e-5__s0
70,model.10,0.0083489930257201,0.7633647918701172,0.2753123939037323,0.010650634765625,1.0,0.3468749821186065,e6p__lam-1e-5__s0
71,model.10,0.0086351092904806,0.7450986504554749,0.2732729911804199,0.0128707885742187,1.0,0.3265624940395355,e6p__lam-1e-5__s0
72,model.10,0.0090978452935814,0.769781768321991,0.2567522525787353,0.0054283142089843,1.0,0.3184374868869781,e6p__lam-1e-5__s0
73,model.10,0.0087139084935188,0.7619001865386963,0.2732766270637512,0.0070381164550781,1.0,0.3234374821186065,e6p__lam-1e-5__s0
74,model.10,0.010736808180809,0.7746738791465759,0.2599374055862427,0.0309600830078125,1.0,0.3309375047683716,e6p__lam-1e-5__s0
75,model.10,0.0117641044780612,0.763408899307251,0.2676596939563751,0.0141143798828125,1.0,0.3462499976158142,e6p__lam-1e-5__s0
76,model.10,0.0119005190208554,0.7881481051445007,0.2318781018257141,0.0048675537109375,1.0,0.3359375,e6p__lam-1e-5__s0
77,model.10,0.0132798738777637,0.76412034034729,0.2583484053611755,0.027740478515625,1.0,0.3599999845027923,e6p__lam-1e-5__s0
78,model.10,0.0145570272579789,0.7726773023605347,0.2710275650024414,0.008544921875,1.0,0.3381249904632568,e6p__lam-1e-5__s0
79,model.10,0.0141543196514248,0.7794285416603088,0.2609490156173706,0.051361083984375,1.0,0.3384374976158142,e6p__lam-1e-5__s0
80,model.10,0.0149324843659996,0.7856143116950989,0.257181167602539,0.0258026123046875,1.0,0.3506249785423279,e6p__lam-1e-5__s0
81,model.10,0.0162711720913648,0.7829389572143555,0.2542027831077575,0.029541015625,1.0,0.3390624821186065,e6p__lam-1e-5__s0
82,model.10,0.0161305405199527,0.7755911946296692,0.2626470029354095,0.014617919921875,1.0,0.3409374952316284,e6p__lam-1e-5__s0
83,model.10,0.017135988920927,0.7806934714317322,0.2614046931266784,0.03704833984375,1.0,0.3387500047683716,e6p__lam-1e-5__s0
84,model.10,0.0177124924957752,0.7845437526702881,0.2582978904247284,0.044921875,1.0,0.3487499952316284,e6p__lam-1e-5__s0
85,model.10,0.019102793186903,0.7742021083831787,0.2630965709686279,0.042633056640625,1.0,0.3356249928474426,e6p__lam-1e-5__s0
86,model.10,0.0201336611062288,0.7892633080482483,0.242487758398056,0.062103271484375,1.0,0.3556250035762787,e6p__lam-1e-5__s0
87,model.10,0.0200665760785341,0.8078625202178955,0.2418549954891204,0.04620361328125,1.0,0.3606249988079071,e6p__lam-1e-5__s0
88,model.10,0.0202949773520231,0.7725950479507446,0.2692821025848388,0.036285400390625,1.0,0.3568750023841858,e6p__lam-1e-5__s0
89,model.10,0.0205768644809722,0.7913225889205933,0.2329763174057006,0.0227203369140625,1.0,0.3243750035762787,e6p__lam-1e-5__s0
90,model.10,0.021862082183361,0.8086745738983154,0.2251017093658447,0.0328369140625,1.0,0.3303124904632568,e6p__lam-1e-5__s0
91,model.10,0.0228862296789884,0.76120924949646,0.2526874542236328,0.04595947265625,1.0,0.3231250047683716,e6p__lam-1e-5__s0
92,model.10,0.0234422776848077,0.8076836466789246,0.2317760586738586,0.0635986328125,1.0,0.3349999785423279,e6p__lam-1e-5__s0
93,model.10,0.0240292400121688,0.8086689710617065,0.22707100212574,0.034698486328125,1.0,0.3465625047683716,e6p__lam-1e-5__s0
94,model.10,0.0245406050235033,0.8022977113723755,0.2453390955924987,0.0706787109375,1.0,0.3403124809265136,e6p__lam-1e-5__s0
95,model.10,0.0246356427669525,0.8115078806877136,0.2254263162612915,0.0341796875,1.0,0.3274999856948852,e6p__lam-1e-5__s0
96,model.10,0.0247333496809005,0.813395082950592,0.2178807556629181,0.052520751953125,1.0,0.3462499976158142,e6p__lam-1e-5__s0
97,model.10,0.0246986728161573,0.7956584095954895,0.2539087831974029,0.0252227783203125,1.0,0.3512499928474426,e6p__lam-1e-5__s0
98,model.10,0.0250548981130123,0.7558062672615051,0.2330365777015686,0.053985595703125,1.0,0.3231250047683716,e6p__lam-1e-5__s0
99,model.10,0.0252489149570465,0.8202069401741028,0.2144266664981842,0.055816650390625,1.0,0.3028124868869781,e6p__lam-1e-5__s0
100,model.10,0.0252489149570465,0.8202069401741028,0.2144266664981842,0.055816650390625,1.0,0.3028124868869781,e6p__lam-1e-5__s0
0,model.10,-0.0006235120235942,0.4858032763004303,0.0760783031582832,0.19482421875,0.787109375,0.0,e7p__nwd-calib-norsl__s0
1,model.10,0.0022805491462349,0.5082181692123413,0.211220383644104,0.0018386840820312,0.9892578125,0.0175000000745058,e7p__nwd-calib-norsl__s0
2,model.10,-0.0030813158955425,0.5533716678619385,0.2792673707008362,0.000495433807373,0.99560546875,0.0462500005960464,e7p__nwd-calib-norsl__s0
3,model.10,0.0026279164012521,0.5683507919311523,0.2690442204475403,0.0004255771636962,0.9892578125,0.0199999995529651,e7p__nwd-calib-norsl__s0
4,model.10,-0.0030835708603262,0.5713165402412415,0.273983359336853,0.000180959701538,0.99658203125,0.0431249998509883,e7p__nwd-calib-norsl__s0
5,model.10,0.0031538887415081,0.5769440531730652,0.3014376163482666,1.2099742889404295e-05,0.9951171875,0.0565624982118606,e7p__nwd-calib-norsl__s0
6,model.10,-0.002864544512704,0.5823384523391724,0.2918989062309265,1.7762184143066406e-05,0.99951171875,0.0921875014901161,e7p__nwd-calib-norsl__s0
7,model.10,0.0017509708413854,0.6099045276641846,0.2870418131351471,1.430511474609375e-06,0.9990234375,0.1040624976158142,e7p__nwd-calib-norsl__s0
8,model.10,-1.3188563571020497e-05,0.6137546896934509,0.2908778190612793,5.364418029785156e-06,0.99853515625,0.0956249982118606,e7p__nwd-calib-norsl__s0
9,model.10,-0.0010600865352898,0.6100738644599915,0.2808867990970611,4.887580871582031e-06,0.9990234375,0.0953124985098838,e7p__nwd-calib-norsl__s0
10,model.10,0.0027309861034154,0.6120893955230713,0.2883107662200928,1.2934207916259766e-05,0.998046875,0.0943749994039535,e7p__nwd-calib-norsl__s0
11,model.10,-0.0004121215606573,0.6123259663581848,0.2943411469459533,0.0001454353332519,0.99853515625,0.0987499952316284,e7p__nwd-calib-norsl__s0
12,model.10,0.0022276693489402,0.620951235294342,0.2958215177059173,2.193450927734375e-05,0.99951171875,0.1128124967217445,e7p__nwd-calib-norsl__s0
13,model.10,0.0021287293639034,0.6358317136764526,0.2825079560279846,0.0002065896987915,0.99951171875,0.1209374964237213,e7p__nwd-calib-norsl__s0
14,model.10,0.0014205689076334,0.6504129767417908,0.310027539730072,3.3974647521972656e-05,0.99853515625,0.1112499982118606,e7p__nwd-calib-norsl__s0
15,model.10,0.0006932647665962,0.6566281914710999,0.2884697616100311,2.819299697875977e-05,0.9990234375,0.1340624988079071,e7p__nwd-calib-norsl__s0
16,model.10,0.0021366295404732,0.644822359085083,0.2925134897232055,8.684396743774414e-05,1.0,0.1024999991059303,e7p__nwd-calib-norsl__s0
17,model.10,0.0007665142184123,0.6595754623413086,0.293456107378006,6.556510925292969e-05,0.99951171875,0.1112499982118606,e7p__nwd-calib-norsl__s0
18,model.10,0.0023826970718801,0.665395975112915,0.2869227230548858,7.927417755126953e-06,0.99951171875,0.1203124970197677,e7p__nwd-calib-norsl__s0
19,model.10,0.0008194837719202,0.6839468479156494,0.279997318983078,3.737211227416992e-05,1.0,0.1290625035762787,e7p__nwd-calib-norsl__s0
20,model.10,0.0026953541673719,0.6753361225128174,0.2930939495563507,1.96695327758789e-06,1.0,0.1596874892711639,e7p__nwd-calib-norsl__s0
21,model.10,-0.0014182004379108,0.6834123134613037,0.2794869542121887,2.9087066650390625e-05,1.0,0.1571874916553497,e7p__nwd-calib-norsl__s0
22,model.10,0.002759676426649,0.681900143623352,0.3063226342201233,6.556510925292969e-05,1.0,0.1499999910593032,e7p__nwd-calib-norsl__s0
23,model.10,0.0033117060083895,0.7013584971427917,0.2934750020503998,3.88026237487793e-05,1.0,0.1893749982118606,e7p__nwd-calib-norsl__s0
24,model.10,0.0004126697022002,0.7149291634559631,0.2898991703987121,7.659196853637695e-05,1.0,0.2009374946355819,e7p__nwd-calib-norsl__s0
25,model.10,0.001906870980747,0.7216938734054565,0.3034718632698059,2.568960189819336e-05,1.0,0.2053124904632568,e7p__nwd-calib-norsl__s0
26,model.10,0.0030040186829864,0.6973676085472107,0.306414783000946,1.9371509552001957e-05,1.0,0.2096875011920929,e7p__nwd-calib-norsl__s0
27,model.10,0.0063913776539266,0.6958501935005188,0.2787765860557556,0.0001224279403686,1.0,0.2284374982118606,e7p__nwd-calib-norsl__s0
28,model.10,0.0030597958248108,0.7303974628448486,0.2761270403861999,7.033348083496094e-05,1.0,0.2718749940395355,e7p__nwd-calib-norsl__s0
29,model.10,0.004247058648616,0.7064816355705261,0.2986670434474945,7.545948028564453e-05,1.0,0.3337499797344208,e7p__nwd-calib-norsl__s0
30,model.10,0.0039682323113083,0.6902793049812317,0.3166332244873047,2.777576446533203e-05,1.0,0.3312499821186065,e7p__nwd-calib-norsl__s0
31,model.10,0.0024180400650948,0.7033261060714722,0.3066864907741546,5.364418029785156e-06,1.0,0.3065624833106994,e7p__nwd-calib-norsl__s0
32,model.10,0.0030049157794564,0.7083432078361511,0.3005284667015075,0.0001015067100524,1.0,0.3109374940395355,e7p__nwd-calib-norsl__s0
33,model.10,0.0054527577012777,0.698945164680481,0.3098190426826477,8.612871170043945e-05,1.0,0.3515625,e7p__nwd-calib-norsl__s0
34,model.10,0.0046186889521777,0.7291426062583923,0.2996339201927185,0.0010604858398437,1.0,0.3184374868869781,e7p__nwd-calib-norsl__s0
35,model.10,0.0041445293463766,0.7402334213256836,0.2917979061603546,0.0002287626266479,1.0,0.3324999809265136,e7p__nwd-calib-norsl__s0
36,model.10,0.0059865824878215,0.7304254174232483,0.2922166287899017,0.0001572370529174,1.0,0.3656249940395355,e7p__nwd-calib-norsl__s0
37,model.10,0.0069955205544829,0.7278925776481628,0.3050898909568786,0.0018310546875,1.0,0.3343749940395355,e7p__nwd-calib-norsl__s0
38,model.10,0.0078425146639347,0.7353297472000122,0.2925089597702026,0.0008759498596191,1.0,0.3646875023841858,e7p__nwd-calib-norsl__s0
39,model.10,0.0048345811665058,0.719913899898529,0.3117073178291321,0.0003275871276855,1.0,0.3743749856948852,e7p__nwd-calib-norsl__s0
40,model.10,0.0046552559360861,0.7079097032546997,0.3165098130702972,2.712011337280273e-05,1.0,0.4028124809265136,e7p__nwd-calib-norsl__s0
41,model.10,0.0035625458694994,0.7209559679031372,0.3182359933853149,7.426738739013672e-05,1.0,0.3799999952316284,e7p__nwd-calib-norsl__s0
42,model.10,0.005028732586652,0.7009610533714294,0.2999024391174316,3.1948089599609375e-05,1.0,0.3912499845027923,e7p__nwd-calib-norsl__s0
43,model.10,0.0082527371123433,0.7115083932876587,0.3090876340866089,0.0002397298812866,1.0,0.3787499964237213,e7p__nwd-calib-norsl__s0
44,model.10,0.007512810640037,0.7274417877197266,0.3147078156471252,1.138448715209961e-05,1.0,0.3693749904632568,e7p__nwd-calib-norsl__s0
45,model.10,0.0079484581947326,0.7089088559150696,0.3419742584228515,0.0,1.0,0.3865624964237213,e7p__nwd-calib-norsl__s0
46,model.10,0.0081132836639881,0.6927902698516846,0.3517643213272095,9.316205978393556e-05,1.0,0.3684374988079071,e7p__nwd-calib-norsl__s0
47,model.10,0.0066637252457439,0.704899787902832,0.3398537635803222,3.75509262084961e-06,1.0,0.3924999833106994,e7p__nwd-calib-norsl__s0
48,model.10,0.0091967685148119,0.699192464351654,0.332450658082962,6.67572021484375e-06,1.0,0.3890624940395355,e7p__nwd-calib-norsl__s0
49,model.10,0.0086822789162397,0.6967825889587402,0.3422041535377502,1.0311603546142578e-05,1.0,0.4149999916553497,e7p__nwd-calib-norsl__s0
50,model.10,0.0110792340710759,0.6847699880599976,0.356176882982254,1.7642974853515625e-05,1.0,0.3871874809265136,e7p__nwd-calib-norsl__s0
51,model.10,0.0095241609960794,0.6823058724403381,0.3576465249061584,3.337860107421875e-06,1.0,0.3884374797344208,e7p__nwd-calib-norsl__s0
52,model.10,0.0074880798347294,0.668788731098175,0.3605906963348388,2.6226043701171875e-06,1.0,0.426562488079071,e7p__nwd-calib-norsl__s0
53,model.10,0.0059145973064005,0.6961287260055542,0.3411154747009277,3.874301910400391e-06,1.0,0.4259375035762787,e7p__nwd-calib-norsl__s0
54,model.10,0.0102663980796933,0.6812178492546082,0.3494529128074646,8.940696716308594e-06,1.0,0.4306249916553497,e7p__nwd-calib-norsl__s0
55,model.10,0.0111574120819568,0.6717187166213989,0.3672198951244354,3.4809112548828125e-05,1.0,0.4293749928474426,e7p__nwd-calib-norsl__s0
56,model.10,0.0111067527905106,0.6680908203125,0.3616133034229278,1.1682510375976562e-05,1.0,0.4568749964237213,e7p__nwd-calib-norsl__s0
57,model.10,0.0119256749749183,0.6476958990097046,0.3629749417304992,1.1920928955078125e-07,1.0,0.3700000047683716,e7p__nwd-calib-norsl__s0
58,model.10,0.0128551814705133,0.6500186920166016,0.3794350624084472,1.788139343261719e-07,1.0,0.4381249845027923,e7p__nwd-calib-norsl__s0
59,model.10,0.0137946428731083,0.6223468780517578,0.3749984800815582,7.808208465576172e-06,1.0,0.4334374964237213,e7p__nwd-calib-norsl__s0
60,model.10,0.0138623202219605,0.6312533617019653,0.3845094740390777,3.534555435180664e-05,1.0,0.4171874821186065,e7p__nwd-calib-norsl__s0
61,model.10,0.0121618611738085,0.6285844445228577,0.3807668387889862,1.0132789611816406e-06,1.0,0.4128125011920929,e7p__nwd-calib-norsl__s0
62,model.10,0.0119529012590646,0.6262480020523071,0.3753505051136017,1.132488250732422e-05,1.0,0.4153124988079071,e7p__nwd-calib-norsl__s0
63,model.10,0.0113439466804265,0.6337477564811707,0.3768861889839172,4.887580871582031e-06,1.0,0.4131249785423279,e7p__nwd-calib-norsl__s0
64,model.10,0.0140440724790096,0.6476376056671143,0.3639211058616638,1.1920928955078123e-05,1.0,0.4015624821186065,e7p__nwd-calib-norsl__s0
65,model.10,0.0150645561516284,0.637737512588501,0.3537631630897522,1.2814998626708984e-05,1.0,0.4056249856948852,e7p__nwd-calib-norsl__s0
66,model.10,0.0157041531056165,0.6365934610366821,0.3872515857219696,3.516674041748047e-06,1.0,0.4431249797344208,e7p__nwd-calib-norsl__s0
67,model.10,0.0170126166194677,0.6337311863899231,0.3722094595432281,7.152557373046875e-07,1.0,0.395312488079071,e7p__nwd-calib-norsl__s0
68,model.10,0.0179994590580463,0.6148471832275391,0.3707123100757599,1.1920928955078125e-07,1.0,0.4012500047683716,e7p__nwd-calib-norsl__s0
69,model.10,0.0194825679063797,0.5940521359443665,0.3679689466953277,9.357929229736328e-06,1.0,0.3834374845027923,e7p__nwd-calib-norsl__s0
70,model.10,0.0177202895283699,0.6404485702514648,0.3557906150817871,5.227327346801758e-05,1.0,0.3659375011920929,e7p__nwd-calib-norsl__s0
71,model.10,0.0178686194121837,0.6354030966758728,0.3707224130630493,4.410743713378906e-06,1.0,0.4199999868869781,e7p__nwd-calib-norsl__s0
72,model.10,0.017344644293189,0.646386981010437,0.3798762559890747,5.066394805908203e-05,1.0,0.4153124988079071,e7p__nwd-calib-norsl__s0
73,model.10,0.0181670673191547,0.6190285086631775,0.3866367936134338,7.724761962890625e-05,1.0,0.3931249976158142,e7p__nwd-calib-norsl__s0
74,model.10,0.0191098041832447,0.6251122355461121,0.376807153224945,2.7298927307128903e-05,1.0,0.3824999928474426,e7p__nwd-calib-norsl__s0
75,model.10,0.0199695322662591,0.6506893634796143,0.3629465699195862,6.866455078125e-05,1.0,0.3584374785423279,e7p__nwd-calib-norsl__s0
76,model.10,0.0219951700419187,0.6271564960479736,0.3732819557189941,1.4483928680419922e-05,1.0,0.4165624976158142,e7p__nwd-calib-norsl__s0
77,model.10,0.0223134960979223,0.622799813747406,0.3816064000129699,4.947185516357422e-06,1.0,0.4018749892711639,e7p__nwd-calib-norsl__s0
78,model.10,0.0227765571326017,0.6387962698936462,0.3657775521278381,8.684396743774414e-05,1.0,0.4018749892711639,e7p__nwd-calib-norsl__s0
79,model.10,0.023349268361926,0.6409843564033508,0.3639420866966247,2.86102294921875e-06,1.0,0.3946875035762787,e7p__nwd-calib-norsl__s0
80,model.10,0.0240946505218744,0.6207500696182251,0.3572597503662109,0.0001726150512695,1.0,0.3728124797344208,e7p__nwd-calib-norsl__s0
81,model.10,0.0242535546422004,0.6545884013175964,0.360623300075531,9.685754776000977e-05,1.0,0.3546874821186065,e7p__nwd-calib-norsl__s0
82,model.10,0.0255992524325847,0.6362048387527466,0.3638874292373657,7.426738739013672e-05,1.0,0.3840624988079071,e7p__nwd-calib-norsl__s0
83,model.10,0.0252587832510471,0.6302509307861328,0.3769956827163696,0.0002002716064453,1.0,0.3549999892711639,e7p__nwd-calib-norsl__s0
84,model.10,0.0252774190157651,0.6315358877182007,0.3604871034622192,9.459257125854492e-05,1.0,0.3846874833106994,e7p__nwd-calib-norsl__s0
85,model.10,0.0266831368207931,0.6018494367599487,0.3729170858860016,2.4139881134033203e-05,1.0,0.3793749809265136,e7p__nwd-calib-norsl__s0
86,model.10,0.0269144997000694,0.6575536727905273,0.3635603189468384,0.0002018213272094,1.0,0.4178124964237213,e7p__nwd-calib-norsl__s0
87,model.10,0.0275438353419303,0.614614725112915,0.3812639713287353,3.510713577270508e-05,1.0,0.390625,e7p__nwd-calib-norsl__s0
88,model.10,0.0284261349588632,0.6217597723007202,0.3716349303722381,2.5093555450439453e-05,1.0,0.3643749952316284,e7p__nwd-calib-norsl__s0
89,model.10,0.0284672603011131,0.6163753867149353,0.3709699511528015,0.0001896619796752,1.0,0.3606249988079071,e7p__nwd-calib-norsl__s0
90,model.10,0.0288333892822265,0.635732114315033,0.3555891513824463,0.0001141428947448,1.0,0.3715624809265136,e7p__nwd-calib-norsl__s0
91,model.10,0.0294231344014406,0.6324169635772705,0.3607458472251892,4.76837158203125e-06,1.0,0.3346875011920929,e7p__nwd-calib-norsl__s0
92,model.10,0.0298379380255937,0.6431124210357666,0.3370614051818847,0.0001622438430786,1.0,0.3578124940395355,e7p__nwd-calib-norsl__s0
93,model.10,0.0302653778344392,0.6306066513061523,0.3520683050155639,1.3649463653564451e-05,1.0,0.3849999904632568,e7p__nwd-calib-norsl__s0
94,model.10,0.0305905304849147,0.6274662613868713,0.356312096118927,0.0003407001495361,1.0,0.309374988079071,e7p__nwd-calib-norsl__s0
95,model.10,0.0310519412159919,0.6349812746047974,0.3551039695739746,0.0001263618469238,1.0,0.3937499821186065,e7p__nwd-calib-norsl__s0
96,model.10,0.0312417764216661,0.6406334042549133,0.362191379070282,4.911422729492188e-05,1.0,0.3743749856948852,e7p__nwd-calib-norsl__s0
97,model.10,0.0315459445118904,0.6191441416740417,0.350690484046936,0.000521183013916,1.0,0.3540624976158142,e7p__nwd-calib-norsl__s0
98,model.10,0.0318006090819835,0.6197496056556702,0.3481271266937256,5.692243576049805e-05,1.0,0.414374977350235,e7p__nwd-calib-norsl__s0
99,model.10,0.031845137476921,0.6354819536209106,0.3442960679531097,1.925230026245117e-05,1.0,0.3693749904632568,e7p__nwd-calib-norsl__s0
100,model.10,0.031845137476921,0.6354819536209106,0.3442960679531097,1.925230026245117e-05,1.0,0.3693749904632568,e7p__nwd-calib-norsl__s0
0,model.10,0.0010906391544267,0.5093271732330322,0.0944307446479797,0.1866455078125,0.83642578125,0.0,e2p__postsppf__s1
1,model.10,-0.0002078609686577,0.5069857835769653,0.1471340954303741,0.08978271484375,0.9697265625,0.0,e2p__postsppf__s1
2,model.10,-0.0009318655356764,0.5046465992927551,0.1888309270143509,0.0090560913085937,0.97412109375,0.0006249999860301,e2p__postsppf__s1
3,model.10,0.0023156064562499,0.4982158839702606,0.2142596840858459,0.0054054260253906,0.98095703125,0.0040624998509883,e2p__postsppf__s1
4,model.10,-0.001503016334027,0.5210017561912537,0.2231088131666183,0.003854751586914,0.97998046875,0.0046874997206032,e2p__postsppf__s1
5,model.10,0.0018171964911743,0.5501518249511719,0.245760828256607,0.0039596557617187,0.994140625,0.0084374994039535,e2p__postsppf__s1
6,model.10,0.0009940706659108,0.5747650861740112,0.2816967368125915,0.0017957687377929,0.99951171875,0.0531249977648258,e2p__postsppf__s1
7,model.10,-0.0004350479866843,0.5943125486373901,0.2796094417572021,0.0009040832519531,1.0,0.0621875002980232,e2p__postsppf__s1
8,model.10,0.0003329962491989,0.5974159836769104,0.2868465185165405,0.0007319450378417,1.0,0.0518749989569187,e2p__postsppf__s1
9,model.10,-0.0015672399895265,0.611107587814331,0.2775535583496094,0.0015125274658203,0.99951171875,0.0709374994039535,e2p__postsppf__s1
10,model.10,-2.3292945115827024e-05,0.6125732064247131,0.2858902513980865,0.0017004013061523,1.0,0.0759374946355819,e2p__postsppf__s1
11,model.10,0.0010873118881136,0.6054947376251221,0.2869472801685333,0.0002217292785644,1.0,0.0965624973177909,e2p__postsppf__s1
12,model.10,-0.0013579803053289,0.6176464557647705,0.2832286059856415,0.0001088976860046,0.99951171875,0.0968749970197677,e2p__postsppf__s1
13,model.10,5.4036434448789805e-05,0.6167068481445312,0.2886006832122803,0.0002434253692626,0.99951171875,0.0775000005960464,e2p__postsppf__s1
14,model.10,-0.0008330729906447,0.6564456224441528,0.2926473617553711,0.0005092620849609,1.0,0.109375,e2p__postsppf__s1
15,model.10,0.0048216739669442,0.6592174172401428,0.3093778192996979,1.2636184692382812e-05,1.0,0.1628125011920929,e2p__postsppf__s1
16,model.10,-0.0020910988096147,0.6483103036880493,0.2976998090744018,0.0001511573791503,1.0,0.2034374922513961,e2p__postsppf__s1
17,model.10,-0.0010030791163444,0.6555917859077454,0.2909518778324127,1.2099742889404295e-05,1.0,0.2259375005960464,e2p__postsppf__s1
18,model.10,0.0025038083549588,0.6533297300338745,0.3084426820278168,8.046627044677734e-06,1.0,0.2003124952316284,e2p__postsppf__s1
19,model.10,-0.0029746443033218,0.6591102480888367,0.3178834319114685,3.618001937866211e-05,1.0,0.2184374928474426,e2p__postsppf__s1
20,model.10,-0.00084715266712,0.6735976934432983,0.3038580417633056,2.026557922363281e-06,1.0,0.2587499916553497,e2p__postsppf__s1
21,model.10,-0.0003702516842167,0.678657054901123,0.2990244626998901,2.390146255493164e-05,1.0,0.1737499982118606,e2p__postsppf__s1
22,model.10,0.0014837215421721,0.7054896950721741,0.3005105853080749,1.2695789337158205e-05,1.0,0.1921875029802322,e2p__postsppf__s1
23,model.10,-0.0004087057895958,0.7073612809181213,0.3053345382213592,2.682209014892578e-06,1.0,0.2134374976158142,e2p__postsppf__s1
24,model.10,-0.0006012768717482,0.7036967277526855,0.3190857172012329,3.534555435180664e-05,1.0,0.2365624904632568,e2p__postsppf__s1
25,model.10,0.0004847095406148,0.6940096616744995,0.2973977327346802,9.894371032714844e-06,1.0,0.2290624976158142,e2p__postsppf__s1
26,model.10,-0.0002937115496024,0.7067474722862244,0.2945722341537475,0.000251293182373,1.0,0.1756249964237213,e2p__postsppf__s1
27,model.10,-0.0023416900075972,0.7041509747505188,0.2936558127403259,1.2993812561035156e-05,1.0,0.2181250005960464,e2p__postsppf__s1
28,model.10,-0.0002575617399998,0.6943600177764893,0.3252385854721069,3.975629806518555e-05,1.0,0.2331250011920929,e2p__postsppf__s1
29,model.10,-0.0010038616601377,0.7067592740058899,0.296722263097763,1.430511474609375e-06,1.0,0.2043749988079071,e2p__postsppf__s1
30,model.10,0.0028336003888398,0.7072640657424927,0.2948716878890991,0.0001150369644165,1.0,0.2337500005960464,e2p__postsppf__s1
31,model.10,0.0025741492863744,0.7213824987411499,0.2896909117698669,8.463859558105469e-06,1.0,0.2146874964237213,e2p__postsppf__s1
32,model.10,-0.0011158944107592,0.7262089252471924,0.2886124849319458,0.000180959701538,1.0,0.2128124982118606,e2p__postsppf__s1
33,model.10,-0.0011863230029121,0.6967964172363281,0.3230375051498413,4.57763671875e-05,1.0,0.2662499845027923,e2p__postsppf__s1
34,model.10,-0.0006543063209392,0.7129362225532532,0.3017900586128235,3.737211227416992e-05,1.0,0.2562499940395355,e2p__postsppf__s1
35,model.10,-0.0020012066233903,0.6948347091674805,0.3106037974357605,5.561113357543945e-05,1.0,0.2481250017881393,e2p__postsppf__s1
36,model.10,0.0020546442829072,0.710131049156189,0.3182267248630523,4.684925079345703e-05,1.0,0.2671875059604645,e2p__postsppf__s1
37,model.10,-7.06932696630247e-05,0.7281857132911682,0.2910655438899994,2.443790435791016e-06,1.0,0.2874999940395355,e2p__postsppf__s1
38,model.10,-0.0004654801741708,0.6881750226020813,0.3100452423095703,1.6987323760986328e-05,1.0,0.2687499821186065,e2p__postsppf__s1
39,model.10,0.0033207014203071,0.6980280876159668,0.3091914057731628,1.1205673217773438e-05,1.0,0.2699999809265136,e2p__postsppf__s1
40,model.10,0.0014382258523255,0.7030784487724304,0.306704580783844,5.143880844116211e-05,1.0,0.2743749916553497,e2p__postsppf__s1
41,model.10,-0.0013727629557251,0.7158595323562622,0.2928853332996368,0.0001293420791625,1.0,0.2543749809265136,e2p__postsppf__s1
42,model.10,-0.0004304957983549,0.7123730182647705,0.2966945171356201,1.788139343261719e-07,1.0,0.2606250047683716,e2p__postsppf__s1
43,model.10,0.0033365238923579,0.7037307620048523,0.3111331462860107,3.319978713989258e-05,1.0,0.2834374904632568,e2p__postsppf__s1
44,model.10,0.0012750439345836,0.7123110890388489,0.2941233515739441,3.820657730102539e-05,1.0,0.2721875011920929,e2p__postsppf__s1
45,model.10,-0.0022693576756864,0.6984185576438904,0.3254052996635437,0.0001366138458251,1.0,0.2693749964237213,e2p__postsppf__s1
46,model.10,-0.0029828487895429,0.7080938816070557,0.2793270349502563,5.692243576049805e-05,1.0,0.3059374988079071,e2p__postsppf__s1
47,model.10,2.1175495930947363e-05,0.6861253380775452,0.3288652598857879,7.033348083496094e-06,1.0,0.2906250059604645,e2p__postsppf__s1
48,model.10,0.0004408454988151,0.6886642575263977,0.31449955701828,9.5367431640625e-05,1.0,0.3075000047683716,e2p__postsppf__s1
49,model.10,-0.000211588689126,0.6800096035003662,0.3171329498291015,9.953975677490234e-06,1.0,0.3059374988079071,e2p__postsppf__s1
50,model.10,0.0005371769075281,0.7023385167121887,0.3180708289146423,0.0002251863479614,1.0,0.3178125023841858,e2p__postsppf__s1
51,model.10,9.574587238603272e-06,0.6835655570030212,0.3214249610900879,0.0001686811447143,1.0,0.2790624797344208,e2p__postsppf__s1
52,model.10,0.00214563915506,0.7103666663169861,0.3208079934120178,7.748603820800781e-07,1.0,0.2971875071525574,e2p__postsppf__s1
53,model.10,-0.0006129046087153,0.7008535861968994,0.322420060634613,0.0001205205917358,1.0,0.2953124940395355,e2p__postsppf__s1
54,model.10,-0.0017763982759788,0.6927366256713867,0.3270944356918335,0.0002472400665283,1.0,0.3028124868869781,e2p__postsppf__s1
55,model.10,0.0002258089807583,0.7275229692459106,0.2739128172397613,9.459257125854492e-05,1.0,0.2965624928474426,e2p__postsppf__s1
56,model.10,0.0009448719210922,0.7061613202095032,0.3095413446426391,0.0004355907440185,1.0,0.2853125035762787,e2p__postsppf__s1
57,model.10,0.0002246664662379,0.7085124254226685,0.3120587766170501,4.649162292480469e-05,1.0,0.2971875071525574,e2p__postsppf__s1
58,model.10,-0.001764599001035,0.7123962044715881,0.2970103621482849,8.684396743774414e-05,1.0,0.3112500011920929,e2p__postsppf__s1
59,model.10,-0.0004475693567655,0.7155168056488037,0.3011307120323181,0.0001293420791625,1.0,0.3137499988079071,e2p__postsppf__s1
60,model.10,0.0004969405126757,0.7199792265892029,0.3115631341934204,0.0003302097320556,1.0,0.2771874964237213,e2p__postsppf__s1
61,model.10,0.0011498138774186,0.7144457101821899,0.3033385872840881,0.0007410049438476,1.0,0.3121874928474426,e2p__postsppf__s1
62,model.10,2.436239446979016e-05,0.738644540309906,0.2796009182929992,0.0003697872161865,1.0,0.2971875071525574,e2p__postsppf__s1
63,model.10,0.0006770655163563,0.7336075901985168,0.2832983434200287,0.0001660585403442,1.0,0.3087500035762787,e2p__postsppf__s1
64,model.10,0.0004822413902729,0.7394768595695496,0.2821828722953796,0.0008459091186523,1.0,0.2956250011920929,e2p__postsppf__s1
65,model.10,0.0001418689353158,0.7556827664375305,0.2840423583984375,0.0001780986785888,1.0,0.2996875047683716,e2p__postsppf__s1
66,model.10,-0.0008136281976476,0.7349438071250916,0.2915612161159515,0.0002359151840209,1.0,0.3343749940395355,e2p__postsppf__s1
67,model.10,-0.0006346887093968,0.7196321487426758,0.2876101732254028,0.0005931854248046,1.0,0.3128125071525574,e2p__postsppf__s1
68,model.10,-0.0001158914528787,0.7204964756965637,0.3104052543640136,0.0006237030029296,1.0,0.2946874797344208,e2p__postsppf__s1
69,model.10,-0.0003564629878383,0.7240535020828247,0.30979984998703,0.0005745887756347,1.0,0.2974999845027923,e2p__postsppf__s1
70,model.10,0.00073746626731,0.7268559336662292,0.2858650088310241,0.0001123547554016,1.0,0.3703124821186065,e2p__postsppf__s1
71,model.10,0.0020827611442655,0.7284914255142212,0.3226570188999176,0.0004477500915527,1.0,0.3368749916553497,e2p__postsppf__s1
72,model.10,0.0015355083160102,0.7199493050575256,0.3059877157211303,0.0003981590270996,1.0,0.3637499809265136,e2p__postsppf__s1
73,model.10,0.0012993075652047,0.7175489068031311,0.2935747802257538,0.001713752746582,1.0,0.3284375071525574,e2p__postsppf__s1
74,model.10,0.0004854636208619,0.7356391549110413,0.3033407330513,5.4776668548583984e-05,1.0,0.3559374809265136,e2p__postsppf__s1
75,model.10,0.0010249884799122,0.7178709506988525,0.316895455121994,0.0013151168823242,1.0,0.3515625,e2p__postsppf__s1
76,model.10,0.000316435995046,0.7570709586143494,0.2816666960716247,0.0003054141998291,1.0,0.3524999916553497,e2p__postsppf__s1
77,model.10,0.0002660924510564,0.7272939682006836,0.3062167763710022,0.0004076957702636,1.0,0.3468749821186065,e2p__postsppf__s1
78,model.10,0.0009234430035576,0.7527438402175903,0.3010179400444031,0.0009622573852539,1.0,0.3368749916553497,e2p__postsppf__s1
79,model.10,0.001227181055583,0.7341139912605286,0.3261550366878509,0.0002033710479736,1.0,0.3509374856948852,e2p__postsppf__s1
80,model.10,0.0012734992196783,0.7430905103683472,0.2999880909919739,6.556510925292969e-06,1.0,0.3378124833106994,e2p__postsppf__s1
81,model.10,0.0007142139947973,0.7325167655944824,0.310871422290802,8.153915405273438e-05,1.0,0.3234374821186065,e2p__postsppf__s1
82,model.10,0.000950536923483,0.7168987989425659,0.3396281003952026,0.0006537437438964,1.0,0.3928124904632568,e2p__postsppf__s1
83,model.10,0.0005064589786343,0.7389993071556091,0.3008079528808594,3.0994415283203125e-06,1.0,0.3434374928474426,e2p__postsppf__s1
84,model.10,0.0009966361103579,0.7483539581298828,0.2832258641719818,0.0001740455627441,1.0,0.3143749833106994,e2p__postsppf__s1
85,model.10,0.0009599759359844,0.7370136976242065,0.3141332864761352,0.0001523494720458,1.0,0.3487499952316284,e2p__postsppf__s1
86,model.10,0.0019858661107718,0.7292517423629761,0.3050090670585632,7.086992263793945e-05,1.0,0.3312499821186065,e2p__postsppf__s1
87,model.10,0.0014784381492063,0.7189140319824219,0.3158715367317199,6.711483001708984e-05,1.0,0.3459374904632568,e2p__postsppf__s1
88,model.10,0.001001188182272,0.7231870293617249,0.2931642532348633,5.3048133850097656e-05,1.0,0.3178125023841858,e2p__postsppf__s1
89,model.10,0.0013869905378669,0.7224121689796448,0.3025107979774475,6.204843521118164e-05,1.0,0.3234374821186065,e2p__postsppf__s1
90,model.10,0.001777711440809,0.7524016499519348,0.2957191467285156,5.9664249420166016e-05,1.0,0.3021875023841858,e2p__postsppf__s1
91,model.10,0.0019695332739502,0.7354438900947571,0.2993272542953491,0.0008559226989746,1.0,0.3365624845027923,e2p__postsppf__s1
92,model.10,0.0020409799180924,0.7266413569450378,0.3120765686035156,6.920099258422852e-05,1.0,0.3199999928474426,e2p__postsppf__s1
93,model.10,0.002001179382205,0.7486544847488403,0.283049076795578,9.608268737792967e-05,1.0,0.3462499976158142,e2p__postsppf__s1
94,model.10,0.0019732122309505,0.7320044040679932,0.2973045706748962,1.6987323760986328e-05,1.0,0.3231250047683716,e2p__postsppf__s1
95,model.10,0.0026852332521229,0.7206792831420898,0.3082091808319092,4.756450653076172e-05,1.0,0.3340624868869781,e2p__postsppf__s1
96,model.10,0.002866385038942,0.74925696849823,0.2859087586402893,0.0001634359359741,1.0,0.3393749892711639,e2p__postsppf__s1
97,model.10,0.0029097399674355,0.727047324180603,0.308599442243576,0.0005679130554199,1.0,0.3346875011920929,e2p__postsppf__s1
98,model.10,0.0030677593313157,0.7429159283638,0.314139574766159,3.451108932495117e-05,1.0,0.356249988079071,e2p__postsppf__s1
99,model.10,0.0032430321443825,0.7549850344657898,0.2973504960536957,0.0001956224441528,1.0,0.3371874988079071,e2p__postsppf__s1
100,model.10,0.0032430321443825,0.7549850344657898,0.2973504960536957,0.0001956224441528,1.0,0.3371874988079071,e2p__postsppf__s1
0,model.10,1.5602414350723848e-05,0.4829925000667572,0.0761381089687347,0.227783203125,0.83349609375,0.0,e2p__postsppf__s2
1,model.10,-0.0056798197329044,0.5219807028770447,0.2162876427173614,0.07696533203125,0.99658203125,0.0084374994039535,e2p__postsppf__s2
2,model.10,0.0009192946599796,0.5488703846931458,0.2390675991773605,0.0034160614013671,0.98095703125,0.0228124987334013,e2p__postsppf__s2
3,model.10,-0.0013050611596554,0.5260111689567566,0.2383596748113632,0.0049629211425781,0.99755859375,0.0096875000745058,e2p__postsppf__s2
4,model.10,0.0017188894562423,0.5247082710266113,0.2222199141979217,0.0135345458984375,0.99365234375,0.0106250001117587,e2p__postsppf__s2
5,model.10,-0.0029745067004114,0.5435464382171631,0.2396602630615234,0.0041656494140625,0.99462890625,0.0090624997392296,e2p__postsppf__s2
6,model.10,0.0042637498117983,0.5251269340515137,0.2492299228906631,0.0046272277832031,0.99951171875,0.0140624996274709,e2p__postsppf__s2
7,model.10,-0.0002079308178508,0.5318439602851868,0.2551754117012024,0.000521183013916,0.99951171875,0.0587499998509883,e2p__postsppf__s2
8,model.10,0.002921592677012,0.5575544834136963,0.2687890529632568,0.0002002716064453,0.99951171875,0.0640624985098838,e2p__postsppf__s2
9,model.10,-0.0013745288597419,0.5892112851142883,0.2918701469898224,0.0010204315185546,0.99853515625,0.0674999952316284,e2p__postsppf__s2
10,model.10,0.0006178952171467,0.5774907469749451,0.2964656352996826,0.0006313323974609,1.0,0.1099999994039535,e2p__postsppf__s2
11,model.10,0.0003896823909599,0.5903716683387756,0.2688154578208923,0.0001767873764038,0.99951171875,0.1028124988079071,e2p__postsppf__s2
12,model.10,-0.0002051500196103,0.5977259874343872,0.2679868936538696,0.0007295608520507,0.99951171875,0.0909374952316284,e2p__postsppf__s2
13,model.10,0.0011635976843535,0.5942491292953491,0.2926295399665832,0.0031242370605468,0.9990234375,0.0518749989569187,e2p__postsppf__s2
14,model.10,0.0024272708687931,0.6028890609741211,0.2622383832931518,0.0004339218139648,1.0,0.0718749985098838,e2p__postsppf__s2
15,model.10,-0.0025817959103733,0.5912530422210693,0.2518897354602813,0.0016231536865234,1.0,0.0959374979138374,e2p__postsppf__s2
16,model.10,0.0009691989980638,0.580302894115448,0.2875570654869079,0.001810073852539,1.0,0.0981249958276748,e2p__postsppf__s2
17,model.10,0.0011570530477911,0.5799368619918823,0.2694781422615051,0.0006566047668457,0.9990234375,0.1103124991059303,e2p__postsppf__s2
18,model.10,-0.0028625119011849,0.5854794979095459,0.2937799096107483,8.887052536010742e-05,1.0,0.0906249955296516,e2p__postsppf__s2
19,model.10,0.0006886000046506,0.6083762049674988,0.3063370585441589,4.0531158447265625e-06,0.99951171875,0.0909374952316284,e2p__postsppf__s2
20,model.10,-0.0001639407128095,0.6008182168006897,0.2766656875610351,0.000476598739624,0.99951171875,0.1103124991059303,e2p__postsppf__s2
21,model.10,-0.0012752838665619,0.587160587310791,0.3024072051048279,4.649162292480469e-05,0.9990234375,0.0981249958276748,e2p__postsppf__s2
22,model.10,0.0031949791591614,0.5831056833267212,0.3247679471969604,2.568960189819336e-05,1.0,0.1284375041723251,e2p__postsppf__s2
23,model.10,-0.0039768954738974,0.6065982580184937,0.2993266880512237,7.987022399902344e-06,0.9990234375,0.1218749955296516,e2p__postsppf__s2
24,model.10,-0.0027894510421901,0.5887226462364197,0.3252751529216766,3.594160079956055e-05,1.0,0.1681250035762787,e2p__postsppf__s2
25,model.10,0.0029055951163172,0.5984998345375061,0.2741948664188385,5.9664249420166016e-05,0.99951171875,0.1793749928474426,e2p__postsppf__s2
26,model.10,0.0003182126965839,0.6122215986251831,0.3113294839859009,0.000251293182373,1.0,0.1359374970197677,e2p__postsppf__s2
27,model.10,0.0005044207791797,0.6176605224609375,0.3173432052135467,7.867813110351562e-06,1.0,0.1843750029802322,e2p__postsppf__s2
28,model.10,0.0028146470431238,0.6205433011054993,0.3136532008647918,2.193450927734375e-05,1.0,0.1243750005960464,e2p__postsppf__s2
29,model.10,-0.002254469320178,0.640890896320343,0.3166893124580383,1.633167266845703e-05,1.0,0.1343749910593032,e2p__postsppf__s2
30,model.10,-2.6578323740977797e-05,0.6211080551147461,0.3267855048179626,0.0004239082336425,1.0,0.1424999982118606,e2p__postsppf__s2
31,model.10,0.0027698094490915,0.6309089064598083,0.3196460008621216,4.649162292480469e-05,1.0,0.1296875029802322,e2p__postsppf__s2
32,model.10,-0.0020753077697008,0.6327406764030457,0.3045281171798706,9.834766387939451e-06,1.0,0.1184374988079071,e2p__postsppf__s2
33,model.10,-3.743200431927107e-05,0.6156671643257141,0.3024551570415497,0.0003199577331542,1.0,0.1568749994039535,e2p__postsppf__s2
34,model.10,0.0028989205602556,0.6361122131347656,0.2884064316749573,5.066394805908203e-06,1.0,0.1850000023841858,e2p__postsppf__s2
35,model.10,0.0017351659480482,0.6408201456069946,0.2766372561454773,4.76837158203125e-07,1.0,0.1856250017881393,e2p__postsppf__s2
36,model.10,-0.0008236708235926,0.6020230054855347,0.3384043872356415,2.646446228027344e-05,1.0,0.194374993443489,e2p__postsppf__s2
37,model.10,-0.0006284989067353,0.6267275214195251,0.3050786554813385,3.2782554626464844e-06,1.0,0.2062499970197677,e2p__postsppf__s2
38,model.10,0.0009094793931581,0.635212779045105,0.3043519854545593,1.3113021850585938e-05,1.0,0.1715624928474426,e2p__postsppf__s2
39,model.10,0.0006795207154937,0.6355574131011963,0.3280843496322632,1.0788440704345705e-05,1.0,0.1953125,e2p__postsppf__s2
40,model.10,-0.0010225421283394,0.6320760846138,0.3156595826148987,1.0371208190917969e-05,1.0,0.1574999988079071,e2p__postsppf__s2
41,model.10,0.0001823078055167,0.6431286334991455,0.3196765780448913,2.54511833190918e-05,1.0,0.1656249910593032,e2p__postsppf__s2
42,model.10,0.0003458584833424,0.633860170841217,0.32135009765625,7.599592208862305e-05,1.0,0.1706250011920929,e2p__postsppf__s2
43,model.10,-0.0006345746223814,0.6502314805984497,0.294329285621643,1.728534698486328e-06,1.0,0.1893749982118606,e2p__postsppf__s2
44,model.10,-0.0006182909128256,0.6611176133155823,0.3006211221218109,1.0848045349121094e-05,1.0,0.1990624964237213,e2p__postsppf__s2
45,model.10,-0.0005645447527058,0.6527062654495239,0.297599732875824,5.364418029785156e-07,1.0,0.2159374952316284,e2p__postsppf__s2
46,model.10,0.0014405167894437,0.6537864804267883,0.313920646905899,0.0005397796630859,1.0,0.1884374916553497,e2p__postsppf__s2
47,model.10,0.0010303144808858,0.6501201391220093,0.3199093639850616,6.35385513305664e-05,1.0,0.1981249898672104,e2p__postsppf__s2
48,model.10,0.000431270658737,0.6753614544868469,0.2604782283306122,2.6226043701171875e-06,1.0,0.1896874904632568,e2p__postsppf__s2
49,model.10,0.0004381857288535,0.638736367225647,0.3024914562702179,0.0001442432403564,1.0,0.2124999910593032,e2p__postsppf__s2
50,model.10,-6.0809448768850416e-05,0.6523991227149963,0.2989242970943451,3.349781036376953e-05,1.0,0.155312493443489,e2p__postsppf__s2
51,model.10,0.0012640997301787,0.6556679606437683,0.3138552606105804,5.346536636352539e-05,1.0,0.1578124910593032,e2p__postsppf__s2
52,model.10,-0.0002568058553151,0.6445304751396179,0.3014588952064514,4.434585571289063e-05,1.0,0.2003124952316284,e2p__postsppf__s2
53,model.10,-0.0002906017471104,0.6509492993354797,0.3077017068862915,8.887052536010742e-05,1.0,0.1821874976158142,e2p__postsppf__s2
54,model.10,-0.0002863382687792,0.6492998600006104,0.2968043088912964,3.761053085327149e-05,1.0,0.2159374952316284,e2p__postsppf__s2
55,model.10,-0.0004939343780279,0.6551483273506165,0.3130484819412231,0.0001273155212402,1.0,0.1856250017881393,e2p__postsppf__s2
56,model.10,0.0017528889002278,0.6532391309738159,0.3351026773452759,6.157159805297852e-05,1.0,0.1890624910593032,e2p__postsppf__s2
57,model.10,0.0017028938746079,0.6679977178573608,0.2965258955955505,4.410743713378906e-06,1.0,0.1781249940395355,e2p__postsppf__s2
58,model.10,0.0007243328145705,0.6697794198989868,0.2950265109539032,9.834766387939451e-06,1.0,0.1759374886751175,e2p__postsppf__s2
59,model.10,-0.0001439374318579,0.679684042930603,0.304106593132019,1.0132789611816406e-06,1.0,0.1875,e2p__postsppf__s2
60,model.10,-0.0002668075321707,0.6470481753349304,0.3126887083053589,0.0001559257507324,1.0,0.2025000005960464,e2p__postsppf__s2
61,model.10,0.0006838956614956,0.6594664454460144,0.3112455308437347,0.0002737045288085,1.0,0.1837499886751175,e2p__postsppf__s2
62,model.10,0.0001530937879579,0.6602815389633179,0.2884825468063354,8.761882781982422e-06,1.0,0.217812493443489,e2p__postsppf__s2
63,model.10,0.0024979838635772,0.6564323902130127,0.3033889830112457,4.83393669128418e-05,1.0,0.2084375023841858,e2p__postsppf__s2
64,model.10,0.0028365771286189,0.6691099405288696,0.2952736914157867,1.5795230865478516e-05,1.0,0.2081249952316284,e2p__postsppf__s2
65,model.10,-0.0001586963480804,0.6737444996833801,0.3034687042236328,0.0002591609954833,1.0,0.2512499988079071,e2p__postsppf__s2
66,model.10,0.0005968167679384,0.6738055944442749,0.2919292449951172,0.0005035400390625,1.0,0.233437493443489,e2p__postsppf__s2
67,model.10,0.0024833756033331,0.6613480448722839,0.3170927762985229,2.372264862060547e-05,1.0,0.2328124940395355,e2p__postsppf__s2
68,model.10,0.000441951357061,0.6873487830162048,0.3080210387706756,7.748603820800781e-07,1.0,0.2203124910593032,e2p__postsppf__s2
69,model.10,0.0004040933854412,0.6805756092071533,0.2885998487472534,9.316205978393556e-05,1.0,0.225624993443489,e2p__postsppf__s2
70,model.10,0.0012264493852853,0.6791131496429443,0.2819749414920807,1.8477439880371092e-06,1.0,0.2456249892711639,e2p__postsppf__s2
71,model.10,0.0033842553384602,0.6794518828392029,0.3207283616065979,0.0009398460388183,1.0,0.209999993443489,e2p__postsppf__s2
72,model.10,0.0022697432432323,0.68553227186203,0.3042882978916168,6.252527236938477e-05,1.0,0.2481250017881393,e2p__postsppf__s2
73,model.10,0.0017195612890645,0.6777128577232361,0.3222520351409912,3.159046173095703e-06,1.0,0.223437488079071,e2p__postsppf__s2
74,model.10,0.0004877647734247,0.6954246163368225,0.2946380972862243,2.562999725341797e-06,1.0,0.1996874958276748,e2p__postsppf__s2
75,model.10,0.000286587543087,0.675247848033905,0.3066778481006622,8.344650268554688e-07,1.0,0.2271874994039535,e2p__postsppf__s2
76,model.10,0.0015529125230386,0.6833025813102722,0.3157205581665039,1.5497207641601562e-06,1.0,0.2043749988079071,e2p__postsppf__s2
77,model.10,0.001105592935346,0.6586933732032776,0.2995296716690063,0.0002359151840209,1.0,0.2199999988079071,e2p__postsppf__s2
78,model.10,0.0002641100436449,0.6906646490097046,0.2913539409637451,8.285045623779297e-05,1.0,0.2318749874830246,e2p__postsppf__s2
79,model.10,0.0016804633196443,0.659584641456604,0.3128298819065094,1.9073486328125e-06,1.0,0.2434374988079071,e2p__postsppf__s2
80,model.10,0.0017834411701187,0.6775259971618652,0.272196501493454,0.0006165504455566,1.0,0.2296874970197677,e2p__postsppf__s2
81,model.10,0.0017168029444292,0.6691278219223022,0.3005223274230957,3.11732292175293e-05,1.0,0.2446874976158142,e2p__postsppf__s2
82,model.10,0.0019836737774312,0.6701167225837708,0.2775097489356994,0.0001159310340881,1.0,0.2765624821186065,e2p__postsppf__s2
83,model.10,0.0026390159036964,0.6732218861579895,0.3151443600654602,0.0002323389053344,1.0,0.2590624988079071,e2p__postsppf__s2
84,model.10,0.0027614505961537,0.6718603372573853,0.3182464838027954,4.363059997558594e-05,1.0,0.2778124809265136,e2p__postsppf__s2
85,model.10,0.0029226918704807,0.685979425907135,0.2897117137908935,5.900859832763672e-06,1.0,0.2562499940395355,e2p__postsppf__s2
86,model.10,0.0030553024262189,0.6632443070411682,0.322399228811264,5.269050598144531e-05,1.0,0.2231249958276748,e2p__postsppf__s2
87,model.10,0.0024203900247812,0.6639793515205383,0.3173614144325256,4.684925079345703e-05,1.0,0.2471874952316284,e2p__postsppf__s2
88,model.10,0.0026594384107738,0.6809186935424805,0.302222728729248,1.2516975402832031e-06,1.0,0.2690624892711639,e2p__postsppf__s2
89,model.10,0.0026898947544395,0.6592109799385071,0.3268997073173523,6.35385513305664e-05,1.0,0.2262499928474426,e2p__postsppf__s2
90,model.10,0.0031959905754774,0.6791218519210815,0.3121530711650848,6.496906280517578e-06,1.0,0.2474999874830246,e2p__postsppf__s2
91,model.10,0.0042475662194192,0.6648081541061401,0.310849666595459,6.556510925292969e-07,1.0,0.2121874988079071,e2p__postsppf__s2
92,model.10,0.0048036337830126,0.6745182871818542,0.3116913437843323,1.806020736694336e-05,1.0,0.2268749922513961,e2p__postsppf__s2
93,model.10,0.0054249791428446,0.6762522459030151,0.3146373927593231,0.0002694129943847,1.0,0.209999993443489,e2p__postsppf__s2
94,model.10,0.0057208021171391,0.6713921427726746,0.2889919877052307,0.0004255771636962,1.0,0.2209374904632568,e2p__postsppf__s2
95,model.10,0.0061468472704291,0.6662291288375854,0.3052648901939392,5.692243576049805e-05,1.0,0.2362499982118606,e2p__postsppf__s2
96,model.10,0.0066093993373215,0.6712969541549683,0.3031807839870453,7.808208465576172e-06,1.0,0.2396874874830246,e2p__postsppf__s2
97,model.10,0.006814831867814,0.6763864159584045,0.3277908563613891,6.401538848876953e-05,1.0,0.2321874946355819,e2p__postsppf__s2
98,model.10,0.0072005088441073,0.674240231513977,0.2934988737106323,5.3882598876953125e-05,1.0,0.2246875017881393,e2p__postsppf__s2
99,model.10,0.0074186227284371,0.6790273785591125,0.3196822106838226,2.819299697875977e-05,1.0,0.2159374952316284,e2p__postsppf__s2
100,model.10,0.0074186227284371,0.6790273785591125,0.3196822106838226,2.819299697875977e-05,1.0,0.2159374952316284,e2p__postsppf__s2
0,model.10,-0.0008752560825087,0.5474736094474792,0.0807662084698677,0.1766357421875,0.873046875,0.0,e2p__postsppf__s3
1,model.10,-0.0029950682073831,0.5446447134017944,0.2079196870326995,0.0030879974365234,0.96923828125,0.0015624999068677,e2p__postsppf__s3
2,model.10,0.0007005092338658,0.550977885723114,0.2293280065059662,4.166364669799805e-05,0.98388671875,0.0246874988079071,e2p__postsppf__s3
3,model.10,0.0005334941088221,0.5656430721282959,0.2593626976013183,0.0006513595581054,0.99169921875,0.0218749996274709,e2p__postsppf__s3
4,model.10,-8.78509454196319e-05,0.5850619673728943,0.2301848530769348,0.0001559257507324,0.99560546875,0.0274999998509883,e2p__postsppf__s3
5,model.10,0.0008484435966238,0.6032093167304993,0.2608326077461242,3.0934810638427734e-05,0.99609375,0.0287499986588954,e2p__postsppf__s3
6,model.10,-0.0004540419322438,0.6169831156730652,0.2487141340970993,0.0044670104980468,0.99853515625,0.0240624994039535,e2p__postsppf__s3
7,model.10,0.00092706119176,0.6544075012207031,0.2290096580982208,1.7762184143066406e-05,0.99951171875,0.0265624988824129,e2p__postsppf__s3
8,model.10,0.0008356717298738,0.6518589854240417,0.2327485531568527,0.0006904602050781,0.99951171875,0.0465625002980232,e2p__postsppf__s3
9,model.10,-0.0021097289863973,0.6440041065216064,0.250878244638443,0.0010480880737304,0.99951171875,0.0778125002980232,e2p__postsppf__s3
10,model.10,0.0040203495882451,0.6628775000572205,0.2561693787574768,0.0006265640258789,1.0,0.0790624991059303,e2p__postsppf__s3
11,model.10,-0.0007997711654752,0.7079908847808838,0.2404123693704605,0.0017890930175781,1.0,0.0681250020861625,e2p__postsppf__s3
12,model.10,0.0018111768877133,0.6996287107467651,0.2728170752525329,0.0035934448242187,1.0,0.0871874988079071,e2p__postsppf__s3
13,model.10,0.0012704987311735,0.7162765860557556,0.2220057249069214,0.0013513565063476,1.0,0.0756249949336052,e2p__postsppf__s3
14,model.10,0.0014075859216973,0.7055583000183105,0.247719407081604,0.0001499652862548,1.0,0.1087500005960464,e2p__postsppf__s3
15,model.10,0.0025927671231329,0.7176408171653748,0.2351656258106231,0.01837158203125,1.0,0.0850000008940696,e2p__postsppf__s3
16,model.10,-0.0001515547628514,0.7346559166908264,0.2455288767814636,0.0015363693237304,1.0,0.1509374976158142,e2p__postsppf__s3
17,model.10,0.0010291325161233,0.7263549566268921,0.2531457543373108,0.0036067962646484,1.0,0.1687500029802322,e2p__postsppf__s3
18,model.10,0.00131232640706,0.7402075529098511,0.2436838448047638,0.0006046295166015,1.0,0.1518749892711639,e2p__postsppf__s3
19,model.10,0.0010131063172593,0.7486271262168884,0.2538086175918579,0.0007524490356445,0.99951171875,0.1299999952316284,e2p__postsppf__s3
20,model.10,0.0030589215457439,0.7286185026168823,0.2620867192745209,0.0070648193359375,1.0,0.1487499922513961,e2p__postsppf__s3
21,model.10,0.0003023752360604,0.7196832895278931,0.2873923778533935,0.0003125667572021,1.0,0.1568749994039535,e2p__postsppf__s3
22,model.10,0.0032928206492215,0.7103315591812134,0.2927704751491546,7.31348991394043e-05,1.0,0.1987499892711639,e2p__postsppf__s3
23,model.10,-0.0004221138951834,0.6990760564804077,0.3236169517040252,3.427267074584961e-05,1.0,0.2071874886751175,e2p__postsppf__s3
24,model.10,8.052799239521846e-05,0.7017784118652344,0.2773602604866028,5.1021575927734375e-05,1.0,0.2012500017881393,e2p__postsppf__s3
25,model.10,0.0020714907441288,0.7185912728309631,0.2909869849681854,3.5762786865234375e-07,1.0,0.1846874952316284,e2p__postsppf__s3
26,model.10,0.0014383015222847,0.7044387459754944,0.296417772769928,0.00083589553833,1.0,0.1774999946355819,e2p__postsppf__s3
27,model.10,0.0016452047275379,0.741779625415802,0.2651671767234802,7.599592208862305e-05,1.0,0.1768749952316284,e2p__postsppf__s3
28,model.10,0.0024336560163646,0.7250898480415344,0.2790124714374542,5.692243576049805e-05,1.0,0.1790625005960464,e2p__postsppf__s3
29,model.10,0.0030121442396193,0.7493387460708618,0.2707636058330536,1.132488250732422e-05,1.0,0.2096875011920929,e2p__postsppf__s3
30,model.10,0.0043971021659672,0.7390573620796204,0.299641340970993,0.0004389286041259,1.0,0.2325000017881393,e2p__postsppf__s3
31,model.10,-0.0015740864910185,0.7272259593009949,0.2867933511734009,1.7881393432617188e-06,1.0,0.2296874970197677,e2p__postsppf__s3
32,model.10,0.0031608119606971,0.729293167591095,0.2780490219593048,1.0609626770019531e-05,1.0,0.2371874898672104,e2p__postsppf__s3
33,model.10,0.0024096332490444,0.7480499148368835,0.2893280386924743,0.0003354549407958,1.0,0.2637499868869781,e2p__postsppf__s3
34,model.10,-0.0007040768978185,0.7466926574707031,0.295170247554779,0.0005617141723632,1.0,0.2981249988079071,e2p__postsppf__s3
35,model.10,0.0006374205113388,0.7424084544181824,0.2735424637794494,0.0001114606857299,1.0,0.3315624892711639,e2p__postsppf__s3
36,model.10,0.0009427105542272,0.7615340948104858,0.2473410069942474,0.0006513595581054,1.0,0.2915624976158142,e2p__postsppf__s3
37,model.10,0.0034189051948487,0.7453811764717102,0.2794010639190674,1.519918441772461e-05,1.0,0.2821874916553497,e2p__postsppf__s3
38,model.10,0.003600490745157,0.7709847688674927,0.2609534859657287,3.707408905029297e-05,1.0,0.2590624988079071,e2p__postsppf__s3
39,model.10,0.005829953122884,0.7387096881866455,0.2817659974098205,0.0001713037490844,1.0,0.3349999785423279,e2p__postsppf__s3
40,model.10,0.004812610335648,0.7693537473678589,0.2653180658817291,0.0026531219482421,1.0,0.317187488079071,e2p__postsppf__s3
41,model.10,0.0061858370900154,0.7671432495117188,0.2362310737371444,0.0006666183471679,1.0,0.3421874940395355,e2p__postsppf__s3
42,model.10,0.0085227200761437,0.7481313943862915,0.2898474335670471,0.0002199411392211,1.0,0.3046875,e2p__postsppf__s3
43,model.10,0.0067614875733852,0.7403785586357117,0.2943497598171234,0.0006985664367675,1.0,0.3762499988079071,e2p__postsppf__s3
44,model.10,0.0036361971870064,0.7639011740684509,0.2652835249900818,0.0042152404785156,1.0,0.3878124952316284,e2p__postsppf__s3
45,model.10,0.0014456722419708,0.7436031699180603,0.3167189955711365,0.001774787902832,1.0,0.3903124928474426,e2p__postsppf__s3
46,model.10,0.0028206568676978,0.7708171010017395,0.2600478827953338,0.0004477500915527,1.0,0.421875,e2p__postsppf__s3
47,model.10,0.0060136276297271,0.7580962777137756,0.2806426286697387,0.015899658203125,1.0,0.3621875047683716,e2p__postsppf__s3
48,model.10,0.002343671163544,0.7779629230499268,0.2707963287830353,0.0065879821777343,1.0,0.3615624904632568,e2p__postsppf__s3
49,model.10,0.000389006541809,0.7656596302986145,0.2665445804595947,0.0019874572753906,1.0,0.3853124976158142,e2p__postsppf__s3
50,model.10,0.0023459265939891,0.7461065649986267,0.301778495311737,0.0013198852539062,1.0,0.390625,e2p__postsppf__s3
51,model.10,0.0022448759991675,0.761151134967804,0.2867313027381897,0.0044174194335937,1.0,0.3915624916553497,e2p__postsppf__s3
52,model.10,0.0038927942514419,0.7459673881530762,0.2914218306541443,0.0016870498657226,1.0,0.3878124952316284,e2p__postsppf__s3
53,model.10,0.0040024979971349,0.7467542886734009,0.281228095293045,0.0071220397949218,1.0,0.3334375023841858,e2p__postsppf__s3
54,model.10,0.005916278809309,0.7898266315460205,0.2590226531028747,0.0567626953125,1.0,0.3824999928474426,e2p__postsppf__s3
55,model.10,0.0058302613906562,0.7942057847976685,0.2624545097351074,0.0162200927734375,1.0,0.4156249761581421,e2p__postsppf__s3
56,model.10,0.0072136260569095,0.7746252417564392,0.2839125692844391,0.011505126953125,1.0,0.4106249809265136,e2p__postsppf__s3
57,model.10,0.0069127520546317,0.7936679720878601,0.2680375576019287,0.0082168579101562,1.0,0.4081249833106994,e2p__postsppf__s3
58,model.10,0.0078818490728735,0.7897642254829407,0.2781216204166412,0.015899658203125,1.0,0.403124988079071,e2p__postsppf__s3
59,model.10,0.0061932234093546,0.7947262525558472,0.2621448934078216,0.0174407958984375,1.0,0.4140625,e2p__postsppf__s3
60,model.10,0.0063552879728376,0.7819505929946899,0.2778395116329193,0.020172119140625,1.0,0.4068749845027923,e2p__postsppf__s3
61,model.10,0.0066362214274704,0.730500340461731,0.2794522643089294,0.022674560546875,1.0,0.3778125047683716,e2p__postsppf__s3
62,model.10,0.0073399832472205,0.788164496421814,0.2668514251708984,0.0228424072265625,1.0,0.4359374940395355,e2p__postsppf__s3
63,model.10,0.0081843268126249,0.7667933702468872,0.279821366071701,0.0225372314453125,1.0,0.3946875035762787,e2p__postsppf__s3
64,model.10,0.0079492721706628,0.7852066159248352,0.2745519578456878,0.023101806640625,1.0,0.4340624809265136,e2p__postsppf__s3
65,model.10,0.0074444934725761,0.7886021733283997,0.2783573269844055,0.021209716796875,1.0,0.4253124892711639,e2p__postsppf__s3
66,model.10,0.0098740309476852,0.8002139925956726,0.2621901333332062,0.0261077880859375,1.0,0.4181250035762787,e2p__postsppf__s3
67,model.10,0.0116780810058116,0.7788398861885071,0.2920117378234863,0.03582763671875,1.0,0.4387499988079071,e2p__postsppf__s3
68,model.10,0.0112626459449529,0.7901762127876282,0.2696557939052582,0.0460205078125,1.0,0.4084374904632568,e2p__postsppf__s3
69,model.10,0.012259854003787,0.7832649350166321,0.2785351872444153,0.034698486328125,1.0,0.4115625023841858,e2p__postsppf__s3
70,model.10,0.011412794701755,0.7673915028572083,0.2741123139858246,0.0233306884765625,1.0,0.3965624868869781,e2p__postsppf__s3
71,model.10,0.0122491782531142,0.7691564559936523,0.284389317035675,0.0141754150390625,1.0,0.3843750059604645,e2p__postsppf__s3
72,model.10,0.0151242893189191,0.8279861211776733,0.2290949523448944,0.0248870849609375,1.0,0.4165624976158142,e2p__postsppf__s3
73,model.10,0.0154364267364144,0.7962235808372498,0.2591739296913147,0.0282135009765625,1.0,0.4087499976158142,e2p__postsppf__s3
74,model.10,0.0140608958899974,0.8227781653404236,0.2422454953193664,0.04681396484375,1.0,0.4309374988079071,e2p__postsppf__s3
75,model.10,0.0155936414375901,0.7897785902023315,0.2698380649089813,0.03985595703125,1.0,0.4246875047683716,e2p__postsppf__s3
76,model.10,0.0154880220070481,0.7846705317497253,0.2786256968975067,0.035400390625,1.0,0.4290624856948852,e2p__postsppf__s3
77,model.10,0.0170461684465408,0.7915856838226318,0.2424995005130767,0.0455322265625,1.0,0.4053124785423279,e2p__postsppf__s3
78,model.10,0.016050873324275,0.8428504467010498,0.2290101051330566,0.06231689453125,1.0,0.4462499916553497,e2p__postsppf__s3
79,model.10,0.0166123453527688,0.8088318705558777,0.2455663084983825,0.0255126953125,1.0,0.4415625035762787,e2p__postsppf__s3
80,model.10,0.0167482458055019,0.8172146677970886,0.2390554845333099,0.043853759765625,1.0,0.4253124892711639,e2p__postsppf__s3
81,model.10,0.0175462346524,0.7992832064628601,0.2432475090026855,0.0328369140625,1.0,0.4293749928474426,e2p__postsppf__s3
82,model.10,0.0187971461564302,0.8213258385658264,0.2353280484676361,0.049041748046875,1.0,0.4315624833106994,e2p__postsppf__s3
83,model.10,0.0194734204560518,0.8303767442703247,0.2277533710002899,0.050048828125,1.0,0.4449999928474426,e2p__postsppf__s3
84,model.10,0.0194377955049276,0.8016786575317383,0.2549941539764404,0.036346435546875,1.0,0.3990624845027923,e2p__postsppf__s3
85,model.10,0.0200975406914949,0.8308582305908203,0.2374559640884399,0.0233306884765625,1.0,0.4696874916553497,e2p__postsppf__s3
86,model.10,0.0201771650463342,0.7954494953155518,0.2528039515018463,0.027374267578125,1.0,0.4356249868869781,e2p__postsppf__s3
87,model.10,0.021399101242423,0.7901875376701355,0.2651147842407226,0.0235595703125,1.0,0.406562477350235,e2p__postsppf__s3
88,model.10,0.0223663039505481,0.83293616771698,0.2236153185367584,0.054107666015625,1.0,0.4159374833106994,e2p__postsppf__s3
89,model.10,0.0227837022393941,0.8365790843963623,0.2119881808757782,0.0413818359375,1.0,0.429999977350235,e2p__postsppf__s3
90,model.10,0.0231363233178854,0.77527916431427,0.2712300717830658,0.0489501953125,1.0,0.3818749785423279,e2p__postsppf__s3
91,model.10,0.0232873018831014,0.8227810263633728,0.2318167984485626,0.040374755859375,1.0,0.4312499761581421,e2p__postsppf__s3
92,model.10,0.0242203883826732,0.8187686800956726,0.2411850243806839,0.06805419921875,1.0,0.4212499856948852,e2p__postsppf__s3
93,model.10,0.0246827322989702,0.7930677533149719,0.2423231303691864,0.034759521484375,1.0,0.3606249988079071,e2p__postsppf__s3
94,model.10,0.0248102229088544,0.8122919797897339,0.2516930103302002,0.03582763671875,1.0,0.4318749904632568,e2p__postsppf__s3
95,model.10,0.0250895507633686,0.8245262503623962,0.2244682759046554,0.050506591796875,1.0,0.4296875,e2p__postsppf__s3
96,model.10,0.025249196216464,0.7796671986579895,0.2520569562911987,0.04595947265625,1.0,0.4099999964237213,e2p__postsppf__s3
97,model.10,0.0254885219037532,0.8111826777458191,0.2337484061717987,0.040924072265625,1.0,0.4159374833106994,e2p__postsppf__s3
98,model.10,0.0256272535771131,0.7891151309013367,0.256693035364151,0.043701171875,1.0,0.3890624940395355,e2p__postsppf__s3
99,model.10,0.0258290544152259,0.8295501470565796,0.2248064577579498,0.040313720703125,1.0,0.4246875047683716,e2p__postsppf__s3
100,model.10,0.0258290544152259,0.8295501470565796,0.2248064577579498,0.040313720703125,1.0,0.4246875047683716,e2p__postsppf__s3
0,model.10,-0.0017672234680503,0.5453897714614868,0.0694116652011871,0.30615234375,0.86474609375,0.0,e6p__lam-1e-4__s1
1,model.10,-0.0037243997212499,0.5304312109947205,0.1515494436025619,0.148681640625,0.9931640625,0.0034374999813735,e6p__lam-1e-4__s1
2,model.10,0.0007740330765955,0.5599411129951477,0.2627214789390564,0.0001333951950073,0.99755859375,0.0231250002980232,e6p__lam-1e-4__s1
3,model.10,-0.0012532245600596,0.5724969506263733,0.2755106687545776,0.001896858215332,0.99072265625,0.0149999996647238,e6p__lam-1e-4__s1
4,model.10,0.0013127741403877,0.6095405220985413,0.2431681603193283,0.0017271041870117,0.99658203125,0.0218749996274709,e6p__lam-1e-4__s1
5,model.10,-2.481350020389073e-05,0.6212761998176575,0.2468854933977127,0.0004205703735351,0.9951171875,0.0393749997019767,e6p__lam-1e-4__s1
6,model.10,0.0018492067465558,0.6372225284576416,0.2137849330902099,0.0026206970214843,0.994140625,0.0115625001490116,e6p__lam-1e-4__s1
7,model.10,0.0011197762796655,0.6447358727455139,0.2046364545822143,0.0110702514648437,0.9990234375,0.014687499962747,e6p__lam-1e-4__s1
8,model.10,-0.0003462305176071,0.6626415252685547,0.176080122590065,0.0119171142578125,0.99853515625,0.0087500000372529,e6p__lam-1e-4__s1
9,model.10,-0.0006703656399622,0.6860891580581665,0.1561225056648254,0.09075927734375,0.9814453125,0.000312499993015,e6p__lam-1e-4__s1
10,model.10,0.002030024304986,0.6868308186531067,0.1580360978841781,0.0089492797851562,0.99267578125,0.0056249997578561,e6p__lam-1e-4__s1
11,model.10,-0.0021263670641928,0.7002954483032227,0.1958802044391632,0.0010042190551757,0.98974609375,0.0071874996647238,e6p__lam-1e-4__s1
12,model.10,0.0019124811515212,0.7289382815361023,0.1751026213169098,0.0057754516601562,0.98974609375,0.0112499995157122,e6p__lam-1e-4__s1
13,model.10,-0.0010682062711566,0.7488488554954529,0.1276689767837524,0.047088623046875,0.98583984375,0.0012499999720603,e6p__lam-1e-4__s1
14,model.10,0.001069672522135,0.7571077346801758,0.1443631649017334,0.0236968994140625,0.990234375,0.002812499878928,e6p__lam-1e-4__s1
15,model.10,0.0009974343702197,0.7613714337348938,0.1436785161495208,0.03662109375,0.99365234375,0.0084374994039535,e6p__lam-1e-4__s1
16,model.10,-0.0007853102288208,0.7766280174255371,0.1324634104967117,0.026153564453125,0.98974609375,0.0049999998882412,e6p__lam-1e-4__s1
17,model.10,0.0012900944566354,0.7967759370803833,0.1130883395671844,0.09368896484375,0.99755859375,0.0121874995529651,e6p__lam-1e-4__s1
18,model.10,-0.0002969947527162,0.8197236657142639,0.1217418015003204,0.10577392578125,0.99365234375,0.0137499999254941,e6p__lam-1e-4__s1
19,model.10,0.0013505223905667,0.830128014087677,0.1061912178993225,0.12347412109375,0.99755859375,0.0168749988079071,e6p__lam-1e-4__s1
20,model.10,0.0002049247559625,0.85202956199646,0.1057586073875427,0.034942626953125,0.998046875,0.0287499986588954,e6p__lam-1e-4__s1
21,model.10,0.0014756247401237,0.8662576079368591,0.0818773657083511,0.12890625,0.99853515625,0.042187500745058,e6p__lam-1e-4__s1
22,model.10,-0.0016364427283406,0.8793006539344788,0.0850937068462371,0.07489013671875,0.99609375,0.0374999977648258,e6p__lam-1e-4__s1
23,model.10,-0.0007926216349005,0.867280125617981,0.1461216062307357,0.0147857666015625,0.99853515625,0.1084375008940696,e6p__lam-1e-4__s1
24,model.10,0.001463477849029,0.8946179151535034,0.1016378551721572,0.130615234375,0.99951171875,0.1206249967217445,e6p__lam-1e-4__s1
25,model.10,0.0043571135029196,0.8828684687614441,0.1266282647848129,0.0222930908203125,1.0,0.2953124940395355,e6p__lam-1e-4__s1
26,model.10,0.0005189942312426,0.8646966218948364,0.2036946564912796,0.0016040802001953,1.0,0.390937477350235,e6p__lam-1e-4__s1
27,model.10,0.0016125006368383,0.916662573814392,0.1118348762392997,0.0150146484375,1.0,0.3306249976158142,e6p__lam-1e-4__s1
28,model.10,0.001752569573,0.9206303954124452,0.121852658689022,0.040313720703125,1.0,0.3918749988079071,e6p__lam-1e-4__s1
29,model.10,0.0004102464299649,0.9369227290153505,0.0890273004770279,0.103759765625,1.0,0.4287499785423279,e6p__lam-1e-4__s1
30,model.10,0.0005180488806217,0.943781554698944,0.0813416019082069,0.1593017578125,1.0,0.4424999952316284,e6p__lam-1e-4__s1
31,model.10,0.0012310101883485,0.9549115300178528,0.0649297907948494,0.34765625,1.0,0.4840624928474426,e6p__lam-1e-4__s1
32,model.10,0.0028643568512052,0.953278124332428,0.0680757462978363,0.363525390625,1.0,0.5121874809265137,e6p__lam-1e-4__s1
33,model.10,0.0002274755825055,0.9352113008499146,0.0972982868552208,0.0101699829101562,1.0,0.5234375,e6p__lam-1e-4__s1
34,model.10,-0.0019762085285037,0.9430625438690186,0.0984207987785339,0.0863037109375,1.0,0.5274999737739563,e6p__lam-1e-4__s1
35,model.10,0.0004987380234524,0.9656704664230348,0.0570729076862335,0.1563720703125,1.0,0.6221874952316284,e6p__lam-1e-4__s1
36,model.10,0.0038709065411239,0.9319148063659668,0.1313141584396362,0.0247955322265625,1.0,0.5428124666213989,e6p__lam-1e-4__s1
37,model.10,0.0025320609565824,0.9263972043991088,0.1265285462141037,0.0059127807617187,1.0,0.5799999833106995,e6p__lam-1e-4__s1
38,model.10,0.0020134355872869,0.9522770643234252,0.0845090299844741,0.08477783203125,1.0,0.620312511920929,e6p__lam-1e-4__s1
39,model.10,-0.0002847104333341,0.9447158575057985,0.0892979353666305,0.12359619140625,1.0,0.6196874976158142,e6p__lam-1e-4__s1
40,model.10,-0.0005906295264139,0.9601768851280212,0.070711962878704,0.245849609375,1.0,0.6556249856948853,e6p__lam-1e-4__s1
41,model.10,0.0011713514104485,0.9641023278236388,0.0826862752437591,0.1478271484375,1.0,0.6965624690055847,e6p__lam-1e-4__s1
42,model.10,0.001767354318872,0.9609426856040956,0.0750132799148559,0.093505859375,1.0,0.698437511920929,e6p__lam-1e-4__s1
43,model.10,-0.0032057268545031,0.943769633769989,0.1148516535758972,0.048858642578125,1.0,0.6721875071525574,e6p__lam-1e-4__s1
44,model.10,0.0029187644831836,0.8980453014373779,0.1450225710868835,0.001810073852539,1.0,0.7024999856948853,e6p__lam-1e-4__s1
45,model.10,8.441169484285638e-05,0.9009138345718384,0.174092561006546,0.0015192031860351,1.0,0.6484375,e6p__lam-1e-4__s1
46,model.10,-0.0030256069730967,0.944585621356964,0.1065023615956306,0.0067710876464843,1.0,0.682812511920929,e6p__lam-1e-4__s1
47,model.10,0.0028678618837147,0.9470425844192504,0.1043480634689331,0.0208892822265625,1.0,0.6884374618530273,e6p__lam-1e-4__s1
48,model.10,0.0044929971918463,0.9446046948432922,0.0931751132011413,0.060211181640625,1.0,0.7112500071525574,e6p__lam-1e-4__s1
49,model.10,0.0024875178933143,0.9353504776954652,0.1424685716629028,0.0076065063476562,1.0,0.6931250095367432,e6p__lam-1e-4__s1
50,model.10,0.0026180420536547,0.9310396313667296,0.1488522887229919,0.0033512115478515,1.0,0.6659374833106995,e6p__lam-1e-4__s1
51,model.10,0.0019276551902294,0.9627411365509032,0.0770505145192146,0.142578125,1.0,0.7415624856948853,e6p__lam-1e-4__s1
52,model.10,0.000846290087793,0.9531208872795104,0.0931739956140518,0.053009033203125,1.0,0.7087500095367432,e6p__lam-1e-4__s1
53,model.10,0.0015448224730789,0.9593825936317444,0.0854757279157638,0.10650634765625,1.0,0.7228124737739563,e6p__lam-1e-4__s1
54,model.10,0.0021355752833187,0.9702332615852356,0.074946105480194,0.04779052734375,1.0,0.7815625071525574,e6p__lam-1e-4__s1
55,model.10,0.0039252573624253,0.96295166015625,0.0823818445205688,0.05059814453125,1.0,0.7556250095367432,e6p__lam-1e-4__s1
56,model.10,0.002692975802347,0.9537121653556824,0.1003018319606781,0.0091934204101562,1.0,0.739062488079071,e6p__lam-1e-4__s1
57,model.10,0.0009987786179408,0.9365922212600708,0.1363098919391632,0.0139541625976562,1.0,0.7425000071525574,e6p__lam-1e-4__s1
58,model.10,9.173100988846272e-05,0.9335006475448608,0.1280391216278076,0.0059127807617187,1.0,0.7615624666213989,e6p__lam-1e-4__s1
59,model.10,0.0021717436611652,0.9422529339790344,0.1118893548846244,0.0087127685546875,1.0,0.7537499666213989,e6p__lam-1e-4__s1
60,model.10,0.0042406753636896,0.9548602104187012,0.1042267382144928,0.0160980224609375,1.0,0.739062488079071,e6p__lam-1e-4__s1
61,model.10,0.0044891699217259,0.9256603717803956,0.1171964257955551,0.017181396484375,1.0,0.7603124976158142,e6p__lam-1e-4__s1
62,model.10,0.0036497747059911,0.96308696269989,0.0811248868703842,0.1981201171875,1.0,0.72718745470047,e6p__lam-1e-4__s1
63,model.10,0.0049067451618611,0.9414678812026978,0.1424545645713806,0.0089187622070312,1.0,0.7509374618530273,e6p__lam-1e-4__s1
64,model.10,0.0076482500880956,0.92523193359375,0.1128051131963729,0.0055351257324218,1.0,0.731249988079071,e6p__lam-1e-4__s1
65,model.10,0.0088432766497135,0.9363338947296144,0.1342570781707763,0.0072898864746093,1.0,0.7131249904632568,e6p__lam-1e-4__s1
66,model.10,0.0082470336928963,0.9530925750732422,0.1159170717000961,0.0121002197265625,1.0,0.7931249737739563,e6p__lam-1e-4__s1
67,model.10,0.0085186334326863,0.9658995866775512,0.0828445702791214,0.054901123046875,1.0,0.7684375047683716,e6p__lam-1e-4__s1
68,model.10,0.0081411739811301,0.9743974208831788,0.0644508898258209,0.1788330078125,1.0,0.7981249690055847,e6p__lam-1e-4__s1
69,model.10,0.0046447371132671,0.9446625113487244,0.1264007836580276,0.0180511474609375,1.0,0.7331249713897705,e6p__lam-1e-4__s1
70,model.10,0.0049242880195379,0.9522120356559752,0.1025753766298294,0.0128250122070312,1.0,0.7403124570846558,e6p__lam-1e-4__s1
71,model.10,0.0059388549998402,0.9469623565673828,0.1126470565795898,0.0114669799804687,1.0,0.7587499618530273,e6p__lam-1e-4__s1
72,model.10,0.00459985435009,0.9379132390022278,0.1378891468048095,0.012237548828125,1.0,0.71937495470047,e6p__lam-1e-4__s1
73,model.10,0.004750492516905,0.9262281060218812,0.1514433771371841,0.01177978515625,1.0,0.7215625047683716,e6p__lam-1e-4__s1
74,model.10,0.0055720354430377,0.9610902070999146,0.092610165476799,0.0191650390625,1.0,0.7612499594688416,e6p__lam-1e-4__s1
75,model.10,0.0075394422747194,0.9462372660636902,0.1125678271055221,0.03643798828125,1.0,0.71156245470047,e6p__lam-1e-4__s1
76,model.10,0.0081313680857419,0.9414605498313904,0.1231664642691612,0.0099334716796875,1.0,0.7184374928474426,e6p__lam-1e-4__s1
77,model.10,0.0068468386307358,0.935656189918518,0.1400180757045745,0.0200653076171875,1.0,0.6981250047683716,e6p__lam-1e-4__s1
78,model.10,0.0068529187701642,0.945381999015808,0.1325934827327728,0.02886962890625,1.0,0.7090624570846558,e6p__lam-1e-4__s1
79,model.10,0.0061727967113256,0.9463886022567748,0.1212475672364234,0.037750244140625,1.0,0.7315624952316284,e6p__lam-1e-4__s1
80,model.10,0.0077463914640247,0.9556972980499268,0.1088794320821762,0.057373046875,1.0,0.7378124594688416,e6p__lam-1e-4__s1
81,model.10,0.0068443268537521,0.929463803768158,0.1506923139095306,0.0137405395507812,1.0,0.7174999713897705,e6p__lam-1e-4__s1
82,model.10,0.0078364256769418,0.9356518387794496,0.1349981129169464,0.047607421875,1.0,0.690625011920929,e6p__lam-1e-4__s1
83,model.10,0.0092496173456311,0.9400524497032166,0.1139854937791824,0.0074310302734375,1.0,0.7306249737739563,e6p__lam-1e-4__s1
84,model.10,0.0104999728500843,0.9366666674613952,0.1337283849716186,0.05865478515625,1.0,0.7040624618530273,e6p__lam-1e-4__s1
85,model.10,0.0111944796517491,0.9411918520927428,0.1333120912313461,0.027374267578125,1.0,0.7199999690055847,e6p__lam-1e-4__s1
86,model.10,0.0127239720895886,0.9397539496421814,0.1404809951782226,0.0170440673828125,1.0,0.7365624904632568,e6p__lam-1e-4__s1
87,model.10,0.0119475554674863,0.9465550184249878,0.1299766451120376,0.033660888671875,1.0,0.6868749856948853,e6p__lam-1e-4__s1
88,model.10,0.0118098249658942,0.9565986394882202,0.0950749367475509,0.06842041015625,1.0,0.7149999737739563,e6p__lam-1e-4__s1
89,model.10,0.012598424218595,0.9430314302444458,0.1240472719073295,0.018402099609375,1.0,0.7199999690055847,e6p__lam-1e-4__s1
90,model.10,0.0134472884237766,0.9467912316322328,0.1211631074547767,0.11029052734375,1.0,0.6800000071525574,e6p__lam-1e-4__s1
91,model.10,0.013663213700056,0.9219916462898254,0.1590053141117096,0.0323486328125,1.0,0.6665624976158142,e6p__lam-1e-4__s1
92,model.10,0.0136152748018503,0.924062728881836,0.1507793068885803,0.0107345581054687,1.0,0.6859374642372131,e6p__lam-1e-4__s1
93,model.10,0.0138206584379076,0.9326297640800476,0.1031296700239181,0.0125274658203125,1.0,0.6862499713897705,e6p__lam-1e-4__s1
94,model.10,0.0140929771587252,0.9332494735717772,0.1427696645259857,0.0210113525390625,1.0,0.6993749737739563,e6p__lam-1e-4__s1
95,model.10,0.0143552208319306,0.9199363589286804,0.1416723430156707,0.020965576171875,1.0,0.6981250047683716,e6p__lam-1e-4__s1
96,model.10,0.0147976130247116,0.938057005405426,0.1187872290611267,0.0391845703125,1.0,0.7071874737739563,e6p__lam-1e-4__s1
97,model.10,0.0151217561215162,0.9457902312278748,0.1045371890068054,0.0238189697265625,1.0,0.675000011920929,e6p__lam-1e-4__s1
98,model.10,0.0151358461007475,0.9462738037109376,0.1163491010665893,0.024932861328125,1.0,0.7093749642372131,e6p__lam-1e-4__s1
99,model.10,0.015127875842154,0.9324198961257936,0.1376733481884002,0.0276947021484375,1.0,0.6631249785423279,e6p__lam-1e-4__s1
100,model.10,0.015127875842154,0.9324198961257936,0.1376733481884002,0.0276947021484375,1.0,0.6631249785423279,e6p__lam-1e-4__s1
0,model.10,-9.57832089625299e-05,0.515471875667572,0.0671469494700431,0.1534423828125,0.76123046875,0.0,e6p__lam-1e-4__s2
1,model.10,0.0022825119085609,0.5279923677444458,0.183595061302185,0.0256195068359375,0.91259765625,0.0,e6p__lam-1e-4__s2
2,model.10,-0.0050490726716816,0.5572900772094727,0.2361293137073516,0.0002099275588989,0.99072265625,0.0278124995529651,e6p__lam-1e-4__s2
3,model.10,0.0018466304754838,0.6041263937950134,0.2531524002552032,0.000295877456665,1.0,0.0478124991059303,e6p__lam-1e-4__s2
4,model.10,-0.0017655934207141,0.6185635924339294,0.2466738224029541,0.0053863525390625,0.9990234375,0.0290625002235174,e6p__lam-1e-4__s2
5,model.10,-0.0013246347662061,0.6397443413734436,0.2240858674049377,0.0056648254394531,0.99951171875,0.0340625010430812,e6p__lam-1e-4__s2
6,model.10,-0.0003926632052753,0.656636118888855,0.2115644067525863,0.0094833374023437,0.99560546875,0.0259374994784593,e6p__lam-1e-4__s2
7,model.10,0.0004979234072379,0.6949411034584045,0.2072910666465759,0.0016231536865234,0.99560546875,0.0162499994039535,e6p__lam-1e-4__s2
8,model.10,0.0003284263366367,0.7218812108039856,0.1615545749664306,0.0254669189453125,0.99951171875,0.0121874995529651,e6p__lam-1e-4__s2
9,model.10,-0.000582655891776,0.7321773171424866,0.138557031750679,0.045013427734375,0.99609375,0.0137499999254941,e6p__lam-1e-4__s2
10,model.10,0.0017204254399985,0.736793577671051,0.1308967918157577,0.08831787109375,0.99853515625,0.013124999590218,e6p__lam-1e-4__s2
11,model.10,-0.0017468038713559,0.7285957336425781,0.1722175180912017,0.020172119140625,0.99951171875,0.0281249992549419,e6p__lam-1e-4__s2
12,model.10,0.0003057861467823,0.755413830280304,0.1684537529945373,0.0023880004882812,0.9990234375,0.0193750001490116,e6p__lam-1e-4__s2
13,model.10,0.001917585148476,0.7795167565345764,0.1422188729047775,0.034088134765625,0.9970703125,0.0137499999254941,e6p__lam-1e-4__s2
14,model.10,0.0010255319066345,0.7932922840118408,0.141993835568428,0.0305633544921875,0.99951171875,0.0249999985098838,e6p__lam-1e-4__s2
15,model.10,-0.0010566829005256,0.8038003444671631,0.123939998447895,0.026611328125,0.998046875,0.0221874993294477,e6p__lam-1e-4__s2
16,model.10,0.0021901263389736,0.8179599046707153,0.1273623406887054,0.02655029296875,0.9970703125,0.0137499999254941,e6p__lam-1e-4__s2
17,model.10,-0.0024756747297942,0.8184354305267334,0.1157062351703643,0.0251312255859375,0.99853515625,0.0378124974668026,e6p__lam-1e-4__s2
18,model.10,0.0033858923707157,0.7781858444213867,0.2045200020074844,0.00323486328125,0.99951171875,0.0734374970197677,e6p__lam-1e-4__s2
19,model.10,0.0006477009737864,0.7767758965492249,0.2043997645378112,3.4809112548828125e-05,0.99951171875,0.1181249991059303,e6p__lam-1e-4__s2
20,model.10,-0.0007324295002035,0.8073347210884094,0.1882954835891723,0.023773193359375,1.0,0.0953124985098838,e6p__lam-1e-4__s2
21,model.10,0.0016280419658869,0.8105801343917847,0.1706925630569458,0.0055351257324218,0.9990234375,0.1096874997019767,e6p__lam-1e-4__s2
22,model.10,-0.0032786605879664,0.8030722737312317,0.1797062754631042,0.0052604675292968,1.0,0.1174999997019767,e6p__lam-1e-4__s2
23,model.10,0.0032241926528513,0.8573669195175171,0.1449821293354034,0.0240936279296875,0.99951171875,0.1446875035762787,e6p__lam-1e-4__s2
24,model.10,0.0013226843439042,0.8903326392173767,0.1067343428730964,0.2091064453125,1.0,0.1515624970197677,e6p__lam-1e-4__s2
25,model.10,-0.0003217401681467,0.9085304141044616,0.0815148055553436,0.28564453125,0.99951171875,0.1812499910593032,e6p__lam-1e-4__s2
26,model.10,-0.0022823303006589,0.9043303728103638,0.0886765867471695,0.280517578125,1.0,0.199999988079071,e6p__lam-1e-4__s2
27,model.10,-0.0017895676428452,0.8992123007774353,0.1346772611141204,0.0394287109375,1.0,0.2465624958276748,e6p__lam-1e-4__s2
28,model.10,0.0014046741416677,0.9027606248855592,0.1233840733766555,0.03912353515625,1.0,0.2949999868869781,e6p__lam-1e-4__s2
29,model.10,0.0015122491167858,0.9126105904579164,0.1156083643436431,0.093505859375,1.0,0.2515625059604645,e6p__lam-1e-4__s2
30,model.10,0.0008236187277361,0.9178560972213744,0.0956496000289917,0.156494140625,1.0,0.3343749940395355,e6p__lam-1e-4__s2
31,model.10,-0.0002037213998846,0.9047443866729736,0.1185470819473266,0.04217529296875,1.0,0.3340624868869781,e6p__lam-1e-4__s2
32,model.10,0.001222439459525,0.9128678441047668,0.1231681779026985,0.11419677734375,1.0,0.3237499892711639,e6p__lam-1e-4__s2
33,model.10,0.0005821150843985,0.9412961602211,0.0813718438148498,0.0855712890625,1.0,0.3809374868869781,e6p__lam-1e-4__s2
34,model.10,-0.0001305736077483,0.9454679489135742,0.0649511367082595,0.1676025390625,1.0,0.40625,e6p__lam-1e-4__s2
35,model.10,0.000649337132927,0.9512326717376708,0.0569353960454463,0.446044921875,1.0,0.4153124988079071,e6p__lam-1e-4__s2
36,model.10,0.0014224292244762,0.9664437770843506,0.0340484529733657,0.51953125,1.0,0.4546874761581421,e6p__lam-1e-4__s2
37,model.10,-0.0004851323610637,0.9540942311286926,0.0516963452100753,0.453369140625,1.0,0.4259375035762787,e6p__lam-1e-4__s2
38,model.10,0.0023364112712442,0.943750262260437,0.0833227112889289,0.061981201171875,1.0,0.5625,e6p__lam-1e-4__s2
39,model.10,0.0008293248829431,0.9636402130126952,0.0505905225872993,0.3564453125,1.0,0.5756250023841858,e6p__lam-1e-4__s2
40,model.10,-0.0005849270964972,0.9663740992546082,0.0442681834101676,0.44580078125,1.0,0.5556249618530273,e6p__lam-1e-4__s2
41,model.10,0.0016153953038156,0.9656594395637512,0.0550940446555614,0.1304931640625,1.0,0.5924999713897705,e6p__lam-1e-4__s2
42,model.10,0.0027387931477278,0.9040446877479552,0.1240497231483459,0.0007886886596679,1.0,0.6659374833106995,e6p__lam-1e-4__s2
43,model.10,0.0018829846521839,0.929990530014038,0.1344116628170013,0.06634521484375,1.0,0.6081249713897705,e6p__lam-1e-4__s2
44,model.10,0.0010521272197365,0.927083134651184,0.1448368728160858,0.001016616821289,1.0,0.651562511920929,e6p__lam-1e-4__s2
45,model.10,-0.0010758616263046,0.9402177333831788,0.120851069688797,0.0033760070800781,1.0,0.6153124570846558,e6p__lam-1e-4__s2
46,model.10,0.0001465189561713,0.941964328289032,0.1067981868982315,0.0164031982421875,1.0,0.6362499594688416,e6p__lam-1e-4__s2
47,model.10,0.0009189404663629,0.9562017321586608,0.085622638463974,0.01763916015625,1.0,0.6728124618530273,e6p__lam-1e-4__s2
48,model.10,-0.0006319233216345,0.934565007686615,0.0940959230065345,0.0045928955078125,1.0,0.6931250095367432,e6p__lam-1e-4__s2
49,model.10,0.0023245040792971,0.9458038806915284,0.1000357270240783,0.0045738220214843,1.0,0.6931250095367432,e6p__lam-1e-4__s2
50,model.10,-0.000711282948032,0.9511878490447998,0.1055093854665756,0.063720703125,1.0,0.6699999570846558,e6p__lam-1e-4__s2
51,model.10,-0.0021328257862478,0.951048731803894,0.1030710563063621,0.032958984375,1.0,0.6659374833106995,e6p__lam-1e-4__s2
52,model.10,-0.0006324845016933,0.9272720217704772,0.0996383875608444,0.000251293182373,1.0,0.7581250071525574,e6p__lam-1e-4__s2
53,model.10,-0.001130596618168,0.9575836062431335,0.0936195477843284,0.0225830078125,1.0,0.6943749785423279,e6p__lam-1e-4__s2
54,model.10,-0.0019233851926401,0.9356597661972046,0.1125830709934234,0.0067977905273437,1.0,0.75843745470047,e6p__lam-1e-4__s2
55,model.10,-0.000469846476335,0.9664224982261658,0.0770783051848411,0.089599609375,1.0,0.7649999856948853,e6p__lam-1e-4__s2
56,model.10,0.0005658878944814,0.9756271839141846,0.0514779463410377,0.1904296875,1.0,0.7562499642372131,e6p__lam-1e-4__s2
57,model.10,-0.0005020432290621,0.9656964540481568,0.0773816481232643,0.04949951171875,1.0,0.7734375,e6p__lam-1e-4__s2
58,model.10,-0.0006592702120542,0.9801548719406128,0.0458569452166557,0.237548828125,1.0,0.7803124785423279,e6p__lam-1e-4__s2
59,model.10,0.0001612815394764,0.9664571285247804,0.0675679147243499,0.0701904296875,1.0,0.7606250047683716,e6p__lam-1e-4__s2
60,model.10,0.000443511235062,0.9762849807739258,0.0541798844933509,0.1966552734375,1.0,0.7990624904632568,e6p__lam-1e-4__s2
61,model.10,0.0011752160498872,0.9628931879997252,0.0739223062992096,0.055206298828125,1.0,0.768750011920929,e6p__lam-1e-4__s2
62,model.10,0.000762264826335,0.9787472486495972,0.0459074899554252,0.2379150390625,1.0,0.8199999928474426,e6p__lam-1e-4__s2
63,model.10,0.0018813840579241,0.978184163570404,0.0567129254341125,0.09600830078125,1.0,0.8125,e6p__lam-1e-4__s2
64,model.10,0.0017794599989429,0.980021595954895,0.0411924496293067,0.306884765625,1.0,0.784375011920929,e6p__lam-1e-4__s2
65,model.10,0.0008082456770353,0.9810364246368408,0.0483056455850601,0.30419921875,1.0,0.8246874809265137,e6p__lam-1e-4__s2
66,model.10,0.0009132747654803,0.9755937457084656,0.0581302344799041,0.06451416015625,1.0,0.8234374523162842,e6p__lam-1e-4__s2
67,model.10,-0.0001931358128786,0.9668290615081788,0.0795590728521347,0.100341796875,1.0,0.792187511920929,e6p__lam-1e-4__s2
68,model.10,0.000896408164408,0.9694506525993348,0.0709405839443206,0.183349609375,1.0,0.7928124666213989,e6p__lam-1e-4__s2
69,model.10,0.0027935670223087,0.976974070072174,0.0568250305950641,0.227783203125,1.0,0.8031249642372131,e6p__lam-1e-4__s2
70,model.10,0.0009683826938271,0.9698631167411804,0.0828887894749641,0.158203125,1.0,0.8062499761581421,e6p__lam-1e-4__s2
71,model.10,-5.4887921578483656e-05,0.9567545652389526,0.1030895262956619,0.103759765625,1.0,0.7643749713897705,e6p__lam-1e-4__s2
72,model.10,-0.0012237906921654,0.9690977334976196,0.0794036537408828,0.054107666015625,1.0,0.793749988079071,e6p__lam-1e-4__s2
73,model.10,-4.646825345844263e-06,0.9674397110939026,0.0891673564910888,0.07147216796875,1.0,0.8112499713897705,e6p__lam-1e-4__s2
74,model.10,0.002320067724213,0.9789764285087584,0.0530737936496734,0.1319580078125,1.0,0.8340624570846558,e6p__lam-1e-4__s2
75,model.10,0.0004203093121759,0.974370002746582,0.0653164535760879,0.1177978515625,1.0,0.8128125071525574,e6p__lam-1e-4__s2
76,model.10,0.0011439010268077,0.9741034507751464,0.0753545388579368,0.185791015625,1.0,0.8087499737739563,e6p__lam-1e-4__s2
77,model.10,0.0006863294402137,0.9736036658287048,0.069703921675682,0.0970458984375,1.0,0.8068749904632568,e6p__lam-1e-4__s2
78,model.10,7.055402966216207e-05,0.975927233695984,0.0622859485447406,0.2486572265625,1.0,0.8018749952316284,e6p__lam-1e-4__s2
79,model.10,0.0003017524431925,0.9749680161476136,0.0657823681831359,0.2724609375,1.0,0.8009374737739563,e6p__lam-1e-4__s2
80,model.10,0.0007115033804439,0.9782134294509888,0.0496434085071086,0.234375,1.0,0.828125,e6p__lam-1e-4__s2
81,model.10,0.0010787434875965,0.980299711227417,0.0490464642643928,0.05877685546875,1.0,0.8331249952316284,e6p__lam-1e-4__s2
82,model.10,0.000964076607488,0.9844653606414796,0.0399914607405662,0.230712890625,1.0,0.8453124761581421,e6p__lam-1e-4__s2
83,model.10,0.0023928163573145,0.9829824566841124,0.042096234858036,0.264404296875,1.0,0.8199999928474426,e6p__lam-1e-4__s2
84,model.10,0.0022191519383341,0.9747280478477478,0.0617544837296009,0.0391845703125,1.0,0.8134374618530273,e6p__lam-1e-4__s2
85,model.10,0.0012880100402981,0.9674833416938782,0.0796627551317215,0.036895751953125,1.0,0.8096874952316284,e6p__lam-1e-4__s2
86,model.10,0.0015073033282533,0.9656806588172911,0.0789910331368446,0.03912353515625,1.0,0.7828124761581421,e6p__lam-1e-4__s2
87,model.10,0.001932266051881,0.9678994417190552,0.0868061184883117,0.047332763671875,1.0,0.796875,e6p__lam-1e-4__s2
88,model.10,0.001823219936341,0.9678272008895874,0.0785705894231796,0.0213623046875,1.0,0.785937488079071,e6p__lam-1e-4__s2
89,model.10,0.0028185020200908,0.9771097898483276,0.0506333261728286,0.446533203125,1.0,0.7918750047683716,e6p__lam-1e-4__s2
90,model.10,0.0032182873692363,0.9774789810180664,0.054923802614212,0.08050537109375,1.0,0.7774999737739563,e6p__lam-1e-4__s2
91,model.10,0.0033196466974914,0.9707395434379578,0.0686083808541297,0.1634521484375,1.0,0.7931249737739563,e6p__lam-1e-4__s2
92,model.10,0.0029311208054423,0.9787282347679138,0.0418700538575649,0.408935546875,1.0,0.785937488079071,e6p__lam-1e-4__s2
93,model.10,0.0037440687883645,0.9691859483718872,0.0643819868564605,0.044281005859375,1.0,0.7649999856948853,e6p__lam-1e-4__s2
94,model.10,0.0037247277796268,0.962909698486328,0.0670365393161773,0.08123779296875,1.0,0.7378124594688416,e6p__lam-1e-4__s2
95,model.10,0.0042281197383999,0.9720122814178468,0.0613867789506912,0.379150390625,1.0,0.7481249570846558,e6p__lam-1e-4__s2
96,model.10,0.0042435899376869,0.9726258516311646,0.0643661767244339,0.05645751953125,1.0,0.7615624666213989,e6p__lam-1e-4__s2
97,model.10,0.0045410329475998,0.9703044891357422,0.059803057461977,0.30322265625,1.0,0.7231249809265137,e6p__lam-1e-4__s2
98,model.10,0.0048444466665387,0.9621831774711608,0.0730138421058654,0.12249755859375,1.0,0.739062488079071,e6p__lam-1e-4__s2
99,model.10,0.005066973157227,0.970740020275116,0.0616013258695602,0.2252197265625,1.0,0.7306249737739563,e6p__lam-1e-4__s2
100,model.10,0.005066973157227,0.970740020275116,0.0616013258695602,0.2252197265625,1.0,0.7306249737739563,e6p__lam-1e-4__s2
0,model.10,0.0025189521256834,0.5202197432518005,0.0741587355732917,0.259765625,0.81103515625,0.0,e6p__lam-1e-5__s0
1,model.10,0.0056514521129429,0.5260608792304993,0.1590262800455093,0.0616455078125,0.98876953125,0.0021875000093132,e6p__lam-1e-5__s0
2,model.10,-0.003630080493167,0.5512179732322693,0.2690304815769195,0.0003998279571533,0.994140625,0.030937498435378,e6p__lam-1e-5__s0
3,model.10,0.0028335533570498,0.5725792646408081,0.2712875008583069,0.0003447532653808,1.0,0.0584375001490116,e6p__lam-1e-5__s0
4,model.10,-0.0001286383921978,0.5933462381362915,0.2588145136833191,0.0001132488250732,0.99951171875,0.0862499997019767,e6p__lam-1e-5__s0
5,model.10,0.0014532761415466,0.6048828959465027,0.2879647612571716,2.7954578399658203e-05,0.99951171875,0.0718749985098838,e6p__lam-1e-5__s0
6,model.10,0.0009026081534102,0.6016764044761658,0.2758753895759582,0.0002217292785644,0.99365234375,0.042187500745058,e6p__lam-1e-5__s0
7,model.10,-0.0001746435009408,0.6167235970497131,0.2585395276546478,6.657838821411133e-05,0.99853515625,0.0787499994039535,e6p__lam-1e-5__s0
8,model.10,0.0007827798253856,0.6207839250564575,0.2930699288845062,2.4497509002685547e-05,0.99755859375,0.0768750011920929,e6p__lam-1e-5__s0
9,model.10,0.0003152021381538,0.611899733543396,0.2651426196098327,9.244680404663086e-05,1.0,0.0696875005960464,e6p__lam-1e-5__s0
10,model.10,0.0002791419392451,0.6459455490112305,0.2437968552112579,4.76837158203125e-06,1.0,0.0887499973177909,e6p__lam-1e-5__s0
11,model.10,0.0013685184530913,0.6215298771858215,0.2722197771072387,0.0002050399780273,0.99951171875,0.0521874986588954,e6p__lam-1e-5__s0
12,model.10,-0.0016039558686316,0.6123703122138977,0.252582848072052,6.020069122314453e-06,1.0,0.0887499973177909,e6p__lam-1e-5__s0
13,model.10,-0.0018875026144087,0.6269943714141846,0.2454590797424316,7.62939453125e-06,0.99951171875,0.044999998062849,e6p__lam-1e-5__s0
14,model.10,0.0031460928730666,0.6195932030677795,0.2925315499305725,2.2470951080322266e-05,0.99755859375,0.0453124977648258,e6p__lam-1e-5__s0
15,model.10,-0.001372407306917,0.6293743252754211,0.2586008906364441,2.3543834686279297e-05,0.9990234375,0.105624996125698,e6p__lam-1e-5__s0
16,model.10,0.0020341488998383,0.6372013688087463,0.2836254239082336,0.0002050399780273,1.0,0.0959374979138374,e6p__lam-1e-5__s0
17,model.10,-0.0014673927798867,0.6326021552085876,0.2944592237472534,9.5367431640625e-07,0.99658203125,0.0724999979138374,e6p__lam-1e-5__s0
18,model.10,0.00140721432399,0.6261491775512695,0.2834777235984802,4.398822784423828e-05,0.99853515625,0.1168750002980232,e6p__lam-1e-5__s0
19,model.10,-0.0014761348720639,0.664155125617981,0.2814977169036865,2.586841583251953e-05,1.0,0.097812496125698,e6p__lam-1e-5__s0
20,model.10,-0.0005020451499149,0.669850766658783,0.2957505583763122,6.973743438720703e-06,1.0,0.1424999982118606,e6p__lam-1e-5__s0
21,model.10,-0.0005592848174273,0.6857275366783142,0.2706775665283203,6.854534149169922e-06,1.0,0.1312499940395355,e6p__lam-1e-5__s0
22,model.10,0.0014506434090435,0.6938209533691406,0.270438551902771,4.869699478149414e-05,1.0,0.1087500005960464,e6p__lam-1e-5__s0
23,model.10,0.0008469881140626,0.6847395300865173,0.2753465175628662,0.0012941360473632,1.0,0.1412499994039535,e6p__lam-1e-5__s0
24,model.10,0.0002236532745882,0.7064170837402344,0.2691369652748108,6.556510925292969e-05,1.0,0.1196874976158142,e6p__lam-1e-5__s0
25,model.10,0.0010394772980362,0.7052189707756042,0.2827741801738739,0.0004529953002929,1.0,0.1431249976158142,e6p__lam-1e-5__s0
26,model.10,0.0010214180219918,0.7284731864929199,0.2300579845905304,0.0080947875976562,1.0,0.1149999946355819,e6p__lam-1e-5__s0
27,model.10,0.0013691750355064,0.7228356003761292,0.2319755256175995,0.0050811767578125,1.0,0.105624996125698,e6p__lam-1e-5__s0
28,model.10,0.0017046123975887,0.7336376309394836,0.2415060698986053,0.0011606216430664,1.0,0.1221874952316284,e6p__lam-1e-5__s0
29,model.10,0.0013722861185669,0.7423799633979797,0.2410231679677963,0.0016546249389648,0.99951171875,0.1312499940395355,e6p__lam-1e-5__s0
30,model.10,0.0017645623302087,0.7094071507453918,0.2764158546924591,0.0004804134368896,1.0,0.1471875011920929,e6p__lam-1e-5__s0
31,model.10,0.0025460987817496,0.7338363528251648,0.2585248351097107,0.0001647472381591,1.0,0.1515624970197677,e6p__lam-1e-5__s0
32,model.10,0.0007658194517716,0.7283037900924683,0.262372612953186,0.0005817413330078,1.0,0.1615625023841858,e6p__lam-1e-5__s0
33,model.10,0.0018929791403934,0.7215850949287415,0.288606584072113,0.0002937316894531,1.0,0.1815624982118606,e6p__lam-1e-5__s0
34,model.10,0.0002084463631035,0.737303614616394,0.2846569418907165,0.0007581710815429,1.0,0.2018750011920929,e6p__lam-1e-5__s0
35,model.10,0.0029193044174462,0.7454673051834106,0.2634835541248321,0.0003626346588134,1.0,0.1609375029802322,e6p__lam-1e-5__s0
36,model.10,0.0029529887251555,0.7451938986778259,0.250729888677597,0.0008330345153808,1.0,0.1678124964237213,e6p__lam-1e-5__s0
37,model.10,-0.0014198133721947,0.7424859404563904,0.2758063673973083,0.0002937316894531,1.0,0.2137499898672104,e6p__lam-1e-5__s0
38,model.10,0.0008158635464496,0.7362363338470459,0.2569135427474975,0.0006189346313476,1.0,0.2081249952316284,e6p__lam-1e-5__s0
39,model.10,0.002875794423744,0.7338911294937134,0.268732875585556,0.0001344680786132,1.0,0.2006250023841858,e6p__lam-1e-5__s0
40,model.10,0.0011810648720711,0.7436614632606506,0.2663618624210357,0.0001442432403564,1.0,0.1946875005960464,e6p__lam-1e-5__s0
41,model.10,0.0050492379814386,0.758725643157959,0.2383441179990768,4.5418739318847656e-05,1.0,0.1762499958276748,e6p__lam-1e-5__s0
42,model.10,0.0043394532985985,0.7355007529258728,0.2831811904907226,0.000123381614685,1.0,0.2034374922513961,e6p__lam-1e-5__s0
43,model.10,0.00386429624632,0.760748565196991,0.2558542490005493,0.000298261642456,1.0,0.2074999958276748,e6p__lam-1e-5__s0
44,model.10,0.0028965997043997,0.7784991264343262,0.2626682221889496,0.0002378225326538,1.0,0.1881249994039535,e6p__lam-1e-5__s0
45,model.10,0.0016091391444206,0.7737209796905518,0.2617762684822082,0.0007643699645996,1.0,0.2331250011920929,e6p__lam-1e-5__s0
46,model.10,0.0026919350493699,0.779674232006073,0.2601182162761688,0.0008392333984375,1.0,0.231249988079071,e6p__lam-1e-5__s0
47,model.10,0.0033254730515182,0.7751614451408386,0.2519283592700958,0.0005526542663574,1.0,0.2328124940395355,e6p__lam-1e-5__s0
48,model.10,0.0038060690276324,0.7638375759124756,0.2549191117286682,0.0009965896606445,1.0,0.246874988079071,e6p__lam-1e-5__s0
49,model.10,0.0034677418880164,0.7568634748458862,0.2604516744613647,0.0008230209350585,1.0,0.249062493443489,e6p__lam-1e-5__s0
50,model.10,0.0052086017094552,0.7409738898277283,0.2939510941505432,3.218650817871094e-05,1.0,0.3168749809265136,e6p__lam-1e-5__s0
51,model.10,0.004936542827636,0.7722370624542236,0.2817896604537964,0.000130295753479,1.0,0.2993749976158142,e6p__lam-1e-5__s0
52,model.10,0.0055455286055803,0.7490987777709961,0.2860731482505798,1.7344951629638672e-05,1.0,0.3231250047683716,e6p__lam-1e-5__s0
53,model.10,0.0039869877509772,0.7640742063522339,0.2772790193557739,5.185604095458984e-06,1.0,0.3118749856948852,e6p__lam-1e-5__s0
54,model.10,0.0051356339827179,0.7253105640411377,0.3231923282146454,1.7642974853515625e-05,1.0,0.3381249904632568,e6p__lam-1e-5__s0
55,model.10,0.0037346817553043,0.7253639101982117,0.3259055912494659,7.033348083496094e-05,1.0,0.3546874821186065,e6p__lam-1e-5__s0
56,model.10,0.005628942977637,0.7568987011909485,0.2988908290863037,0.0001022815704345,1.0,0.3243750035762787,e6p__lam-1e-5__s0
57,model.10,0.0026125414296984,0.741968035697937,0.302804946899414,3.337860107421875e-06,1.0,0.317187488079071,e6p__lam-1e-5__s0
58,model.10,0.0039232708513736,0.7311360239982605,0.3132582604885101,1.4424324035644531e-05,1.0,0.3296875059604645,e6p__lam-1e-5__s0
59,model.10,0.0060255313292145,0.7288317084312439,0.3148173689842224,4.869699478149414e-05,1.0,0.3337499797344208,e6p__lam-1e-5__s0
60,model.10,0.0066145784221589,0.7171617746353149,0.3153420090675354,8.887052536010742e-05,1.0,0.34375,e6p__lam-1e-5__s0
61,model.10,0.0053334841504693,0.7288798093795776,0.3000780940055847,0.0001442432403564,1.0,0.3071874976158142,e6p__lam-1e-5__s0
62,model.10,0.0071917884051799,0.7427979707717896,0.3029767274856567,0.0001477003097534,1.0,0.3381249904632568,e6p__lam-1e-5__s0
63,model.10,0.005845183506608,0.7219393849372864,0.2956185042858124,0.0011377334594726,1.0,0.2843749821186065,e6p__lam-1e-5__s0
64,model.10,0.0073956749401986,0.709563672542572,0.309873878955841,0.0028228759765625,1.0,0.3296875059604645,e6p__lam-1e-5__s0
65,model.10,0.0064724944531917,0.7351319789886475,0.2799705564975738,0.0030517578125,1.0,0.2887499928474426,e6p__lam-1e-5__s0
66,model.10,0.00710408994928,0.7147710919380188,0.3063926100730896,0.0022602081298828,1.0,0.3199999928474426,e6p__lam-1e-5__s0
67,model.10,0.008878800086677,0.7349342703819275,0.2976852655410766,0.0068778991699218,1.0,0.3265624940395355,e6p__lam-1e-5__s0
68,model.10,0.0091502470895648,0.7583363652229309,0.2564813494682312,0.0063896179199218,1.0,0.3059374988079071,e6p__lam-1e-5__s0
69,model.10,0.0069122891873121,0.7399341464042664,0.2872403860092163,0.0032100677490234,1.0,0.3334375023841858,e6p__lam-1e-5__s0
70,model.10,0.0083489930257201,0.7633647918701172,0.2753123939037323,0.010650634765625,1.0,0.3468749821186065,e6p__lam-1e-5__s0
71,model.10,0.0086351092904806,0.7450986504554749,0.2732729911804199,0.0128707885742187,1.0,0.3265624940395355,e6p__lam-1e-5__s0
72,model.10,0.0090978452935814,0.769781768321991,0.2567522525787353,0.0054283142089843,1.0,0.3184374868869781,e6p__lam-1e-5__s0
73,model.10,0.0087139084935188,0.7619001865386963,0.2732766270637512,0.0070381164550781,1.0,0.3234374821186065,e6p__lam-1e-5__s0
74,model.10,0.010736808180809,0.7746738791465759,0.2599374055862427,0.0309600830078125,1.0,0.3309375047683716,e6p__lam-1e-5__s0
75,model.10,0.0117641044780612,0.763408899307251,0.2676596939563751,0.0141143798828125,1.0,0.3462499976158142,e6p__lam-1e-5__s0
76,model.10,0.0119005190208554,0.7881481051445007,0.2318781018257141,0.0048675537109375,1.0,0.3359375,e6p__lam-1e-5__s0
77,model.10,0.0132798738777637,0.76412034034729,0.2583484053611755,0.027740478515625,1.0,0.3599999845027923,e6p__lam-1e-5__s0
78,model.10,0.0145570272579789,0.7726773023605347,0.2710275650024414,0.008544921875,1.0,0.3381249904632568,e6p__lam-1e-5__s0
79,model.10,0.0141543196514248,0.7794285416603088,0.2609490156173706,0.051361083984375,1.0,0.3384374976158142,e6p__lam-1e-5__s0
80,model.10,0.0149324843659996,0.7856143116950989,0.257181167602539,0.0258026123046875,1.0,0.3506249785423279,e6p__lam-1e-5__s0
81,model.10,0.0162711720913648,0.7829389572143555,0.2542027831077575,0.029541015625,1.0,0.3390624821186065,e6p__lam-1e-5__s0
82,model.10,0.0161305405199527,0.7755911946296692,0.2626470029354095,0.014617919921875,1.0,0.3409374952316284,e6p__lam-1e-5__s0
83,model.10,0.017135988920927,0.7806934714317322,0.2614046931266784,0.03704833984375,1.0,0.3387500047683716,e6p__lam-1e-5__s0
84,model.10,0.0177124924957752,0.7845437526702881,0.2582978904247284,0.044921875,1.0,0.3487499952316284,e6p__lam-1e-5__s0
85,model.10,0.019102793186903,0.7742021083831787,0.2630965709686279,0.042633056640625,1.0,0.3356249928474426,e6p__lam-1e-5__s0
86,model.10,0.0201336611062288,0.7892633080482483,0.242487758398056,0.062103271484375,1.0,0.3556250035762787,e6p__lam-1e-5__s0
87,model.10,0.0200665760785341,0.8078625202178955,0.2418549954891204,0.04620361328125,1.0,0.3606249988079071,e6p__lam-1e-5__s0
88,model.10,0.0202949773520231,0.7725950479507446,0.2692821025848388,0.036285400390625,1.0,0.3568750023841858,e6p__lam-1e-5__s0
89,model.10,0.0205768644809722,0.7913225889205933,0.2329763174057006,0.0227203369140625,1.0,0.3243750035762787,e6p__lam-1e-5__s0
90,model.10,0.021862082183361,0.8086745738983154,0.2251017093658447,0.0328369140625,1.0,0.3303124904632568,e6p__lam-1e-5__s0
91,model.10,0.0228862296789884,0.76120924949646,0.2526874542236328,0.04595947265625,1.0,0.3231250047683716,e6p__lam-1e-5__s0
92,model.10,0.0234422776848077,0.8076836466789246,0.2317760586738586,0.0635986328125,1.0,0.3349999785423279,e6p__lam-1e-5__s0
93,model.10,0.0240292400121688,0.8086689710617065,0.22707100212574,0.034698486328125,1.0,0.3465625047683716,e6p__lam-1e-5__s0
94,model.10,0.0245406050235033,0.8022977113723755,0.2453390955924987,0.0706787109375,1.0,0.3403124809265136,e6p__lam-1e-5__s0
95,model.10,0.0246356427669525,0.8115078806877136,0.2254263162612915,0.0341796875,1.0,0.3274999856948852,e6p__lam-1e-5__s0
96,model.10,0.0247333496809005,0.813395082950592,0.2178807556629181,0.052520751953125,1.0,0.3462499976158142,e6p__lam-1e-5__s0
97,model.10,0.0246986728161573,0.7956584095954895,0.2539087831974029,0.0252227783203125,1.0,0.3512499928474426,e6p__lam-1e-5__s0
98,model.10,0.0250548981130123,0.7558062672615051,0.2330365777015686,0.053985595703125,1.0,0.3231250047683716,e6p__lam-1e-5__s0
99,model.10,0.0252489149570465,0.8202069401741028,0.2144266664981842,0.055816650390625,1.0,0.3028124868869781,e6p__lam-1e-5__s0
100,model.10,0.0252489149570465,0.8202069401741028,0.2144266664981842,0.055816650390625,1.0,0.3028124868869781,e6p__lam-1e-5__s0
0,model.10,-0.0006235120235942,0.4858032763004303,0.0760783031582832,0.19482421875,0.787109375,0.0,e7p__nwd-calib-norsl__s0
1,model.10,0.0022805491462349,0.5082181692123413,0.211220383644104,0.0018386840820312,0.9892578125,0.0175000000745058,e7p__nwd-calib-norsl__s0
2,model.10,-0.0030813158955425,0.5533716678619385,0.2792673707008362,0.000495433807373,0.99560546875,0.0462500005960464,e7p__nwd-calib-norsl__s0
3,model.10,0.0026279164012521,0.5683507919311523,0.2690442204475403,0.0004255771636962,0.9892578125,0.0199999995529651,e7p__nwd-calib-norsl__s0
4,model.10,-0.0030835708603262,0.5713165402412415,0.273983359336853,0.000180959701538,0.99658203125,0.0431249998509883,e7p__nwd-calib-norsl__s0
5,model.10,0.0031538887415081,0.5769440531730652,0.3014376163482666,1.2099742889404295e-05,0.9951171875,0.0565624982118606,e7p__nwd-calib-norsl__s0
6,model.10,-0.002864544512704,0.5823384523391724,0.2918989062309265,1.7762184143066406e-05,0.99951171875,0.0921875014901161,e7p__nwd-calib-norsl__s0
7,model.10,0.0017509708413854,0.6099045276641846,0.2870418131351471,1.430511474609375e-06,0.9990234375,0.1040624976158142,e7p__nwd-calib-norsl__s0
8,model.10,-1.3188563571020497e-05,0.6137546896934509,0.2908778190612793,5.364418029785156e-06,0.99853515625,0.0956249982118606,e7p__nwd-calib-norsl__s0
9,model.10,-0.0010600865352898,0.6100738644599915,0.2808867990970611,4.887580871582031e-06,0.9990234375,0.0953124985098838,e7p__nwd-calib-norsl__s0
10,model.10,0.0027309861034154,0.6120893955230713,0.2883107662200928,1.2934207916259766e-05,0.998046875,0.0943749994039535,e7p__nwd-calib-norsl__s0
11,model.10,-0.0004121215606573,0.6123259663581848,0.2943411469459533,0.0001454353332519,0.99853515625,0.0987499952316284,e7p__nwd-calib-norsl__s0
12,model.10,0.0022276693489402,0.620951235294342,0.2958215177059173,2.193450927734375e-05,0.99951171875,0.1128124967217445,e7p__nwd-calib-norsl__s0
13,model.10,0.0021287293639034,0.6358317136764526,0.2825079560279846,0.0002065896987915,0.99951171875,0.1209374964237213,e7p__nwd-calib-norsl__s0
14,model.10,0.0014205689076334,0.6504129767417908,0.310027539730072,3.3974647521972656e-05,0.99853515625,0.1112499982118606,e7p__nwd-calib-norsl__s0
15,model.10,0.0006932647665962,0.6566281914710999,0.2884697616100311,2.819299697875977e-05,0.9990234375,0.1340624988079071,e7p__nwd-calib-norsl__s0
16,model.10,0.0021366295404732,0.644822359085083,0.2925134897232055,8.684396743774414e-05,1.0,0.1024999991059303,e7p__nwd-calib-norsl__s0
17,model.10,0.0007665142184123,0.6595754623413086,0.293456107378006,6.556510925292969e-05,0.99951171875,0.1112499982118606,e7p__nwd-calib-norsl__s0
18,model.10,0.0023826970718801,0.665395975112915,0.2869227230548858,7.927417755126953e-06,0.99951171875,0.1203124970197677,e7p__nwd-calib-norsl__s0
19,model.10,0.0008194837719202,0.6839468479156494,0.279997318983078,3.737211227416992e-05,1.0,0.1290625035762787,e7p__nwd-calib-norsl__s0
20,model.10,0.0026953541673719,0.6753361225128174,0.2930939495563507,1.96695327758789e-06,1.0,0.1596874892711639,e7p__nwd-calib-norsl__s0
21,model.10,-0.0014182004379108,0.6834123134613037,0.2794869542121887,2.9087066650390625e-05,1.0,0.1571874916553497,e7p__nwd-calib-norsl__s0
22,model.10,0.002759676426649,0.681900143623352,0.3063226342201233,6.556510925292969e-05,1.0,0.1499999910593032,e7p__nwd-calib-norsl__s0
23,model.10,0.0033117060083895,0.7013584971427917,0.2934750020503998,3.88026237487793e-05,1.0,0.1893749982118606,e7p__nwd-calib-norsl__s0
24,model.10,0.0004126697022002,0.7149291634559631,0.2898991703987121,7.659196853637695e-05,1.0,0.2009374946355819,e7p__nwd-calib-norsl__s0
25,model.10,0.001906870980747,0.7216938734054565,0.3034718632698059,2.568960189819336e-05,1.0,0.2053124904632568,e7p__nwd-calib-norsl__s0
26,model.10,0.0030040186829864,0.6973676085472107,0.306414783000946,1.9371509552001957e-05,1.0,0.2096875011920929,e7p__nwd-calib-norsl__s0
27,model.10,0.0063913776539266,0.6958501935005188,0.2787765860557556,0.0001224279403686,1.0,0.2284374982118606,e7p__nwd-calib-norsl__s0
28,model.10,0.0030597958248108,0.7303974628448486,0.2761270403861999,7.033348083496094e-05,1.0,0.2718749940395355,e7p__nwd-calib-norsl__s0
29,model.10,0.004247058648616,0.7064816355705261,0.2986670434474945,7.545948028564453e-05,1.0,0.3337499797344208,e7p__nwd-calib-norsl__s0
30,model.10,0.0039682323113083,0.6902793049812317,0.3166332244873047,2.777576446533203e-05,1.0,0.3312499821186065,e7p__nwd-calib-norsl__s0
31,model.10,0.0024180400650948,0.7033261060714722,0.3066864907741546,5.364418029785156e-06,1.0,0.3065624833106994,e7p__nwd-calib-norsl__s0
32,model.10,0.0030049157794564,0.7083432078361511,0.3005284667015075,0.0001015067100524,1.0,0.3109374940395355,e7p__nwd-calib-norsl__s0
33,model.10,0.0054527577012777,0.698945164680481,0.3098190426826477,8.612871170043945e-05,1.0,0.3515625,e7p__nwd-calib-norsl__s0
34,model.10,0.0046186889521777,0.7291426062583923,0.2996339201927185,0.0010604858398437,1.0,0.3184374868869781,e7p__nwd-calib-norsl__s0
35,model.10,0.0041445293463766,0.7402334213256836,0.2917979061603546,0.0002287626266479,1.0,0.3324999809265136,e7p__nwd-calib-norsl__s0
36,model.10,0.0059865824878215,0.7304254174232483,0.2922166287899017,0.0001572370529174,1.0,0.3656249940395355,e7p__nwd-calib-norsl__s0
37,model.10,0.0069955205544829,0.7278925776481628,0.3050898909568786,0.0018310546875,1.0,0.3343749940395355,e7p__nwd-calib-norsl__s0
38,model.10,0.0078425146639347,0.7353297472000122,0.2925089597702026,0.0008759498596191,1.0,0.3646875023841858,e7p__nwd-calib-norsl__s0
39,model.10,0.0048345811665058,0.719913899898529,0.3117073178291321,0.0003275871276855,1.0,0.3743749856948852,e7p__nwd-calib-norsl__s0
40,model.10,0.0046552559360861,0.7079097032546997,0.3165098130702972,2.712011337280273e-05,1.0,0.4028124809265136,e7p__nwd-calib-norsl__s0
41,model.10,0.0035625458694994,0.7209559679031372,0.3182359933853149,7.426738739013672e-05,1.0,0.3799999952316284,e7p__nwd-calib-norsl__s0
42,model.10,0.005028732586652,0.7009610533714294,0.2999024391174316,3.1948089599609375e-05,1.0,0.3912499845027923,e7p__nwd-calib-norsl__s0
43,model.10,0.0082527371123433,0.7115083932876587,0.3090876340866089,0.0002397298812866,1.0,0.3787499964237213,e7p__nwd-calib-norsl__s0
44,model.10,0.007512810640037,0.7274417877197266,0.3147078156471252,1.138448715209961e-05,1.0,0.3693749904632568,e7p__nwd-calib-norsl__s0
45,model.10,0.0079484581947326,0.7089088559150696,0.3419742584228515,0.0,1.0,0.3865624964237213,e7p__nwd-calib-norsl__s0
46,model.10,0.0081132836639881,0.6927902698516846,0.3517643213272095,9.316205978393556e-05,1.0,0.3684374988079071,e7p__nwd-calib-norsl__s0
47,model.10,0.0066637252457439,0.704899787902832,0.3398537635803222,3.75509262084961e-06,1.0,0.3924999833106994,e7p__nwd-calib-norsl__s0
48,model.10,0.0091967685148119,0.699192464351654,0.332450658082962,6.67572021484375e-06,1.0,0.3890624940395355,e7p__nwd-calib-norsl__s0
49,model.10,0.0086822789162397,0.6967825889587402,0.3422041535377502,1.0311603546142578e-05,1.0,0.4149999916553497,e7p__nwd-calib-norsl__s0
50,model.10,0.0110792340710759,0.6847699880599976,0.356176882982254,1.7642974853515625e-05,1.0,0.3871874809265136,e7p__nwd-calib-norsl__s0
51,model.10,0.0095241609960794,0.6823058724403381,0.3576465249061584,3.337860107421875e-06,1.0,0.3884374797344208,e7p__nwd-calib-norsl__s0
52,model.10,0.0074880798347294,0.668788731098175,0.3605906963348388,2.6226043701171875e-06,1.0,0.426562488079071,e7p__nwd-calib-norsl__s0
53,model.10,0.0059145973064005,0.6961287260055542,0.3411154747009277,3.874301910400391e-06,1.0,0.4259375035762787,e7p__nwd-calib-norsl__s0
54,model.10,0.0102663980796933,0.6812178492546082,0.3494529128074646,8.940696716308594e-06,1.0,0.4306249916553497,e7p__nwd-calib-norsl__s0
55,model.10,0.0111574120819568,0.6717187166213989,0.3672198951244354,3.4809112548828125e-05,1.0,0.4293749928474426,e7p__nwd-calib-norsl__s0
56,model.10,0.0111067527905106,0.6680908203125,0.3616133034229278,1.1682510375976562e-05,1.0,0.4568749964237213,e7p__nwd-calib-norsl__s0
57,model.10,0.0119256749749183,0.6476958990097046,0.3629749417304992,1.1920928955078125e-07,1.0,0.3700000047683716,e7p__nwd-calib-norsl__s0
58,model.10,0.0128551814705133,0.6500186920166016,0.3794350624084472,1.788139343261719e-07,1.0,0.4381249845027923,e7p__nwd-calib-norsl__s0
59,model.10,0.0137946428731083,0.6223468780517578,0.3749984800815582,7.808208465576172e-06,1.0,0.4334374964237213,e7p__nwd-calib-norsl__s0
60,model.10,0.0138623202219605,0.6312533617019653,0.3845094740390777,3.534555435180664e-05,1.0,0.4171874821186065,e7p__nwd-calib-norsl__s0
61,model.10,0.0121618611738085,0.6285844445228577,0.3807668387889862,1.0132789611816406e-06,1.0,0.4128125011920929,e7p__nwd-calib-norsl__s0
62,model.10,0.0119529012590646,0.6262480020523071,0.3753505051136017,1.132488250732422e-05,1.0,0.4153124988079071,e7p__nwd-calib-norsl__s0
63,model.10,0.0113439466804265,0.6337477564811707,0.3768861889839172,4.887580871582031e-06,1.0,0.4131249785423279,e7p__nwd-calib-norsl__s0
64,model.10,0.0140440724790096,0.6476376056671143,0.3639211058616638,1.1920928955078123e-05,1.0,0.4015624821186065,e7p__nwd-calib-norsl__s0
65,model.10,0.0150645561516284,0.637737512588501,0.3537631630897522,1.2814998626708984e-05,1.0,0.4056249856948852,e7p__nwd-calib-norsl__s0
66,model.10,0.0157041531056165,0.6365934610366821,0.3872515857219696,3.516674041748047e-06,1.0,0.4431249797344208,e7p__nwd-calib-norsl__s0
67,model.10,0.0170126166194677,0.6337311863899231,0.3722094595432281,7.152557373046875e-07,1.0,0.395312488079071,e7p__nwd-calib-norsl__s0
68,model.10,0.0179994590580463,0.6148471832275391,0.3707123100757599,1.1920928955078125e-07,1.0,0.4012500047683716,e7p__nwd-calib-norsl__s0
69,model.10,0.0194825679063797,0.5940521359443665,0.3679689466953277,9.357929229736328e-06,1.0,0.3834374845027923,e7p__nwd-calib-norsl__s0
70,model.10,0.0177202895283699,0.6404485702514648,0.3557906150817871,5.227327346801758e-05,1.0,0.3659375011920929,e7p__nwd-calib-norsl__s0
71,model.10,0.0178686194121837,0.6354030966758728,0.3707224130630493,4.410743713378906e-06,1.0,0.4199999868869781,e7p__nwd-calib-norsl__s0
72,model.10,0.017344644293189,0.646386981010437,0.3798762559890747,5.066394805908203e-05,1.0,0.4153124988079071,e7p__nwd-calib-norsl__s0
73,model.10,0.0181670673191547,0.6190285086631775,0.3866367936134338,7.724761962890625e-05,1.0,0.3931249976158142,e7p__nwd-calib-norsl__s0
74,model.10,0.0191098041832447,0.6251122355461121,0.376807153224945,2.7298927307128903e-05,1.0,0.3824999928474426,e7p__nwd-calib-norsl__s0
75,model.10,0.0199695322662591,0.6506893634796143,0.3629465699195862,6.866455078125e-05,1.0,0.3584374785423279,e7p__nwd-calib-norsl__s0
76,model.10,0.0219951700419187,0.6271564960479736,0.3732819557189941,1.4483928680419922e-05,1.0,0.4165624976158142,e7p__nwd-calib-norsl__s0
77,model.10,0.0223134960979223,0.622799813747406,0.3816064000129699,4.947185516357422e-06,1.0,0.4018749892711639,e7p__nwd-calib-norsl__s0
78,model.10,0.0227765571326017,0.6387962698936462,0.3657775521278381,8.684396743774414e-05,1.0,0.4018749892711639,e7p__nwd-calib-norsl__s0
79,model.10,0.023349268361926,0.6409843564033508,0.3639420866966247,2.86102294921875e-06,1.0,0.3946875035762787,e7p__nwd-calib-norsl__s0
80,model.10,0.0240946505218744,0.6207500696182251,0.3572597503662109,0.0001726150512695,1.0,0.3728124797344208,e7p__nwd-calib-norsl__s0
81,model.10,0.0242535546422004,0.6545884013175964,0.360623300075531,9.685754776000977e-05,1.0,0.3546874821186065,e7p__nwd-calib-norsl__s0
82,model.10,0.0255992524325847,0.6362048387527466,0.3638874292373657,7.426738739013672e-05,1.0,0.3840624988079071,e7p__nwd-calib-norsl__s0
83,model.10,0.0252587832510471,0.6302509307861328,0.3769956827163696,0.0002002716064453,1.0,0.3549999892711639,e7p__nwd-calib-norsl__s0
84,model.10,0.0252774190157651,0.6315358877182007,0.3604871034622192,9.459257125854492e-05,1.0,0.3846874833106994,e7p__nwd-calib-norsl__s0
85,model.10,0.0266831368207931,0.6018494367599487,0.3729170858860016,2.4139881134033203e-05,1.0,0.3793749809265136,e7p__nwd-calib-norsl__s0
86,model.10,0.0269144997000694,0.6575536727905273,0.3635603189468384,0.0002018213272094,1.0,0.4178124964237213,e7p__nwd-calib-norsl__s0
87,model.10,0.0275438353419303,0.614614725112915,0.3812639713287353,3.510713577270508e-05,1.0,0.390625,e7p__nwd-calib-norsl__s0
88,model.10,0.0284261349588632,0.6217597723007202,0.3716349303722381,2.5093555450439453e-05,1.0,0.3643749952316284,e7p__nwd-calib-norsl__s0
89,model.10,0.0284672603011131,0.6163753867149353,0.3709699511528015,0.0001896619796752,1.0,0.3606249988079071,e7p__nwd-calib-norsl__s0
90,model.10,0.0288333892822265,0.635732114315033,0.3555891513824463,0.0001141428947448,1.0,0.3715624809265136,e7p__nwd-calib-norsl__s0
91,model.10,0.0294231344014406,0.6324169635772705,0.3607458472251892,4.76837158203125e-06,1.0,0.3346875011920929,e7p__nwd-calib-norsl__s0
92,model.10,0.0298379380255937,0.6431124210357666,0.3370614051818847,0.0001622438430786,1.0,0.3578124940395355,e7p__nwd-calib-norsl__s0
93,model.10,0.0302653778344392,0.6306066513061523,0.3520683050155639,1.3649463653564451e-05,1.0,0.3849999904632568,e7p__nwd-calib-norsl__s0
94,model.10,0.0305905304849147,0.6274662613868713,0.356312096118927,0.0003407001495361,1.0,0.309374988079071,e7p__nwd-calib-norsl__s0
95,model.10,0.0310519412159919,0.6349812746047974,0.3551039695739746,0.0001263618469238,1.0,0.3937499821186065,e7p__nwd-calib-norsl__s0
96,model.10,0.0312417764216661,0.6406334042549133,0.362191379070282,4.911422729492188e-05,1.0,0.3743749856948852,e7p__nwd-calib-norsl__s0
97,model.10,0.0315459445118904,0.6191441416740417,0.350690484046936,0.000521183013916,1.0,0.3540624976158142,e7p__nwd-calib-norsl__s0
98,model.10,0.0318006090819835,0.6197496056556702,0.3481271266937256,5.692243576049805e-05,1.0,0.414374977350235,e7p__nwd-calib-norsl__s0
99,model.10,0.031845137476921,0.6354819536209106,0.3442960679531097,1.925230026245117e-05,1.0,0.3693749904632568,e7p__nwd-calib-norsl__s0
100,model.10,0.031845137476921,0.6354819536209106,0.3442960679531097,1.925230026245117e-05,1.0,0.3693749904632568,e7p__nwd-calib-norsl__s0
