run,epoch,lambda_tv,train/box_loss,train/cls_loss,train/dfl_loss,train/det_loss,train/rsl_loss,weighted_rsl_loss,ratio_rsl_to_box,ratio_rsl_to_det,metrics/mAP50(B),metrics/mAP50-95(B)
e6p__lam-1e-5__s0,1,1e-05,1.43624,2.28208,1.39598,5.1143,0.08272,8.272000000000001e-07,5.759483094747397e-07,1.6174256496490235e-07,0.59193,0.3541
e6p__lam-1e-5__s0,2,1e-05,1.42241,1.66718,1.40143,4.491020000000001,0.11947,1.1947000000000002e-06,8.39912542797084e-07,2.6601974607104846e-07,0.52263,0.29441
e6p__lam-1e-5__s0,3,1e-05,1.47795,1.72936,1.46805,4.67536,0.15552,1.5552e-06,1.0522683446665988e-06,3.3263748673898906e-07,0.48876,0.27116
e6p__lam-1e-5__s0,4,1e-05,1.48168,1.74287,1.481,4.70555,0.1864,1.8640000000000003e-06,1.2580314237892124e-06,3.961279765383431e-07,0.50889,0.2786
e6p__lam-1e-5__s0,5,1e-05,1.47696,1.63741,1.47095,4.58532,0.18706,1.8706000000000001e-06,1.2665204203228252e-06,4.079540795407954e-07,0.52817,0.30166
e6p__lam-1e-5__s0,6,1e-05,1.45424,1.5934,1.45479,4.50243,0.1791,1.7910000000000003e-06,1.231571129937287e-06,3.977851959941632e-07,0.54237,0.30914
e6p__lam-1e-5__s0,7,1e-05,1.43029,1.52652,1.43861,4.39542,0.18238,1.8238e-06,1.2751260233938571e-06,4.149319063934732e-07,0.56308,0.32086
e6p__lam-1e-5__s0,8,1e-05,1.41447,1.47794,1.43607,4.32848,0.1747,1.7470000000000002e-06,1.235091589075767e-06,4.0360588474476033e-07,0.57564,0.32929
e6p__lam-1e-5__s0,9,1e-05,1.398,1.45872,1.42151,4.278230000000001,0.17508,1.7508000000000002e-06,1.2523605150214595e-06,4.092346601281371e-07,0.56868,0.32927
e6p__lam-1e-5__s0,10,1e-05,1.35988,1.40904,1.40018,4.1691,0.17525,1.7525e-06,1.2887166514692473e-06,4.2035451296442873e-07,0.58533,0.34318
e6p__lam-1e-5__s0,11,1e-05,1.35783,1.3896,1.39443,4.14186,0.18276,1.8276000000000003e-06,1.3459711451359892e-06,4.4125103214497837e-07,0.58949,0.34011
e6p__lam-1e-5__s0,12,1e-05,1.33971,1.3437,1.38208,4.06549,0.18441,1.8441e-06,1.3764919273574133e-06,4.535984592263172e-07,0.60212,0.34792
e6p__lam-1e-5__s0,13,1e-05,1.33427,1.29982,1.3657,3.99979,0.1856,1.856e-06,1.391022806478449e-06,4.6402436127896716e-07,0.61095,0.35959
e6p__lam-1e-5__s0,14,1e-05,1.30967,1.26191,1.35618,3.92776,0.18475,1.8475e-06,1.4106607007872215e-06,4.7036988003340326e-07,0.62343,0.36897
e6p__lam-1e-5__s0,15,1e-05,1.29848,1.24732,1.34334,3.88914,0.18952,1.8952e-06,1.459552707781406e-06,4.873056768334388e-07,0.62561,0.37223
e6p__lam-1e-5__s0,16,1e-05,1.28495,1.19745,1.33107,3.81347,0.19273,1.9273e-06,1.4999027199501927e-06,5.05392726309634e-07,0.62803,0.37754
e6p__lam-1e-5__s0,17,1e-05,1.28972,1.20308,1.34281,3.83561,0.18765,1.8765000000000002e-06,1.4549669695747917e-06,4.892311783523351e-07,0.63627,0.3798
e6p__lam-1e-5__s0,18,1e-05,1.2735,1.17445,1.32511,3.77306,0.19452,1.9452e-06,1.5274440518256771e-06,5.155497129650734e-07,0.63778,0.384
e6p__lam-1e-5__s0,19,1e-05,1.2563,1.14743,1.31156,3.71529,0.19773,1.9773e-06,1.5739075061689087e-06,5.322060996584386e-07,0.64762,0.3931
e6p__lam-1e-5__s0,20,1e-05,1.24427,1.13708,1.31162,3.6929700000000003,0.20151,2.0151e-06,1.619503805444156e-06,5.456583725294275e-07,0.65092,0.39096
e6p__lam-1e-5__s0,21,1e-05,1.24104,1.11198,1.30015,3.65317,0.20702,2.0702e-06,1.6681170631083608e-06,5.666859193522339e-07,0.66172,0.39868
e6p__lam-1e-5__s0,22,1e-05,1.22676,1.09534,1.29569,3.61779,0.20271,2.0271e-06,1.6524014477159346e-06,5.603144461121292e-07,0.66123,0.39617
e6p__lam-1e-5__s0,23,1e-05,1.21144,1.0704,1.28409,3.56593,0.19972,1.9972e-06,1.648616522485637e-06,5.600782965453613e-07,0.65332,0.39573
e6p__lam-1e-5__s0,24,1e-05,1.19985,1.04696,1.27294,3.51975,0.19485,1.9485e-06,1.6239529941242654e-06,5.535904538674622e-07,0.65933,0.40166
e6p__lam-1e-5__s0,25,1e-05,1.19543,1.03804,1.27464,3.5081100000000003,0.18974,1.8974e-06,1.5872112963536133e-06,5.408610334339573e-07,0.6538,0.39439
e6p__lam-1e-5__s0,26,1e-05,1.19454,1.01442,1.27505,3.4840100000000005,0.18665,1.8665000000000003e-06,1.5625261606978422e-06,5.35733249904564e-07,0.64769,0.38466
e6p__lam-1e-5__s0,27,1e-05,1.17962,0.99844,1.25541,3.43347,0.1785,1.785e-06,1.5131991658330652e-06,5.198822182806316e-07,0.65812,0.39684
e6p__lam-1e-5__s0,28,1e-05,1.1682,0.98,1.25401,3.40221,0.17609,1.7609000000000002e-06,1.5073617531244652e-06,5.17575340734405e-07,0.66282,0.39811
e6p__lam-1e-5__s0,29,1e-05,1.15582,0.97043,1.24865,3.3749000000000002,0.17214,1.7214e-06,1.4893322489661018e-06,5.100595573202168e-07,0.66579,0.39479
e6p__lam-1e-5__s0,30,1e-05,1.15314,0.96763,1.24318,3.36395,0.17378,1.7378000000000001e-06,1.5070156268969944e-06,5.165950742430774e-07,0.66869,0.40262
e6p__lam-1e-5__s0,31,1e-05,1.14205,0.93806,1.23613,3.3162399999999996,0.18421,1.8421000000000003e-06,1.6129766647694938e-06,5.554784937157746e-07,0.67125,0.40678
e6p__lam-1e-5__s0,32,1e-05,1.12796,0.92474,1.22425,3.2769500000000003,0.18829,1.8829000000000002e-06,1.6692967835738857e-06,5.745891759105266e-07,0.66878,0.41063
e6p__lam-1e-5__s0,33,1e-05,1.1215,0.91994,1.22465,3.2660899999999997,0.1829,1.8290000000000002e-06,1.6308515381185915e-06,5.599968157644157e-07,0.6659,0.4024
e6p__lam-1e-5__s0,34,1e-05,1.12484,0.89292,1.21273,3.23049,0.1871,1.871e-06,1.663347676113936e-06,5.791691043773545e-07,0.68058,0.41901
e6p__lam-1e-5__s0,35,1e-05,1.10347,0.89889,1.20852,3.21088,0.18042,1.8042e-06,1.6350240604638097e-06,5.619020330875025e-07,0.68077,0.4173
e6p__lam-1e-5__s0,36,1e-05,1.10863,0.88896,1.20935,3.20694,0.17836,1.7836e-06,1.6088325230239123e-06,5.561688088957075e-07,0.67486,0.41056
e6p__lam-1e-5__s0,37,1e-05,1.10595,0.86644,1.20339,3.1757799999999996,0.17266,1.7266000000000001e-06,1.5611917356119175e-06,5.436774587660356e-07,0.66753,0.40389
e6p__lam-1e-5__s0,38,1e-05,1.07611,0.84331,1.18527,3.1046899999999997,0.17219,1.7219000000000002e-06,1.6001152298556841e-06,5.54612537805707e-07,0.67339,0.41474
e6p__lam-1e-5__s0,39,1e-05,1.08364,0.8472,1.19401,3.12485,0.16835,1.6835e-06,1.553560222952272e-06,5.387458598012704e-07,0.67142,0.41205
e6p__lam-1e-5__s0,40,1e-05,1.07712,0.83899,1.1904,3.10651,0.16797,1.6797000000000002e-06,1.559436274509804e-06,5.407032328883539e-07,0.67933,0.41751
e6p__lam-1e-5__s0,41,1e-05,1.07076,0.83316,1.18318,3.0870999999999995,0.17373,1.7373e-06,1.6224924352796146e-06,5.627611674386967e-07,0.67582,0.41169
e6p__lam-1e-5__s0,42,1e-05,1.0645,0.82442,1.18139,3.07031,0.17556,1.7556000000000002e-06,1.649224988257398e-06,5.71798938869365e-07,0.67493,0.41219
e6p__lam-1e-5__s0,43,1e-05,1.04669,0.81146,1.16794,3.02609,0.18192,1.8192e-06,1.7380504256274545e-06,6.01171809166284e-07,0.67873,0.41418
e6p__lam-1e-5__s0,44,1e-05,1.04234,0.79999,1.16655,3.00888,0.18337,1.8337000000000001e-06,1.7592148435251454e-06,6.094294222434926e-07,0.67647,0.40966
e6p__lam-1e-5__s0,45,1e-05,1.0238,0.7784,1.15878,2.96098,0.18454,1.8454000000000002e-06,1.8025004883766361e-06,6.232396031043777e-07,0.68557,0.42011
e6p__lam-1e-5__s0,46,1e-05,1.03895,0.78835,1.16151,2.98881,0.18384,1.8384000000000003e-06,1.7694788007122579e-06,6.150943017455109e-07,0.68339,0.41647
e6p__lam-1e-5__s0,47,1e-05,1.01816,0.76582,1.15112,2.9351,0.178,1.7800000000000001e-06,1.7482517482517485e-06,6.0645293175701e-07,0.68975,0.42225
e6p__lam-1e-5__s0,48,1e-05,1.01703,0.76937,1.14969,2.93609,0.17953,1.7953000000000002e-06,1.7652379969125787e-06,6.114594579866422e-07,0.69191,0.42427
e6p__lam-1e-5__s0,49,1e-05,1.00895,0.75514,1.14719,2.9112799999999996,0.17829,1.7829000000000001e-06,1.7670845928936024e-06,6.124110356956391e-07,0.67954,0.42328
e6p__lam-1e-5__s0,50,1e-05,1.00494,0.7399,1.13576,2.8806000000000003,0.18292,1.8292000000000002e-06,1.8202081716321376e-06,6.350065958480872e-07,0.67765,0.41293
e6p__lam-1e-5__s0,51,1e-05,1.00569,0.73703,1.1431,2.88582,0.19431,1.9431e-06,1.9321063150672674e-06,6.733268187205024e-07,0.67928,0.41327
e6p__lam-1e-5__s0,52,1e-05,0.98479,0.73178,1.13481,2.85138,0.1935,1.935e-06,1.9648859147635536e-06,6.786187740672938e-07,0.68711,0.42169
e6p__lam-1e-5__s0,53,1e-05,0.98408,0.72968,1.12791,2.8416699999999997,0.19316,1.9316000000000003e-06,1.962848548898464e-06,6.797411381335625e-07,0.6834,0.42096
e6p__lam-1e-5__s0,54,1e-05,0.97723,0.71647,1.13023,2.8239300000000003,0.20079,2.0079000000000003e-06,2.0546851815846835e-06,7.110303725658922e-07,0.68171,0.41993
e6p__lam-1e-5__s0,55,1e-05,0.96863,0.71755,1.12232,2.8085,0.21387,2.1387000000000004e-06,2.207963825196412e-06,7.615097026882679e-07,0.69511,0.42496
e6p__lam-1e-5__s0,56,1e-05,0.96299,0.70014,1.11303,2.77616,0.21156,2.1156e-06,2.196907548364988e-06,7.620598236412888e-07,0.68569,0.42354
e6p__lam-1e-5__s0,57,1e-05,0.96254,0.69964,1.11612,2.7782999999999998,0.21479,2.1479000000000002e-06,2.2314916782679163e-06,7.730986574523991e-07,0.68261,0.41809
e6p__lam-1e-5__s0,58,1e-05,0.95319,0.68429,1.10676,2.74424,0.2111,2.111e-06,2.2146686389911773e-06,7.692475876745475e-07,0.6852,0.41952
e6p__lam-1e-5__s0,59,1e-05,0.94182,0.67775,1.10702,2.72659,0.21123,2.1123e-06,2.2427852455883293e-06,7.747039342181993e-07,0.68025,0.4198
e6p__lam-1e-5__s0,60,1e-05,0.93831,0.67603,1.10017,2.7145099999999998,0.21619,2.1619e-06,2.3040359795803095e-06,7.964236639393482e-07,0.67713,0.41726
e6p__lam-1e-5__s0,61,1e-05,0.92703,0.66285,1.09724,2.68712,0.22125,2.2125e-06,2.3866541535872623e-06,8.23372234957873e-07,0.68564,0.4234
e6p__lam-1e-5__s0,62,1e-05,0.92799,0.66446,1.09603,2.68848,0.2175,2.1750000000000004e-06,2.343775256198882e-06,8.090073201214069e-07,0.68705,0.42564
e6p__lam-1e-5__s0,63,1e-05,0.92093,0.66624,1.09785,2.6850199999999997,0.21669,2.1669e-06,2.3529475638756472e-06,8.070330947255514e-07,0.6813,0.41821
e6p__lam-1e-5__s0,64,1e-05,0.91303,0.64588,1.08266,2.6415699999999998,0.21548,2.1548e-06,2.360053886509753e-06,8.157270108306804e-07,0.68192,0.42406
e6p__lam-1e-5__s0,65,1e-05,0.90784,0.63942,1.0838,2.63106,0.21756,2.1756000000000004e-06,2.3964575255551643e-06,8.268910629176075e-07,0.68626,0.42367
e6p__lam-1e-5__s0,66,1e-05,0.90411,0.64179,1.08045,2.62635,0.21957,2.1957e-06,2.4285761688290143e-06,8.36027186018619e-07,0.6771,0.4229
e6p__lam-1e-5__s0,67,1e-05,0.89415,0.62945,1.07696,2.6005599999999998,0.2189,2.189e-06,2.4481351003746577e-06,8.417417786938199e-07,0.67921,0.41974
e6p__lam-1e-5__s0,68,1e-05,0.8891,0.627,1.07541,2.59151,0.22131,2.2131e-06,2.48914632774716e-06,8.539808837318784e-07,0.68261,0.42485
e6p__lam-1e-5__s0,69,1e-05,0.88901,0.61465,1.06925,2.5729100000000003,0.2254,2.254e-06,2.5354045511299086e-06,8.760508529252868e-07,0.6812,0.42391
e6p__lam-1e-5__s0,70,1e-05,0.87027,0.61613,1.06639,2.55279,0.21936,2.1936e-06,2.5205970560860424e-06,8.592951241582739e-07,0.68737,0.42676
e6p__lam-1e-5__s0,71,1e-05,0.88166,0.61574,1.06463,2.56203,0.21686,2.1686000000000003e-06,2.4596783340516757e-06,8.464381759776428e-07,0.68148,0.42184
e6p__lam-1e-5__s0,72,1e-05,0.86299,0.60165,1.05821,2.52285,0.21226,2.1226000000000002e-06,2.4595881759927693e-06,8.413500604475099e-07,0.68554,0.42321
e6p__lam-1e-5__s0,73,1e-05,0.86196,0.60262,1.06361,2.52819,0.21633,2.1633e-06,2.5097452317972996e-06,8.556714487439631e-07,0.67808,0.4228
e6p__lam-1e-5__s0,74,1e-05,0.85087,0.58763,1.05259,2.49109,0.22021,2.2021e-06,2.5880569299658e-06,8.839905422927314e-07,0.68542,0.42773
e6p__lam-1e-5__s0,75,1e-05,0.85916,0.59655,1.0535,2.5092100000000004,0.21566,2.1566000000000002e-06,2.510126169747195e-06,8.594736988932771e-07,0.6888,0.42701
e6p__lam-1e-5__s0,76,1e-05,0.84346,0.59099,1.05062,2.4850700000000003,0.21236,2.1236000000000003e-06,2.517724610532806e-06,8.545433327833823e-07,0.68932,0.429
e6p__lam-1e-5__s0,77,1e-05,0.83352,0.58243,1.04822,2.46417,0.20465,2.0465000000000002e-06,2.455250023994625e-06,8.305027656371111e-07,0.69192,0.42863
e6p__lam-1e-5__s0,78,1e-05,0.84112,0.58453,1.046,2.4716500000000003,0.20218,2.0218000000000003e-06,2.403699828799696e-06,8.17996075496126e-07,0.69199,0.42863
e6p__lam-1e-5__s0,79,1e-05,0.83139,0.56978,1.04465,2.4458200000000003,0.20364,2.0364e-06,2.449391982102263e-06,8.326041981830224e-07,0.68987,0.42718
e6p__lam-1e-5__s0,80,1e-05,0.82611,0.57078,1.04208,2.43897,0.20268,2.0268000000000002e-06,2.453426299161129e-06,8.310065314456514e-07,0.68731,0.42999
e6p__lam-1e-5__s0,81,1e-05,0.81517,0.55844,1.03393,2.40754,0.20228,2.0228e-06,2.4814455880368513e-06,8.401937247148541e-07,0.69154,0.43101
e6p__lam-1e-5__s0,82,1e-05,0.80876,0.55983,1.03126,2.3998500000000003,0.20285,2.0285e-06,2.5081606409812554e-06,8.45261162155968e-07,0.69401,0.43164
e6p__lam-1e-5__s0,83,1e-05,0.80742,0.54814,1.03078,2.38634,0.20777,2.0777000000000005e-06,2.5732580317554686e-06,8.706638618134886e-07,0.68846,0.42912
e6p__lam-1e-5__s0,84,1e-05,0.80246,0.54602,1.02917,2.37765,0.21088,2.1088000000000005e-06,2.627919148618e-06,8.869261665930647e-07,0.68198,0.42567
e6p__lam-1e-5__s0,85,1e-05,0.79348,0.53587,1.02335,2.3526999999999996,0.21055,2.1055e-06,2.653501033422393e-06,8.949292302461004e-07,0.69156,0.43126
e6p__lam-1e-5__s0,86,1e-05,0.79404,0.54608,1.03054,2.37066,0.21026,2.1026e-06,2.6479774318674124e-06,8.869260037289194e-07,0.68747,0.42787
e6p__lam-1e-5__s0,87,1e-05,0.79367,0.54973,1.02865,2.3720499999999998,0.21029,2.1029000000000002e-06,2.649589879924906e-06,8.865327459370589e-07,0.68803,0.42691
e6p__lam-1e-5__s0,88,1e-05,0.78746,0.53737,1.02651,2.35134,0.20892,2.0892000000000003e-06,2.6530871409341427e-06,8.885146342085791e-07,0.68851,0.42806
e6p__lam-1e-5__s0,89,1e-05,0.77732,0.53062,1.02345,2.33139,0.20993,2.0993000000000004e-06,2.70068954870581e-06,9.004499461694528e-07,0.68861,0.42849
e6p__lam-1e-5__s0,90,1e-05,0.76974,0.51855,1.0152,2.30349,0.20977,2.0977000000000003e-06,2.7252059136851407e-06,9.10661648194696e-07,0.68497,0.4268
e6p__lam-1e-5__s0,91,1e-05,0.72857,0.4159,0.97626,2.12073,0.20626,2.0626e-06,2.8310251588728603e-06,9.725896271566867e-07,0.67062,0.41474
e6p__lam-1e-5__s0,92,1e-05,0.68779,0.38427,0.9557,2.02776,0.20683,2.0683e-06,3.0071678855464604e-06,1.0199925040438713e-06,0.68003,0.42348
e6p__lam-1e-5__s0,93,1e-05,0.67831,0.37826,0.95097,2.00754,0.20502,2.0502000000000003e-06,3.0225118308737897e-06,1.0212498879225323e-06,0.6822,0.423
e6p__lam-1e-5__s0,94,1e-05,0.66848,0.37232,0.94726,1.98806,0.20374,2.0374e-06,3.047809956917186e-06,1.0248181644417173e-06,0.6769,0.42317
e6p__lam-1e-5__s0,95,1e-05,0.66398,0.37226,0.95001,1.98625,0.20463,2.0463e-06,3.0818699358414412e-06,1.030232850849591e-06,0.68114,0.42445
e6p__lam-1e-5__s0,96,1e-05,0.651,0.36335,0.94191,1.95626,0.20503,2.0503e-06,3.149462365591398e-06,1.0480713197632216e-06,0.68148,0.42502
e6p__lam-1e-5__s0,97,1e-05,0.64836,0.35926,0.94048,1.9481000000000002,0.2074,2.0740000000000004e-06,3.1988401505336544e-06,1.064627072532211e-06,0.67871,0.42413
e6p__lam-1e-5__s0,98,1e-05,0.6491,0.36091,0.94204,1.95205,0.20555,2.0555000000000005e-06,3.166692343244493e-06,1.0529955687610463e-06,0.68366,0.42591
e6p__lam-1e-5__s0,99,1e-05,0.6419,0.35923,0.94021,1.94134,0.20585,2.0585000000000003e-06,3.206885807758218e-06,1.060350067479164e-06,0.68094,0.42425
e6p__lam-1e-5__s0,100,1e-05,0.6366,0.35148,0.93437,1.92245,0.20679,2.0679e-06,3.2483506126295946e-06,1.0756586647247003e-06,0.68215,0.42545
e6p__lam-1e-4__s0,1,0.0001,1.44,2.28827,1.39675,5.125019999999999,0.07667,7.667000000000001e-06,5.324305555555557e-06,1.4959941619740026e-06,0.57576,0.34294
e6p__lam-1e-4__s0,2,0.0001,1.42979,1.6882,1.40284,4.52083,0.09074,9.074e-06,6.346386532287959e-06,2.0071535536616064e-06,0.55265,0.3159
e6p__lam-1e-4__s0,3,0.0001,1.48073,1.73274,1.47353,4.687,0.15125,1.5125e-05,1.021455633370027e-05,3.227010881160657e-06,0.48082,0.25329
e6p__lam-1e-4__s0,4,0.0001,1.49156,1.73686,1.48768,4.7161,0.16199,1.6199000000000002e-05,1.086044141703988e-05,3.4348296261741697e-06,0.50769,0.28605
e6p__lam-1e-4__s0,5,0.0001,1.47662,1.6535,1.46949,4.59961,0.1577,1.577e-05,1.0679795749752813e-05,3.4285515511097676e-06,0.52667,0.29777
e6p__lam-1e-4__s0,6,0.0001,1.46033,1.60499,1.46323,4.52855,0.16147,1.6147e-05,1.1057089835859019e-05,3.5656004681410164e-06,0.52742,0.30031
e6p__lam-1e-4__s0,7,0.0001,1.435,1.53584,1.44301,4.41385,0.14932,1.4932000000000002e-05,1.0405574912891988e-05,3.3829876411749386e-06,0.55078,0.30812
e6p__lam-1e-4__s0,8,0.0001,1.4017,1.48062,1.43056,4.31288,0.14242,1.4242e-05,1.0160519369337233e-05,3.3022017770028383e-06,0.5634,0.32661
e6p__lam-1e-4__s0,9,0.0001,1.39618,1.45439,1.41875,4.2693200000000004,0.13396,1.3396e-05,9.594751393086852e-06,3.1377362202880083e-06,0.56821,0.33399
e6p__lam-1e-4__s0,10,0.0001,1.35761,1.40978,1.39412,4.16151,0.12453,1.2453000000000001e-05,9.172737384079376e-06,2.9924234232285882e-06,0.60196,0.35758
e6p__lam-1e-4__s0,11,0.0001,1.35109,1.376,1.38656,4.11365,0.11287,1.1287e-05,8.353995662761178e-06,2.7437920095292503e-06,0.6107,0.36005
e6p__lam-1e-4__s0,12,0.0001,1.34296,1.33364,1.37418,4.05078,0.11252,1.1252e-05,8.378507178173587e-06,2.7777366334384987e-06,0.61629,0.36459
e6p__lam-1e-4__s0,13,0.0001,1.33425,1.29244,1.36348,3.99017,0.10616,1.0616000000000001e-05,7.956529885703581e-06,2.6605382728054196e-06,0.60272,0.35427
e6p__lam-1e-4__s0,14,0.0001,1.31114,1.2653,1.35745,3.93389,0.09835,9.835000000000002e-06,7.5011059078359305e-06,2.500069905360852e-06,0.6085,0.36371
e6p__lam-1e-4__s0,15,0.0001,1.29544,1.24091,1.34552,3.8818699999999997,0.09057,9.057e-06,6.991446921509295e-06,2.333153866564311e-06,0.62747,0.37273
e6p__lam-1e-4__s0,16,0.0001,1.29189,1.20591,1.33761,3.8354099999999995,0.08166,8.166e-06,6.320971599749204e-06,2.129107448747331e-06,0.64759,0.39018
e6p__lam-1e-4__s0,17,0.0001,1.28589,1.19994,1.33578,3.8216099999999997,0.08046,8.046e-06,6.257144856869561e-06,2.105395370014209e-06,0.64504,0.38335
e6p__lam-1e-4__s0,18,0.0001,1.27481,1.17748,1.32234,3.77463,0.13418,1.3418e-05,1.052549007303049e-05,3.5547855021551777e-06,0.64297,0.38625
e6p__lam-1e-4__s0,19,0.0001,1.25429,1.15488,1.31164,3.7208099999999993,0.18082,1.8082e-05,1.441612386290252e-05,4.859694528879466e-06,0.64849,0.38957
e6p__lam-1e-4__s0,20,0.0001,1.24826,1.14635,1.31188,3.70649,0.18157,1.8157000000000003e-05,1.4545847820165673e-05,4.898704704450842e-06,0.63388,0.38064
e6p__lam-1e-4__s0,21,0.0001,1.24143,1.1135,1.30141,3.65634,0.18097,1.8097e-05,1.4577543639190288e-05,4.949485004129813e-06,0.64875,0.39272
e6p__lam-1e-4__s0,22,0.0001,1.23095,1.07772,1.29072,3.5993900000000005,0.17989,1.7989e-05,1.4613916081075593e-05,4.997791292413436e-06,0.6584,0.39703
e6p__lam-1e-4__s0,23,0.0001,1.21245,1.05813,1.2794,3.5499799999999997,0.17251,1.7251e-05,1.4228215596519444e-05,4.859463996980265e-06,0.64907,0.38996
e6p__lam-1e-4__s0,24,0.0001,1.19888,1.04149,1.26692,3.5072900000000002,0.16904,1.6904e-05,1.4099826504737756e-05,4.81967558998543e-06,0.66249,0.40243
e6p__lam-1e-4__s0,25,0.0001,1.19909,1.03797,1.26856,3.50562,0.16457,1.6457000000000002e-05,1.3724574468972305e-05,4.694462035246262e-06,0.64761,0.3931
e6p__lam-1e-4__s0,26,0.0001,1.18347,1.00854,1.26728,3.4592899999999998,0.15722,1.5722e-05,1.3284662898087825e-05,4.544863252285874e-06,0.66071,0.39703
e6p__lam-1e-4__s0,27,0.0001,1.17765,0.99319,1.24891,3.41975,0.15006,1.5006e-05,1.2742325818367086e-05,4.388040061407998e-06,0.6509,0.39316
e6p__lam-1e-4__s0,28,0.0001,1.16738,0.96983,1.24728,3.38449,0.15413,1.5413e-05,1.3203070122839176e-05,4.55400961444708e-06,0.66293,0.40547
e6p__lam-1e-4__s0,29,0.0001,1.15022,0.9682,1.23937,3.35779,0.15641,1.5641e-05,1.3598268157395978e-05,4.658123348988472e-06,0.66601,0.40396
e6p__lam-1e-4__s0,30,0.0001,1.15092,0.9525,1.23774,3.34116,0.15173,1.5173000000000002e-05,1.3183366350397945e-05,4.5412371751128355e-06,0.66082,0.40397
e6p__lam-1e-4__s0,31,0.0001,1.14382,0.9345,1.23018,3.3085000000000004,0.14774,1.4774000000000001e-05,1.2916367959993705e-05,4.465467734622941e-06,0.66356,0.40704
e6p__lam-1e-4__s0,32,0.0001,1.12603,0.91973,1.21753,3.26329,0.14759,1.4759e-05,1.3107110822979848e-05,4.522736256967662e-06,0.67608,0.41334
e6p__lam-1e-4__s0,33,0.0001,1.12546,0.90995,1.22245,3.25786,0.14379,1.4379e-05,1.2776109324187445e-05,4.4136334894685475e-06,0.67028,0.40858
e6p__lam-1e-4__s0,34,0.0001,1.12042,0.89607,1.20872,3.22521,0.13838,1.3838e-05,1.2350725620749363e-05,4.290573327008164e-06,0.67346,0.41091
e6p__lam-1e-4__s0,35,0.0001,1.10631,0.89358,1.2044,3.20429,0.13819,1.3819000000000001e-05,1.2491073930453491e-05,4.3126558457567825e-06,0.67388,0.41444
e6p__lam-1e-4__s0,36,0.0001,1.11369,0.89486,1.20928,3.21783,0.13756,1.3756e-05,1.2351731630884715e-05,4.274930620946414e-06,0.6649,0.40527
e6p__lam-1e-4__s0,37,0.0001,1.11187,0.86489,1.20294,3.1797,0.13138,1.3138e-05,1.1816129583494475e-05,4.13183633676133e-06,0.66919,0.40746
e6p__lam-1e-4__s0,38,0.0001,1.08201,0.84944,1.1861,3.1175499999999996,0.12727,1.2727e-05,1.1762368185136922e-05,4.082372375743774e-06,0.66074,0.40478
e6p__lam-1e-4__s0,39,0.0001,1.08903,0.85311,1.19583,3.13797,0.12561,1.2561e-05,1.1534117517423764e-05,4.0029063375366875e-06,0.66716,0.40935
e6p__lam-1e-4__s0,40,0.0001,1.07288,0.84213,1.19074,3.10575,0.12238,1.2238e-05,1.1406681082693311e-05,3.9404330676970134e-06,0.67815,0.41233
e6p__lam-1e-4__s0,41,0.0001,1.07346,0.82818,1.18608,3.08772,0.11725,1.1725e-05,1.0922624038156988e-05,3.797300273340847e-06,0.67916,0.419
e6p__lam-1e-4__s0,42,0.0001,1.06224,0.82595,1.1764,3.06459,0.11599,1.1599e-05,1.0919377918361198e-05,3.7848456074058848e-06,0.67685,0.41879
e6p__lam-1e-4__s0,43,0.0001,1.04758,0.80789,1.16458,3.02005,0.12074,1.2074e-05,1.1525611409152523e-05,3.9979470538567245e-06,0.67269,0.41288
e6p__lam-1e-4__s0,44,0.0001,1.05148,0.80846,1.17028,3.03022,0.11758,1.1758000000000002e-05,1.1182333472819266e-05,3.880246318749134e-06,0.68161,0.41809
e6p__lam-1e-4__s0,45,0.0001,1.03188,0.78561,1.16286,2.9803499999999996,0.11441,1.1441000000000001e-05,1.108752955770051e-05,3.838810877917024e-06,0.67418,0.41292
e6p__lam-1e-4__s0,46,0.0001,1.03548,0.79509,1.15713,2.9877,0.11237,1.1237000000000001e-05,1.0851972032294204e-05,3.761087123874553e-06,0.68189,0.41883
e6p__lam-1e-4__s0,47,0.0001,1.01775,0.76376,1.1499,2.9314099999999996,0.10677,1.0677000000000001e-05,1.0490788504053061e-05,3.6422745368269886e-06,0.68382,0.41881
e6p__lam-1e-4__s0,48,0.0001,1.02488,0.77049,1.15242,2.9477900000000004,0.1023,1.023e-05,9.981656389040668e-06,3.4703964665054156e-06,0.6861,0.42379
e6p__lam-1e-4__s0,49,0.0001,1.0176,0.76051,1.14827,2.92638,0.09948,9.948e-06,9.775943396226415e-06,3.3994218112480265e-06,0.66997,0.41215
e6p__lam-1e-4__s0,50,0.0001,1.00685,0.74702,1.13642,2.8902900000000002,0.09461,9.461e-06,9.396633063514922e-06,3.2733739520947722e-06,0.67829,0.41549
e6p__lam-1e-4__s0,51,0.0001,1.00548,0.74449,1.13875,2.8887199999999997,0.09377,9.377000000000002e-06,9.325894100330194e-06,3.246074385887176e-06,0.68404,0.42114
e6p__lam-1e-4__s0,52,0.0001,0.98988,0.73548,1.13506,2.86042,0.08928,8.928e-06,9.019275063644079e-06,3.1212199607050713e-06,0.68702,0.42131
e6p__lam-1e-4__s0,53,0.0001,0.98893,0.73008,1.13164,2.85065,0.08683,8.683000000000001e-06,8.780196778336183e-06,3.0459719713047906e-06,0.67896,0.42115
e6p__lam-1e-4__s0,54,0.0001,0.97744,0.71825,1.12608,2.82177,0.08482,8.482000000000001e-06,8.677770502537241e-06,3.005914727281104e-06,0.68205,0.42123
e6p__lam-1e-4__s0,55,0.0001,0.96851,0.71279,1.1224,2.8037,0.08259,8.259e-06,8.52753198211686e-06,2.945750258586867e-06,0.68006,0.41587
e6p__lam-1e-4__s0,56,0.0001,0.96597,0.69866,1.11704,2.78167,0.08215,8.215e-06,8.504404898702859e-06,2.953261889440516e-06,0.68589,0.4243
e6p__lam-1e-4__s0,57,0.0001,0.96133,0.69887,1.11496,2.77516,0.08409,8.409e-06,8.747256405188645e-06,3.030095562057683e-06,0.68467,0.42163
e6p__lam-1e-4__s0,58,0.0001,0.95623,0.68776,1.10957,2.7535600000000002,0.08123,8.123e-06,8.494818192275916e-06,2.9499992736675428e-06,0.68086,0.42295
e6p__lam-1e-4__s0,59,0.0001,0.94376,0.68483,1.10687,2.73546,0.07837,7.837e-06,8.304017970670508e-06,2.8649660386187334e-06,0.69007,0.42832
e6p__lam-1e-4__s0,60,0.0001,0.93886,0.68077,1.09701,2.71664,0.07853,7.853000000000001e-06,8.364399377969027e-06,2.8907032216267157e-06,0.68861,0.4274
e6p__lam-1e-4__s0,61,0.0001,0.92319,0.66392,1.09651,2.6836200000000003,0.07985,7.985e-06,8.649357120419416e-06,2.9754585224435647e-06,0.68774,0.42261
e6p__lam-1e-4__s0,62,0.0001,0.93132,0.66376,1.09636,2.69144,0.07747,7.747e-06,8.318300906240606e-06,2.878384805160063e-06,0.69251,0.42878
e6p__lam-1e-4__s0,63,0.0001,0.92075,0.66157,1.09617,2.67849,0.07495,7.495e-06,8.140103176758078e-06,2.798218399172668e-06,0.68748,0.42271
e6p__lam-1e-4__s0,64,0.0001,0.91104,0.64595,1.08124,2.63823,0.07143,7.143e-06,7.840489989462593e-06,2.7074970719004786e-06,0.68355,0.42315
e6p__lam-1e-4__s0,65,0.0001,0.90931,0.64369,1.08547,2.63847,0.06717,6.716999999999999e-06,7.386919752339686e-06,2.545793584918532e-06,0.68976,0.4247
e6p__lam-1e-4__s0,66,0.0001,0.90352,0.64315,1.08072,2.62739,0.06589,6.589000000000001e-06,7.292588985301931e-06,2.507811935038194e-06,0.68934,0.42781
e6p__lam-1e-4__s0,67,0.0001,0.89247,0.62531,1.07422,2.592,0.06253,6.253e-06,7.006397974161597e-06,2.412422839506173e-06,0.69369,0.4292
e6p__lam-1e-4__s0,68,0.0001,0.88329,0.62626,1.07021,2.5797600000000003,0.05809,5.809000000000001e-06,6.576549038254708e-06,2.251759853629795e-06,0.69125,0.43448
e6p__lam-1e-4__s0,69,0.0001,0.88372,0.61277,1.06426,2.56075,0.05914,5.9140000000000005e-06,6.692164939120989e-06,2.309479644635361e-06,0.68791,0.42512
e6p__lam-1e-4__s0,70,0.0001,0.87236,0.61855,1.06619,2.5571,0.06073,6.073e-06,6.961575496354716e-06,2.374956004849243e-06,0.68667,0.42835
e6p__lam-1e-4__s0,71,0.0001,0.88387,0.61233,1.06465,2.5608500000000003,0.05902,5.902e-06,6.6774525665539054e-06,2.304703516410567e-06,0.69606,0.43269
e6p__lam-1e-4__s0,72,0.0001,0.86339,0.60048,1.05743,2.5213,0.056,5.600000000000001e-06,6.486060760490625e-06,2.221076428826399e-06,0.68931,0.42804
e6p__lam-1e-4__s0,73,0.0001,0.86555,0.60236,1.06627,2.53418,0.05576,5.576e-06,6.4421466119808204e-06,2.2003172623886226e-06,0.68802,0.42447
e6p__lam-1e-4__s0,74,0.0001,0.85529,0.58667,1.055,2.4969599999999996,0.05454,5.454e-06,6.376784482456242e-06,2.184256055363322e-06,0.68841,0.42561
e6p__lam-1e-4__s0,75,0.0001,0.85693,0.59398,1.05211,2.5030200000000002,0.05327,5.327e-06,6.216377066971631e-06,2.1282290992481082e-06,0.686,0.42564
e6p__lam-1e-4__s0,76,0.0001,0.84695,0.58768,1.05088,2.4855099999999997,0.05037,5.037e-06,5.94722238620934e-06,2.026545859803421e-06,0.68056,0.42531
e6p__lam-1e-4__s0,77,0.0001,0.82943,0.57764,1.04551,2.45258,0.04995,4.9950000000000005e-06,6.022208022376814e-06,2.03663081326603e-06,0.69296,0.43089
e6p__lam-1e-4__s0,78,0.0001,0.84416,0.58141,1.04699,2.47256,0.04955,4.955e-06,5.86974033358605e-06,2.003995858543372e-06,0.69174,0.43188
e6p__lam-1e-4__s0,79,0.0001,0.83512,0.57091,1.04336,2.44939,0.04554,4.554e-06,5.453108535300316e-06,1.8592384226276745e-06,0.68714,0.42857
e6p__lam-1e-4__s0,80,0.0001,0.82918,0.57433,1.04249,2.4459999999999997,0.04468,4.468e-06,5.3884560650281e-06,1.8266557645134918e-06,0.69038,0.42933
e6p__lam-1e-4__s0,81,0.0001,0.8158,0.56271,1.03532,2.41383,0.04461,4.461e-06,5.468252022554548e-06,1.8481003218950798e-06,0.68544,0.42816
e6p__lam-1e-4__s0,82,0.0001,0.80584,0.56197,1.03118,2.39899,0.04312,4.312e-06,5.350938151494094e-06,1.797423082213765e-06,0.69374,0.43503
e6p__lam-1e-4__s0,83,0.0001,0.8077,0.55203,1.03024,2.38997,0.04219,4.219e-06,5.2234740621517885e-06,1.765294125030858e-06,0.68495,0.42773
e6p__lam-1e-4__s0,84,0.0001,0.80469,0.54616,1.03127,2.3821199999999996,0.04094,4.094e-06,5.087673514024034e-06,1.718637180326768e-06,0.69194,0.43288
e6p__lam-1e-4__s0,85,0.0001,0.7944,0.53725,1.02317,2.35482,0.04053,4.053e-06,5.101963746223565e-06,1.721150661197034e-06,0.69268,0.43406
e6p__lam-1e-4__s0,86,0.0001,0.79179,0.5482,1.02802,2.36801,0.04231,4.231000000000001e-06,5.343588577779463e-06,1.7867323195425697e-06,0.68972,0.43153
e6p__lam-1e-4__s0,87,0.0001,0.79991,0.55159,1.02866,2.38016,0.04312,4.312e-06,5.390606443224863e-06,1.811642914762033e-06,0.69366,0.4338
e6p__lam-1e-4__s0,88,0.0001,0.78761,0.53863,1.02597,2.3522100000000004,0.04368,4.3679999999999995e-06,5.545892002386967e-06,1.8569770556200335e-06,0.68835,0.42877
e6p__lam-1e-4__s0,89,0.0001,0.77548,0.52864,1.02296,2.32708,0.04233,4.233e-06,5.458554701604168e-06,1.8190178249136256e-06,0.68355,0.42763
e6p__lam-1e-4__s0,90,0.0001,0.77112,0.52319,1.01496,2.30927,0.044,4.4e-06,5.705986098142961e-06,1.905364032789583e-06,0.6887,0.43014
e6p__lam-1e-4__s0,91,0.0001,0.72827,0.41575,0.97377,2.1177900000000003,0.04408,4.408e-06,6.0527002348030265e-06,2.0814150600390026e-06,0.67458,0.41695
e6p__lam-1e-4__s0,92,0.0001,0.68769,0.38157,0.95341,2.02267,0.04488,4.488000000000001e-06,6.5261963966322046e-06,2.21884934270049e-06,0.68257,0.42635
e6p__lam-1e-4__s0,93,0.0001,0.67792,0.37465,0.95071,2.00328,0.04398,4.398e-06,6.48749114939816e-06,2.1953995447466153e-06,0.68149,0.42654
e6p__lam-1e-4__s0,94,0.0001,0.6697,0.37326,0.94355,1.98651,0.04325,4.325e-06,6.458115574137674e-06,2.1771851135911724e-06,0.68223,0.42642
e6p__lam-1e-4__s0,95,0.0001,0.66567,0.37304,0.94648,1.98519,0.0418,4.18e-06,6.279387684588459e-06,2.1055919080793273e-06,0.68269,0.42841
e6p__lam-1e-4__s0,96,0.0001,0.65601,0.36425,0.94245,1.96271,0.0411,4.11e-06,6.265148397128092e-06,2.094043439937637e-06,0.68549,0.42894
e6p__lam-1e-4__s0,97,0.0001,0.65018,0.36196,0.93895,1.95109,0.0409,4.09e-06,6.290565689501369e-06,2.0962641395322613e-06,0.68456,0.42907
e6p__lam-1e-4__s0,98,0.0001,0.65167,0.36159,0.94112,1.95438,0.04014,4.014e-06,6.159559286141759e-06,2.0538482792496854e-06,0.68676,0.42981
e6p__lam-1e-4__s0,99,0.0001,0.64464,0.36105,0.94066,1.94635,0.03976,3.976e-06,6.167783569123852e-06,2.0427980579032545e-06,0.68536,0.42961
e6p__lam-1e-4__s0,100,0.0001,0.64135,0.35476,0.93563,1.93174,0.03983,3.983e-06,6.21033756918999e-06,2.0618716804538914e-06,0.68658,0.42867
e6p__lam-1e-4__s1,1,0.0001,1.43793,2.14208,1.41578,4.9957899999999995,0.07395,7.395e-06,5.142809455258601e-06,1.4802463674413859e-06,0.6047,0.35703
e6p__lam-1e-4__s1,2,0.0001,1.42397,1.63074,1.40902,4.46373,0.09355,9.355e-06,6.5696608776870295e-06,2.0957808828042915e-06,0.52676,0.2997
e6p__lam-1e-4__s1,3,0.0001,1.48916,1.71942,1.47356,4.68214,0.16589,1.6589000000000003e-05,1.1139837223669722e-05,3.5430380125327312e-06,0.44078,0.23847
e6p__lam-1e-4__s1,4,0.0001,1.49564,1.69794,1.47877,4.67235,0.17585,1.7585000000000002e-05,1.1757508491348186e-05,3.763630721157448e-06,0.50106,0.28289
e6p__lam-1e-4__s1,5,0.0001,1.47259,1.66959,1.48831,4.63049,0.1664,1.664e-05,1.1299818686803522e-05,3.593572170547825e-06,0.5204,0.28635
e6p__lam-1e-4__s1,6,0.0001,1.44918,1.58205,1.4515,4.48273,0.15352,1.5351999999999998e-05,1.0593577057370373e-05,3.424698788461495e-06,0.55155,0.3138
e6p__lam-1e-4__s1,7,0.0001,1.42096,1.51765,1.44019,4.3788,0.1407,1.4069999999999999e-05,9.901756558946065e-06,3.2132090983831183e-06,0.55986,0.32235
e6p__lam-1e-4__s1,8,0.0001,1.41198,1.48144,1.42785,4.32127,0.13313,1.3313000000000001e-05,9.428603804586467e-06,3.0808072626797216e-06,0.56902,0.32424
e6p__lam-1e-4__s1,9,0.0001,1.37975,1.42666,1.40242,4.20883,0.12062,1.2062e-05,8.742163435404965e-06,2.865879591240321e-06,0.58529,0.33297
e6p__lam-1e-4__s1,10,0.0001,1.37736,1.4043,1.40698,4.1886399999999995,0.10105,1.0105e-05,7.336498809316375e-06,2.4124775583482948e-06,0.59544,0.34467
e6p__lam-1e-4__s1,11,0.0001,1.36186,1.36271,1.38783,4.1124,0.09356,9.356000000000002e-06,6.870016007519129e-06,2.2750705184320597e-06,0.60202,0.3477
e6p__lam-1e-4__s1,12,0.0001,1.3315,1.30038,1.37103,4.00291,0.11532,1.1532e-05,8.660908749530606e-06,2.880904142236523e-06,0.59382,0.34756
e6p__lam-1e-4__s1,13,0.0001,1.32278,1.29624,1.36061,3.9796300000000002,0.11097,1.1097e-05,8.389150123225329e-06,2.7884501825546596e-06,0.59878,0.35012
e6p__lam-1e-4__s1,14,0.0001,1.31939,1.27409,1.3537,3.94718,0.09563,9.563000000000001e-06,7.248046445705971e-06,2.4227423122330377e-06,0.59735,0.34308
e6p__lam-1e-4__s1,15,0.0001,1.28905,1.23651,1.34602,3.87158,0.08365,8.365e-06,6.489275047515612e-06,2.1606165958084297e-06,0.62415,0.37076
e6p__lam-1e-4__s1,16,0.0001,1.29151,1.22326,1.34227,3.85704,0.08794,8.794e-06,6.809083940503752e-06,2.2799867255719414e-06,0.6353,0.37591
e6p__lam-1e-4__s1,17,0.0001,1.27388,1.16756,1.32739,3.7688300000000003,0.09362,9.362e-06,7.34920086664364e-06,2.4840600398532168e-06,0.64171,0.3818
e6p__lam-1e-4__s1,18,0.0001,1.26394,1.15471,1.31937,3.7380199999999997,0.08085,8.085000000000001e-06,6.396664398626518e-06,2.16290977576364e-06,0.63785,0.38037
e6p__lam-1e-4__s1,19,0.0001,1.24526,1.13944,1.30995,3.69465,0.06925,6.925000000000001e-06,5.561087644347365e-06,1.8743318040951105e-06,0.63969,0.37897
e6p__lam-1e-4__s1,20,0.0001,1.23888,1.10983,1.29792,3.64663,0.07056,7.056e-06,5.69546687330492e-06,1.934937188582335e-06,0.64013,0.37994
e6p__lam-1e-4__s1,21,0.0001,1.23618,1.11397,1.29795,3.6481000000000003,0.07292,7.292e-06,5.898817324337879e-06,1.9988487157698526e-06,0.63843,0.37749
e6p__lam-1e-4__s1,22,0.0001,1.22561,1.09328,1.29817,3.6170600000000004,0.07329,7.329e-06,5.979879406989172e-06,2.026231248583103e-06,0.64246,0.38806
e6p__lam-1e-4__s1,23,0.0001,1.21899,1.07798,1.28706,3.5840300000000003,0.06671,6.671000000000001e-06,5.472563351627167e-06,1.8613125448168683e-06,0.66079,0.39902
e6p__lam-1e-4__s1,24,0.0001,1.20864,1.05003,1.28084,3.53951,0.07341,7.3410000000000005e-06,6.07376886417792e-06,2.0740158948555027e-06,0.66362,0.39958
e6p__lam-1e-4__s1,25,0.0001,1.20333,1.02766,1.26854,3.49953,0.07528,7.528000000000001e-06,6.2559730082354805e-06,2.151146011035768e-06,0.67181,0.40969
e6p__lam-1e-4__s1,26,0.0001,1.18889,1.02201,1.26969,3.4805900000000003,0.06524,6.5240000000000006e-06,5.487471507035975e-06,1.874394858342982e-06,0.65119,0.39015
e6p__lam-1e-4__s1,27,0.0001,1.16783,0.99887,1.2543,3.4210000000000003,0.10377,1.0377e-05,8.885711105212233e-06,3.033323589593686e-06,0.65619,0.39774
e6p__lam-1e-4__s1,28,0.0001,1.16267,0.98116,1.24519,3.3890200000000004,0.09546,9.546000000000001e-06,8.210412240790594e-06,2.816743483366873e-06,0.65951,0.39932
e6p__lam-1e-4__s1,29,0.0001,1.1553,0.97553,1.24402,3.37485,0.07353,7.353000000000001e-06,6.364580628408206e-06,2.178763500600027e-06,0.66245,0.39683
e6p__lam-1e-4__s1,30,0.0001,1.15408,0.96435,1.24483,3.3632600000000004,0.0702,7.0200000000000006e-06,6.08276722584223e-06,2.087260574561586e-06,0.66356,0.40366
e6p__lam-1e-4__s1,31,0.0001,1.15094,0.94553,1.23955,3.33602,0.05471,5.471000000000001e-06,4.753505830017204e-06,1.6399781775888636e-06,0.66105,0.40296
e6p__lam-1e-4__s1,32,0.0001,1.12887,0.92748,1.22069,3.2770400000000004,0.04761,4.761e-06,4.217491828111297e-06,1.4528354856822007e-06,0.66848,0.40518
e6p__lam-1e-4__s1,33,0.0001,1.12973,0.92726,1.22942,3.28641,0.04513,4.513000000000001e-06,3.994759809866075e-06,1.3732309723984531e-06,0.67299,0.4072
e6p__lam-1e-4__s1,34,0.0001,1.11373,0.9053,1.21539,3.23442,0.05823,5.823e-06,5.228376716080198e-06,1.8003227781178697e-06,0.67206,0.41262
e6p__lam-1e-4__s1,35,0.0001,1.11954,0.89226,1.20594,3.21774,0.05665,5.665e-06,5.060113975382747e-06,1.760552437425025e-06,0.67278,0.41036
e6p__lam-1e-4__s1,36,0.0001,1.09906,0.88346,1.20479,3.18731,0.04673,4.673e-06,4.251815187523885e-06,1.4661266083311632e-06,0.66827,0.40569
e6p__lam-1e-4__s1,37,0.0001,1.09675,0.87224,1.204,3.1729899999999995,0.04706,4.706e-06,4.290859357191704e-06,1.48314365945055e-06,0.67355,0.41227
e6p__lam-1e-4__s1,38,0.0001,1.08997,0.86061,1.19197,3.14255,0.06301,6.301e-06,5.780893052102351e-06,2.00505958536857e-06,0.68081,0.41556
e6p__lam-1e-4__s1,39,0.0001,1.0837,0.85075,1.18932,3.12377,0.06212,6.212000000000001e-06,5.732213712281997e-06,1.9886227219033416e-06,0.67736,0.41697
e6p__lam-1e-4__s1,40,0.0001,1.06957,0.83068,1.18392,3.08417,0.05546,5.546000000000001e-06,5.185261366717467e-06,1.7982147546989955e-06,0.68005,0.41842
e6p__lam-1e-4__s1,41,0.0001,1.06779,0.83217,1.18472,3.08468,0.05064,5.064e-06,4.742505548843874e-06,1.6416613716819897e-06,0.67089,0.40927
e6p__lam-1e-4__s1,42,0.0001,1.06104,0.82313,1.17401,3.05818,0.04508,4.508000000000001e-06,4.2486616904169505e-06,1.4740793543872502e-06,0.6726,0.40932
e6p__lam-1e-4__s1,43,0.0001,1.0503,0.81191,1.17397,3.03618,0.04445,4.445000000000001e-06,4.232124155003333e-06,1.464010697652972e-06,0.6793,0.41449
e6p__lam-1e-4__s1,44,0.0001,1.03747,0.79033,1.16678,2.99458,0.05009,5.009000000000001e-06,4.82809141469151e-06,1.6726886575078978e-06,0.67442,0.41707
e6p__lam-1e-4__s1,45,0.0001,1.05118,0.80098,1.16711,3.01927,0.07143,7.143e-06,6.7952206092201145e-06,2.365803654525763e-06,0.67726,0.4171
e6p__lam-1e-4__s1,46,0.0001,1.0283,0.77567,1.15701,2.96098,0.08169,8.169000000000001e-06,7.94417971409122e-06,2.758883883038724e-06,0.6778,0.42036
e6p__lam-1e-4__s1,47,0.0001,1.01351,0.75644,1.14644,2.91639,0.08005,8.005e-06,7.898294047419365e-06,2.744831795473171e-06,0.6835,0.41914
e6p__lam-1e-4__s1,48,0.0001,1.0241,0.77199,1.15132,2.9474099999999996,0.06713,6.713e-06,6.555023923444976e-06,2.277592869672017e-06,0.68011,0.41477
e6p__lam-1e-4__s1,49,0.0001,1.00321,0.75984,1.14222,2.90527,0.0526,5.2600000000000005e-06,5.243169426142085e-06,1.8105029825110921e-06,0.68415,0.42
e6p__lam-1e-4__s1,50,0.0001,1.00693,0.75256,1.14339,2.9028799999999997,0.06535,6.535000000000001e-06,6.490024132759974e-06,2.2512125888772535e-06,0.68021,0.4152
e6p__lam-1e-4__s1,51,0.0001,1.00281,0.75774,1.14657,2.90712,0.0688,6.88e-06,6.860721372942033e-06,2.36660337378574e-06,0.68224,0.41619
e6p__lam-1e-4__s1,52,0.0001,0.99706,0.73713,1.13927,2.8734599999999997,0.06102,6.102e-06,6.119992778769583e-06,2.123572278716252e-06,0.68225,0.42168
e6p__lam-1e-4__s1,53,0.0001,0.97908,0.71589,1.12905,2.82402,0.05309,5.309e-06,5.4224373902030485e-06,1.8799441930297945e-06,0.68349,0.41829
e6p__lam-1e-4__s1,54,0.0001,0.97472,0.71911,1.11785,2.81168,0.0477,4.77e-06,4.89371306631648e-06,1.6964946224321403e-06,0.68559,0.42376
e6p__lam-1e-4__s1,55,0.0001,0.97813,0.71882,1.12912,2.82607,0.04163,4.163000000000001e-06,4.256080480099782e-06,1.4730703768838e-06,0.69265,0.42804
e6p__lam-1e-4__s1,56,0.0001,0.95172,0.69166,1.10737,2.75075,0.04056,4.056e-06,4.261757659815912e-06,1.4745069526492775e-06,0.68517,0.41953
e6p__lam-1e-4__s1,57,0.0001,0.96024,0.68943,1.11011,2.75978,0.04792,4.792e-06,4.9904190619011915e-06,1.7363702903854654e-06,0.68765,0.42511
e6p__lam-1e-4__s1,58,0.0001,0.95228,0.69841,1.11342,2.76411,0.05678,5.678e-06,5.962532028395009e-06,2.0541874238000658e-06,0.67279,0.41295
e6p__lam-1e-4__s1,59,0.0001,0.94639,0.6906,1.11212,2.74911,0.05316,5.3160000000000004e-06,5.61713458510762e-06,1.9337167301417553e-06,0.67632,0.41253
e6p__lam-1e-4__s1,60,0.0001,0.93828,0.67867,1.10517,2.7221200000000003,0.05113,5.113000000000001e-06,5.449332821758964e-06,1.8783154306202519e-06,0.68615,0.42284
e6p__lam-1e-4__s1,61,0.0001,0.92944,0.66101,1.0912,2.6816500000000003,0.05054,5.054e-06,5.437682905835772e-06,1.8846605634590642e-06,0.68592,0.42299
e6p__lam-1e-4__s1,62,0.0001,0.91367,0.66206,1.09051,2.66624,0.04988,4.988e-06,5.459301498352797e-06,1.8707993278924629e-06,0.6798,0.41938
e6p__lam-1e-4__s1,63,0.0001,0.92528,0.66948,1.10156,2.69632,0.05262,5.262000000000001e-06,5.68692720041501e-06,1.951548777593164e-06,0.67898,0.42133
e6p__lam-1e-4__s1,64,0.0001,0.91039,0.64006,1.08454,2.63499,0.0556,5.56e-06,6.107272707301266e-06,2.110064933832766e-06,0.68518,0.42544
e6p__lam-1e-4__s1,65,0.0001,0.91083,0.65085,1.08777,2.64945,0.06041,6.041e-06,6.632412195470066e-06,2.2800958689539343e-06,0.68058,0.42056
e6p__lam-1e-4__s1,66,0.0001,0.89262,0.63206,1.07418,2.59886,0.06256,6.256000000000001e-06,7.008581479240887e-06,2.407209314853436e-06,0.6894,0.42503
e6p__lam-1e-4__s1,67,0.0001,0.89811,0.63208,1.08285,2.61304,0.0607,6.07e-06,6.758637583369521e-06,2.322964822582127e-06,0.67805,0.41775
e6p__lam-1e-4__s1,68,0.0001,0.88461,0.6256,1.07552,2.58573,0.05588,5.5880000000000005e-06,6.316908015961837e-06,2.161091838668384e-06,0.68465,0.42043
e6p__lam-1e-4__s1,69,0.0001,0.89624,0.63487,1.07652,2.60763,0.05402,5.402e-06,6.0274033740962245e-06,2.071612920544709e-06,0.68475,0.42457
e6p__lam-1e-4__s1,70,0.0001,0.8759,0.61248,1.06501,2.5533900000000003,0.05795,5.795e-06,6.616052060737528e-06,2.2695318772298788e-06,0.68218,0.41837
e6p__lam-1e-4__s1,71,0.0001,0.86643,0.60977,1.06209,2.53829,0.06193,6.193e-06,7.14772110845654e-06,2.439831540131348e-06,0.69105,0.42922
e6p__lam-1e-4__s1,72,0.0001,0.86846,0.60285,1.06203,2.53334,0.06785,6.784999999999999e-06,7.812679916173456e-06,2.678282425572564e-06,0.68308,0.423
e6p__lam-1e-4__s1,73,0.0001,0.85623,0.59755,1.05454,2.5083200000000003,0.07014,7.014e-06,8.191724186258365e-06,2.796293933788352e-06,0.68341,0.42466
e6p__lam-1e-4__s1,74,0.0001,0.85443,0.60223,1.06233,2.51899,0.07563,7.563e-06,8.851515045117799e-06,3.0023938165693394e-06,0.68835,0.4274
e6p__lam-1e-4__s1,75,0.0001,0.85099,0.5901,1.05527,2.49636,0.07259,7.259e-06,8.530064983137288e-06,2.9078338060215675e-06,0.69163,0.42907
e6p__lam-1e-4__s1,76,0.0001,0.85287,0.58843,1.05241,2.49371,0.06974,6.974e-06,8.177096157679365e-06,2.796636337023952e-06,0.68655,0.42591
e6p__lam-1e-4__s1,77,0.0001,0.8427,0.58712,1.04601,2.47583,0.07139,7.139e-06,8.471579447015546e-06,2.8834774600840926e-06,0.69404,0.43215
e6p__lam-1e-4__s1,78,0.0001,0.82986,0.57776,1.04504,2.45266,0.07,7.000000000000001e-06,8.43515773744969e-06,2.854044180603916e-06,0.69061,0.42697
e6p__lam-1e-4__s1,79,0.0001,0.83423,0.57472,1.04458,2.4535299999999998,0.07438,7.438000000000001e-06,8.9160063771382e-06,3.0315504599495424e-06,0.67997,0.4239
e6p__lam-1e-4__s1,80,0.0001,0.81946,0.57155,1.04412,2.43513,0.07237,7.237e-06,8.831425572938278e-06,2.9719152570909972e-06,0.68416,0.42451
e6p__lam-1e-4__s1,81,0.0001,0.82986,0.58449,1.048,2.46235,0.07384,7.384000000000001e-06,8.897886390475502e-06,2.9987613458687846e-06,0.68542,0.42386
e6p__lam-1e-4__s1,82,0.0001,0.81761,0.5621,1.03661,2.41632,0.07396,7.396e-06,9.045877618913664e-06,3.0608528671699114e-06,0.6872,0.42802
e6p__lam-1e-4__s1,83,0.0001,0.79826,0.55052,1.03253,2.38131,0.07792,7.792000000000001e-06,9.761230676721872e-06,3.272148523291802e-06,0.68699,0.42676
e6p__lam-1e-4__s1,84,0.0001,0.80064,0.55066,1.02863,2.37993,0.07541,7.541000000000001e-06,9.41871502797762e-06,3.1685805885047045e-06,0.68862,0.42857
e6p__lam-1e-4__s1,85,0.0001,0.8048,0.54983,1.03354,2.3881699999999997,0.07159,7.159e-06,8.89537773359841e-06,2.9976927940640747e-06,0.68532,0.42675
e6p__lam-1e-4__s1,86,0.0001,0.79363,0.55219,1.02762,2.3734399999999996,0.07257,7.257e-06,9.144059574360848e-06,3.0575872994472164e-06,0.69006,0.42893
e6p__lam-1e-4__s1,87,0.0001,0.77877,0.53309,1.01784,2.3297,0.07452,7.452000000000001e-06,9.568935629261529e-06,3.198695110958493e-06,0.68822,0.42768
e6p__lam-1e-4__s1,88,0.0001,0.78308,0.53355,1.02436,2.3409899999999997,0.07544,7.543999999999999e-06,9.63375389487664e-06,3.2225682296806055e-06,0.68762,0.42582
e6p__lam-1e-4__s1,89,0.0001,0.78834,0.53553,1.02487,2.34874,0.07775,7.775000000000001e-06,9.862495877413299e-06,3.3102855147866523e-06,0.68668,0.42621
e6p__lam-1e-4__s1,90,0.0001,0.77845,0.53407,1.02307,2.33559,0.07967,7.967e-06,1.0234440233797932e-05,3.4111295218766995e-06,0.68969,0.42886
e6p__lam-1e-4__s1,91,0.0001,0.72649,0.41314,0.98014,2.11977,0.07324,7.3240000000000005e-06,1.0081350052994536e-05,3.455091825999991e-06,0.67821,0.42022
e6p__lam-1e-4__s1,92,0.0001,0.68724,0.38344,0.95551,2.0261899999999997,0.07416,7.416000000000001e-06,1.0790990047145103e-05,3.660071365469182e-06,0.67821,0.42033
e6p__lam-1e-4__s1,93,0.0001,0.67833,0.37869,0.95494,2.01196,0.07578,7.578e-06,1.1171553668568395e-05,3.7664764707051827e-06,0.67972,0.42147
e6p__lam-1e-4__s1,94,0.0001,0.67302,0.37335,0.94902,1.99539,0.0765,7.65e-06,1.1366675581706338e-05,3.8338369942717965e-06,0.68284,0.42442
e6p__lam-1e-4__s1,95,0.0001,0.66055,0.36746,0.94239,1.9704000000000002,0.0775,7.75e-06,1.1732647036560443e-05,3.933211530653674e-06,0.68294,0.42562
e6p__lam-1e-4__s1,96,0.0001,0.66207,0.36562,0.94963,1.97732,0.07736,7.736e-06,1.1684565076200401e-05,3.912366233083163e-06,0.68268,0.42612
e6p__lam-1e-4__s1,97,0.0001,0.66033,0.36509,0.94257,1.96799,0.07689,7.689e-06,1.1644177911044479e-05,3.907032047927073e-06,0.68152,0.42515
e6p__lam-1e-4__s1,98,0.0001,0.65361,0.36225,0.93762,1.9534799999999999,0.07635,7.635e-06,1.168127782622665e-05,3.908409607469747e-06,0.68194,0.42527
e6p__lam-1e-4__s1,99,0.0001,0.64937,0.36024,0.94033,1.9499399999999998,0.0764,7.64e-06,1.1765249395568011e-05,3.9180692739263775e-06,0.68204,0.42757
e6p__lam-1e-4__s1,100,0.0001,0.64293,0.35309,0.93359,1.92961,0.07689,7.689e-06,1.1959311278055154e-05,3.984743030975171e-06,0.68174,0.42796
e6p__lam-1e-4__s2,1,0.0001,1.42985,2.14061,1.40888,4.9793400000000005,0.07479,7.479e-06,5.230618596356261e-06,1.5020062899902396e-06,0.61163,0.36039
e6p__lam-1e-4__s2,2,0.0001,1.43033,1.61888,1.40656,4.45577,0.09415,9.415e-06,6.582397069207805e-06,2.112990571775473e-06,0.4923,0.27621
e6p__lam-1e-4__s2,3,0.0001,1.47082,1.68192,1.45542,4.60816,0.15891,1.5891e-05,1.0804177261663562e-05,3.448447970556578e-06,0.45796,0.2496
e6p__lam-1e-4__s2,4,0.0001,1.48853,1.72156,1.48147,4.69156,0.18241,1.8241e-05,1.2254371762745798e-05,3.888045767292755e-06,0.50256,0.27272
e6p__lam-1e-4__s2,5,0.0001,1.47779,1.6206,1.45527,4.553660000000001,0.17224,1.7224e-05,1.1655241949126737e-05,3.7824519177979903e-06,0.49965,0.27528
e6p__lam-1e-4__s2,6,0.0001,1.44945,1.58474,1.45653,4.49072,0.15772,1.5772e-05,1.0881368795060196e-05,3.5121316848968545e-06,0.52935,0.29819
e6p__lam-1e-4__s2,7,0.0001,1.4237,1.52117,1.42838,4.37325,0.14959,1.4959e-05,1.0507129310950341e-05,3.420568227290917e-06,0.53736,0.30276
e6p__lam-1e-4__s2,8,0.0001,1.40495,1.48971,1.41662,4.31128,0.13625,1.3625e-05,9.69785401615716e-06,3.160314338201184e-06,0.56632,0.32526
e6p__lam-1e-4__s2,9,0.0001,1.38215,1.42513,1.40464,4.21192,0.11992,1.1992e-05,8.676337589986615e-06,2.847157590837433e-06,0.58775,0.34045
e6p__lam-1e-4__s2,10,0.0001,1.38494,1.41533,1.40604,4.20631,0.10193,1.0193e-05,7.359885626814158e-06,2.423264096084216e-06,0.59084,0.34499
e6p__lam-1e-4__s2,11,0.0001,1.33866,1.34888,1.37415,4.0616900000000005,0.10095,1.0095e-05,7.541123212765004e-06,2.4854186311609205e-06,0.57903,0.33248
e6p__lam-1e-4__s2,12,0.0001,1.34289,1.33169,1.37823,4.05281,0.11227,1.1227e-05,8.36032735369241e-06,2.7701767415694293e-06,0.58739,0.34459
e6p__lam-1e-4__s2,13,0.0001,1.32715,1.30863,1.36769,4.00347,0.11499,1.1499e-05,8.664431300154466e-06,2.872258315910947e-06,0.61462,0.36237
e6p__lam-1e-4__s2,14,0.0001,1.31183,1.26198,1.35592,3.92973,0.11116,1.1116e-05,8.473658934465594e-06,2.8286930654268867e-06,0.61964,0.35976
e6p__lam-1e-4__s2,15,0.0001,1.30257,1.2242,1.33964,3.86641,0.09987,9.987000000000001e-06,7.667150325894195e-06,2.5830162864259094e-06,0.63482,0.37463
e6p__lam-1e-4__s2,16,0.0001,1.29606,1.22395,1.34625,3.86626,0.09076,9.076e-06,7.002762217798558e-06,2.347488270318085e-06,0.63761,0.38415
e6p__lam-1e-4__s2,17,0.0001,1.28163,1.18399,1.3284,3.7940200000000006,0.08724,8.724e-06,6.806956765993305e-06,2.2994080157721886e-06,0.63772,0.38441
e6p__lam-1e-4__s2,18,0.0001,1.26447,1.15655,1.31911,3.7401299999999997,0.08205,8.205e-06,6.4888846710479495e-06,2.1937740132027498e-06,0.63915,0.38268
e6p__lam-1e-4__s2,19,0.0001,1.25299,1.13807,1.31129,3.70235,0.09191,9.191e-06,7.335254072259157e-06,2.4824773454697694e-06,0.64093,0.38486
e6p__lam-1e-4__s2,20,0.0001,1.24886,1.1348,1.31517,3.69883,0.11821,1.1821e-05,9.465432474416667e-06,3.1958754525079556e-06,0.63275,0.37629
e6p__lam-1e-4__s2,21,0.0001,1.23737,1.10812,1.30238,3.64787,0.10912,1.0912e-05,8.818704187106524e-06,2.9913346692727534e-06,0.66188,0.40057
e6p__lam-1e-4__s2,22,0.0001,1.22618,1.11042,1.29943,3.63603,0.09436,9.436e-06,7.695444388262735e-06,2.595138103921035e-06,0.64649,0.38561
e6p__lam-1e-4__s2,23,0.0001,1.20977,1.05144,1.2776,3.5388100000000002,0.10571,1.0571000000000001e-05,8.738024583185234e-06,2.9871623511858508e-06,0.65046,0.39386
e6p__lam-1e-4__s2,24,0.0001,1.21189,1.05867,1.27407,3.5446299999999997,0.10205,1.0205000000000001e-05,8.420731254486796e-06,2.879002886055809e-06,0.64015,0.38734
e6p__lam-1e-4__s2,25,0.0001,1.18701,1.04576,1.2659,3.4986699999999997,0.08555,8.555e-06,7.207184438210294e-06,2.445214895946174e-06,0.66771,0.40384
e6p__lam-1e-4__s2,26,0.0001,1.18694,1.01536,1.25583,3.45813,0.07431,7.4310000000000005e-06,6.2606365949416146e-06,2.1488492335452976e-06,0.65955,0.40106
e6p__lam-1e-4__s2,27,0.0001,1.18068,1.00077,1.26405,3.4455,0.06649,6.648999999999999e-06,5.631500491242335e-06,1.929763459584966e-06,0.67152,0.40977
e6p__lam-1e-4__s2,28,0.0001,1.17305,0.98415,1.25319,3.41039,0.07423,7.423000000000001e-06,6.32794851029368e-06,2.1765839097581216e-06,0.66238,0.40323
e6p__lam-1e-4__s2,29,0.0001,1.16508,0.97639,1.246,3.38747,0.07657,7.657e-06,6.572080887149381e-06,2.2603890218953967e-06,0.65903,0.4003
e6p__lam-1e-4__s2,30,0.0001,1.15137,0.95669,1.2321,3.34016,0.07391,7.391000000000001e-06,6.419309170813901e-06,2.212768250622725e-06,0.66986,0.40638
e6p__lam-1e-4__s2,31,0.0001,1.14086,0.93952,1.23017,3.31055,0.06858,6.858e-06,6.011254667531512e-06,2.071559106492879e-06,0.66436,0.40488
e6p__lam-1e-4__s2,32,0.0001,1.12947,0.91477,1.22385,3.26809,0.06978,6.978e-06,6.1781189407421185e-06,2.135192115272223e-06,0.67248,0.41073
e6p__lam-1e-4__s2,33,0.0001,1.12588,0.92111,1.22134,3.26833,0.07496,7.496e-06,6.657903151312751e-06,2.293526051530904e-06,0.67052,0.4078
e6p__lam-1e-4__s2,34,0.0001,1.11854,0.91266,1.21783,3.2490300000000003,0.06525,6.525e-06,5.833497237470274e-06,2.0082917055244178e-06,0.67135,0.40998
e6p__lam-1e-4__s2,35,0.0001,1.114,0.91584,1.21596,3.2458,0.05076,5.076e-06,4.556552962298025e-06,1.5638671513956499e-06,0.6841,0.41751
e6p__lam-1e-4__s2,36,0.0001,1.10554,0.88755,1.21093,3.20402,0.04544,4.544e-06,4.11020858584945e-06,1.4182183631812537e-06,0.68458,0.41953
e6p__lam-1e-4__s2,37,0.0001,1.08957,0.86907,1.19576,3.1544,0.03741,3.7410000000000003e-06,3.433464577769212e-06,1.1859624651280753e-06,0.66638,0.40589
e6p__lam-1e-4__s2,38,0.0001,1.08887,0.86456,1.20174,3.15517,0.04283,4.283e-06,3.93343558000496e-06,1.357454590402419e-06,0.68291,0.41784
e6p__lam-1e-4__s2,39,0.0001,1.08242,0.85243,1.19278,3.12763,0.04116,4.116e-06,3.8025904916760595e-06,1.316012443927191e-06,0.6742,0.4126
e6p__lam-1e-4__s2,40,0.0001,1.07964,0.84919,1.18916,3.11799,0.03611,3.6110000000000007e-06,3.344633396317292e-06,1.1581178900509627e-06,0.68229,0.42032
e6p__lam-1e-4__s2,41,0.0001,1.06821,0.84856,1.18875,3.1055200000000003,0.03406,3.406e-06,3.1885116222465616e-06,1.0967567428321182e-06,0.67715,0.41301
e6p__lam-1e-4__s2,42,0.0001,1.06234,0.82137,1.17391,3.05762,0.03488,3.4880000000000003e-06,3.28331795846904e-06,1.140756536129408e-06,0.67517,0.41598
e6p__lam-1e-4__s2,43,0.0001,1.04234,0.80287,1.16954,3.0147500000000003,0.05178,5.178e-06,4.9676688988238e-06,1.7175553528484948e-06,0.676,0.41189
e6p__lam-1e-4__s2,44,0.0001,1.04662,0.79468,1.167,3.0083,0.07554,7.554e-06,7.217519252450745e-06,2.511052754047136e-06,0.68586,0.42388
e6p__lam-1e-4__s2,45,0.0001,1.02271,0.79081,1.1582,2.97172,0.07771,7.771e-06,7.598439440310548e-06,2.614983915039102e-06,0.68131,0.41525
e6p__lam-1e-4__s2,46,0.0001,1.02897,0.77507,1.15152,2.95556,0.07382,7.382e-06,7.174164455717854e-06,2.4976654170444854e-06,0.68583,0.4247
e6p__lam-1e-4__s2,47,0.0001,1.02082,0.77396,1.15319,2.9479699999999998,0.06647,6.647e-06,6.51143198605043e-06,2.254771927801165e-06,0.68341,0.42057
e6p__lam-1e-4__s2,48,0.0001,1.01395,0.76535,1.15246,2.9317599999999997,0.05993,5.993e-06,5.910547857389418e-06,2.0441645973749557e-06,0.69191,0.42979
e6p__lam-1e-4__s2,49,0.0001,1.01137,0.7635,1.1527,2.9275700000000002,0.05476,5.476000000000001e-06,5.414437841739423e-06,1.8704932759934006e-06,0.68286,0.42177
e6p__lam-1e-4__s2,50,0.0001,1.01263,0.74969,1.14211,2.9044299999999996,0.05505,5.505000000000001e-06,5.436339037950684e-06,1.8953805049527794e-06,0.67891,0.41954
e6p__lam-1e-4__s2,51,0.0001,1.00377,0.74452,1.13711,2.8853999999999997,0.06189,6.189e-06,6.165755103260707e-06,2.144936577250988e-06,0.67629,0.41762
e6p__lam-1e-4__s2,52,0.0001,0.99455,0.73646,1.13834,2.86935,0.05633,5.633e-06,5.663868081041677e-06,1.9631623886943036e-06,0.6822,0.42037
e6p__lam-1e-4__s2,53,0.0001,0.98233,0.71828,1.12468,2.82529,0.05958,5.958e-06,6.065171581851313e-06,2.108810069054858e-06,0.68697,0.42488
e6p__lam-1e-4__s2,54,0.0001,0.96982,0.71083,1.12471,2.8053600000000003,0.05578,5.578000000000001e-06,5.751582767936319e-06,1.9883366127698406e-06,0.68487,0.42077
e6p__lam-1e-4__s2,55,0.0001,0.95914,0.69842,1.11929,2.77685,0.0496,4.96e-06,5.1712992889463475e-06,1.7861965896609468e-06,0.6789,0.41672
e6p__lam-1e-4__s2,56,0.0001,0.96098,0.6965,1.1112,2.76868,0.04319,4.3190000000000005e-06,4.494370330287832e-06,1.5599491454411491e-06,0.68938,0.42366
e6p__lam-1e-4__s2,57,0.0001,0.9689,0.70719,1.12324,2.79933,0.03625,3.625e-06,3.7413561771080607e-06,1.2949527208296272e-06,0.69378,0.42789
e6p__lam-1e-4__s2,58,0.0001,0.95738,0.69723,1.11178,2.76639,0.03049,3.049e-06,3.184733334726023e-06,1.1021584086119456e-06,0.67998,0.41694
e6p__lam-1e-4__s2,59,0.0001,0.94585,0.67779,1.1056,2.72924,0.02828,2.8280000000000003e-06,2.9899032616165356e-06,1.0361858979056441e-06,0.68244,0.41475
e6p__lam-1e-4__s2,60,0.0001,0.94687,0.68703,1.1068,2.7407000000000004,0.03439,3.439e-06,3.6319663734197938e-06,1.2547889225380375e-06,0.68423,0.41847
e6p__lam-1e-4__s2,61,0.0001,0.93697,0.68513,1.10695,2.72905,0.0302,3.0200000000000003e-06,3.22315549057067e-06,1.1066121910554957e-06,0.68326,0.41898
e6p__lam-1e-4__s2,62,0.0001,0.92955,0.66719,1.09876,2.6955,0.02932,2.932e-06,3.1542144048195365e-06,1.087738823965869e-06,0.68966,0.42627
e6p__lam-1e-4__s2,63,0.0001,0.9204,0.66465,1.09327,2.67832,0.03513,3.5130000000000005e-06,3.8168187744458935e-06,1.3116431195674904e-06,0.68133,0.41486
e6p__lam-1e-4__s2,64,0.0001,0.91697,0.65358,1.09261,2.66316,0.02985,2.9850000000000002e-06,3.255286432489613e-06,1.1208489163249675e-06,0.67949,0.42035
e6p__lam-1e-4__s2,65,0.0001,0.90881,0.65413,1.08577,2.64871,0.02805,2.805e-06,3.086453714197687e-06,1.059006082206055e-06,0.68636,0.42189
e6p__lam-1e-4__s2,66,0.0001,0.89773,0.63373,1.08144,2.6129,0.02822,2.822e-06,3.143484121060898e-06,1.0800260247234873e-06,0.69022,0.42594
e6p__lam-1e-4__s2,67,0.0001,0.9004,0.63228,1.08428,2.6169599999999997,0.02814,2.814e-06,3.125277654375833e-06,1.0752934702861336e-06,0.69131,0.42425
e6p__lam-1e-4__s2,68,0.0001,0.89191,0.62586,1.07668,2.59445,0.02835,2.835e-06,3.178571828996199e-06,1.0927171462159609e-06,0.69327,0.42861
e6p__lam-1e-4__s2,69,0.0001,0.89426,0.63368,1.07536,2.6033,0.02912,2.9120000000000002e-06,3.256323664258717e-06,1.1185802635116969e-06,0.68861,0.4247
e6p__lam-1e-4__s2,70,0.0001,0.87729,0.60697,1.06537,2.5496299999999996,0.02973,2.973e-06,3.3888451937215747e-06,1.1660515447339421e-06,0.69082,0.43067
e6p__lam-1e-4__s2,71,0.0001,0.87168,0.60901,1.06842,2.5491099999999998,0.03852,3.852e-06,4.419052863436123e-06,1.5111156442836913e-06,0.68854,0.42806
e6p__lam-1e-4__s2,72,0.0001,0.86469,0.60282,1.06098,2.5284899999999997,0.04164,4.164e-06,4.815598653852826e-06,1.6468326946121997e-06,0.68482,0.42158
e6p__lam-1e-4__s2,73,0.0001,0.85419,0.59366,1.0572,2.5050499999999998,0.03632,3.632e-06,4.251981409288332e-06,1.4498712600546898e-06,0.68509,0.42357
e6p__lam-1e-4__s2,74,0.0001,0.86194,0.5979,1.06416,2.524,0.03252,3.2520000000000004e-06,3.7728844235097574e-06,1.2884310618066563e-06,0.68349,0.422
e6p__lam-1e-4__s2,75,0.0001,0.85249,0.59418,1.05906,2.50573,0.02879,2.8790000000000003e-06,3.3771657145538367e-06,1.1489665686247124e-06,0.68662,0.42402
e6p__lam-1e-4__s2,76,0.0001,0.83984,0.58966,1.05545,2.48495,0.0354,3.5400000000000004e-06,4.215088588302534e-06,1.424575947202157e-06,0.68948,0.42589
e6p__lam-1e-4__s2,77,0.0001,0.83809,0.58582,1.04658,2.47049,0.03867,3.867e-06,4.614062928802397e-06,1.565276524090363e-06,0.69542,0.42809
e6p__lam-1e-4__s2,78,0.0001,0.82769,0.57578,1.04392,2.44739,0.03682,3.682e-06,4.4485254141043146e-06,1.504459853149682e-06,0.69436,0.42832
e6p__lam-1e-4__s2,79,0.0001,0.82589,0.57545,1.04565,2.44699,0.03634,3.634e-06,4.400101708459964e-06,1.4850898450749695e-06,0.69403,0.42967
e6p__lam-1e-4__s2,80,0.0001,0.82848,0.57222,1.04461,2.44531,0.03476,3.4760000000000003e-06,4.195635380455775e-06,1.4214966609550528e-06,0.69518,0.43181
e6p__lam-1e-4__s2,81,0.0001,0.8196,0.56047,1.03923,2.4193,0.03204,3.204e-06,3.909224011713031e-06,1.3243500186004218e-06,0.69548,0.43343
e6p__lam-1e-4__s2,82,0.0001,0.82077,0.56499,1.03715,2.42291,0.02974,2.9740000000000002e-06,3.6234267821679644e-06,1.22744963700674e-06,0.69441,0.43135
e6p__lam-1e-4__s2,83,0.0001,0.81264,0.55611,1.03709,2.40584,0.03051,3.051e-06,3.7544300059066746e-06,1.2681641339407442e-06,0.69635,0.4336
e6p__lam-1e-4__s2,84,0.0001,0.80436,0.55076,1.03084,2.38596,0.03104,3.1040000000000003e-06,3.858968621015466e-06,1.3009438548844074e-06,0.69764,0.43548
e6p__lam-1e-4__s2,85,0.0001,0.79565,0.54593,1.02937,2.3709499999999997,0.02888,2.888e-06,3.629736693269654e-06,1.2180771420738525e-06,0.6945,0.43304
e6p__lam-1e-4__s2,86,0.0001,0.78654,0.53718,1.0201,2.34382,0.03028,3.0280000000000005e-06,3.8497724209830405e-06,1.2919080816786274e-06,0.69315,0.43139
e6p__lam-1e-4__s2,87,0.0001,0.79853,0.544,1.03146,2.37399,0.03548,3.5479999999999997e-06,4.443164314427761e-06,1.4945303055193997e-06,0.69186,0.42981
e6p__lam-1e-4__s2,88,0.0001,0.78329,0.538,1.02844,2.34973,0.03776,3.7760000000000004e-06,4.820692208505152e-06,1.6069931438931283e-06,0.6916,0.43229
e6p__lam-1e-4__s2,89,0.0001,0.77993,0.53253,1.02004,2.3325,0.03759,3.759e-06,4.819663303116947e-06,1.6115755627009647e-06,0.69534,0.43197
e6p__lam-1e-4__s2,90,0.0001,0.77401,0.52979,1.01834,2.32214,0.03781,3.7810000000000003e-06,4.884949806850041e-06,1.6282394687658797e-06,0.69443,0.43109
e6p__lam-1e-4__s2,91,0.0001,0.72645,0.42099,0.97881,2.1262499999999998,0.0432,4.32e-06,5.946727235184803e-06,2.031746031746032e-06,0.67927,0.42044
e6p__lam-1e-4__s2,92,0.0001,0.68811,0.38608,0.95716,2.0313499999999998,0.03994,3.994e-06,5.804304544331575e-06,1.966180126516849e-06,0.6836,0.42522
e6p__lam-1e-4__s2,93,0.0001,0.67889,0.38028,0.95436,2.01353,0.04111,4.111e-06,6.055472904299666e-06,2.041687980809822e-06,0.6822,0.42413
e6p__lam-1e-4__s2,94,0.0001,0.67519,0.37352,0.95036,1.9990700000000001,0.04113,4.113e-06,6.091618655489566e-06,2.0574567173735786e-06,0.68235,0.42448
e6p__lam-1e-4__s2,95,0.0001,0.66645,0.36841,0.94491,1.9797700000000003,0.03868,3.868e-06,5.803886263035487e-06,1.9537623057223817e-06,0.68326,0.42544
e6p__lam-1e-4__s2,96,0.0001,0.65624,0.36547,0.94332,1.96503,0.0392,3.92e-06,5.973424356942581e-06,1.9948804852852117e-06,0.68221,0.42552
e6p__lam-1e-4__s2,97,0.0001,0.65157,0.36332,0.93939,1.9542799999999998,0.04027,4.027000000000001e-06,6.180456435993064e-06,2.0606054403667852e-06,0.68353,0.42648
e6p__lam-1e-4__s2,98,0.0001,0.64534,0.35907,0.93257,1.9369800000000001,0.03963,3.963e-06,6.140948957138872e-06,2.0459684663754915e-06,0.68501,0.42971
e6p__lam-1e-4__s2,99,0.0001,0.64074,0.35723,0.93524,1.9332099999999999,0.03854,3.854e-06,6.014920248462715e-06,1.993575452227125e-06,0.68634,0.42985
e6p__lam-1e-4__s2,100,0.0001,0.63959,0.35005,0.92965,1.91929,0.03898,3.898000000000001e-06,6.0945293078378345e-06,2.0309593651819164e-06,0.68472,0.42991
e6p__lam-1e-3__s0,1,0.001,1.43669,2.28793,1.39112,5.11574,0.05872,5.872e-05,4.087172598124856e-05,1.147830030455027e-05,0.59171,0.35446
e6p__lam-1e-3__s0,2,0.001,1.435,1.67977,1.40563,4.5204,0.06482,6.482e-05,4.5170731707317074e-05,1.4339438987700204e-05,0.5188,0.28983
e6p__lam-1e-3__s0,3,0.001,1.47466,1.7072,1.46213,4.6439900000000005,0.09809,9.809e-05,6.651702765383206e-05,2.112192317382251e-05,0.46342,0.25162
e6p__lam-1e-3__s0,4,0.001,1.49045,1.72504,1.47761,4.6931,0.10237,0.00010237000000000001,6.868395451038278e-05,2.181287421959899e-05,0.51229,0.27439
e6p__lam-1e-3__s0,5,0.001,1.47214,1.64014,1.46357,4.57585,0.08274,8.274e-05,5.620389365141902e-05,1.808188642547286e-05,0.50235,0.28073
e6p__lam-1e-3__s0,6,0.001,1.44543,1.58632,1.45164,4.48339,0.05583,5.583e-05,3.862518420124115e-05,1.2452630710243811e-05,0.53515,0.29909
e6p__lam-1e-3__s0,7,0.001,1.44262,1.53941,1.44742,4.42945,0.04538,4.5379999999999996e-05,3.1456655252249376e-05,1.0245064285633655e-05,0.54521,0.30445
e6p__lam-1e-3__s0,8,0.001,1.41181,1.48853,1.42692,4.32726,0.04396,4.396e-05,3.1137334343856464e-05,1.0158853408392379e-05,0.56036,0.32146
e6p__lam-1e-3__s0,9,0.001,1.40006,1.45451,1.41967,4.27424,0.03737,3.737e-05,2.66917132122909e-05,8.743074792243768e-06,0.55698,0.31644
e6p__lam-1e-3__s0,10,0.001,1.36124,1.40597,1.39372,4.1609300000000005,0.02734,2.734e-05,2.0084628720872144e-05,6.5706464660544626e-06,0.59362,0.34782
e6p__lam-1e-3__s0,11,0.001,1.35481,1.37907,1.38469,4.11857,0.03593,3.5929999999999997e-05,2.6520323883053708e-05,8.723901742595124e-06,0.60873,0.3546
e6p__lam-1e-3__s0,12,0.001,1.34895,1.32775,1.37605,4.0527500000000005,0.04373,4.3729999999999996e-05,3.241780644204751e-05,1.0790204182345319e-05,0.60788,0.35511
e6p__lam-1e-3__s0,13,0.001,1.32493,1.29133,1.35948,3.97574,0.04684,4.684e-05,3.535281109190674e-05,1.1781454521673951e-05,0.60134,0.35083
e6p__lam-1e-3__s0,14,0.001,1.31398,1.27533,1.35221,3.94152,0.05057,5.057e-05,3.848612612064111e-05,1.2830075706833912e-05,0.62346,0.37261
e6p__lam-1e-3__s0,15,0.001,1.29577,1.23892,1.33597,3.8706600000000004,0.03407,3.4070000000000004e-05,2.629324648664501e-05,8.802116434923243e-06,0.62392,0.37062
e6p__lam-1e-3__s0,16,0.001,1.29642,1.21391,1.33374,3.8440699999999994,0.02962,2.962e-05,2.2847533978186083e-05,7.705374772051498e-06,0.65263,0.39143
e6p__lam-1e-3__s0,17,0.001,1.28478,1.19882,1.33095,3.81455,0.03981,3.981e-05,3.098584971746135e-05,1.0436355533418096e-05,0.64199,0.38541
e6p__lam-1e-3__s0,18,0.001,1.27479,1.17225,1.32153,3.7685700000000004,0.02898,2.898e-05,2.2733156049231636e-05,7.68991951854417e-06,0.64351,0.38616
e6p__lam-1e-3__s0,19,0.001,1.25211,1.15694,1.30834,3.71739,0.01664,1.664e-05,1.3289567210548593e-05,4.476258880558671e-06,0.63978,0.38779
e6p__lam-1e-3__s0,20,0.001,1.24971,1.1481,1.31107,3.7088799999999997,0.01224,1.224e-05,9.794272271166909e-06,3.3001876577295573e-06,0.63613,0.38324
e6p__lam-1e-3__s0,21,0.001,1.24153,1.12239,1.3022,3.6661200000000003,0.01499,1.499e-05,1.2073812151136098e-05,4.088791419811681e-06,0.66927,0.40013
e6p__lam-1e-3__s0,22,0.001,1.2305,1.08075,1.28948,3.6007300000000004,0.03495,3.495e-05,2.8403088175538403e-05,9.706365098188422e-06,0.65033,0.39288
e6p__lam-1e-3__s0,23,0.001,1.21117,1.06048,1.27954,3.55119,0.02681,2.6810000000000003e-05,2.213562092852366e-05,7.549581971113909e-06,0.6568,0.39062
e6p__lam-1e-3__s0,24,0.001,1.2051,1.04596,1.26972,3.52078,0.01371,1.3710000000000001e-05,1.137664924072691e-05,3.894023483432649e-06,0.6511,0.39361
e6p__lam-1e-3__s0,25,0.001,1.19862,1.03708,1.27401,3.50971,0.00653,6.53e-06,5.447931788223123e-06,1.8605525812673982e-06,0.65061,0.39172
e6p__lam-1e-3__s0,26,0.001,1.18906,1.01522,1.26706,3.4713399999999996,0.00353,3.53e-06,2.9687316031150656e-06,1.0168983735387488e-06,0.66136,0.39933
e6p__lam-1e-3__s0,27,0.001,1.18194,0.99832,1.25763,3.4378900000000003,0.00209,2.09e-06,1.7682792696752796e-06,6.079310274616115e-07,0.6528,0.39201
e6p__lam-1e-3__s0,28,0.001,1.16863,0.98319,1.24452,3.39634,0.0027,2.7000000000000004e-06,2.3103976451058077e-06,7.949734125558691e-07,0.6674,0.40168
e6p__lam-1e-3__s0,29,0.001,1.16325,0.98326,1.24738,3.39389,0.0067,6.7e-06,5.75972490866108e-06,1.974135873584589e-06,0.66238,0.40025
e6p__lam-1e-3__s0,30,0.001,1.15166,0.95718,1.23603,3.34487,0.00437,4.37e-06,3.7945226889880694e-06,1.306478278677497e-06,0.67171,0.40715
e6p__lam-1e-3__s0,31,0.001,1.13826,0.93559,1.22882,3.30267,0.01436,1.436e-05,1.261574684167062e-05,4.347997226486449e-06,0.67614,0.4061
e6p__lam-1e-3__s0,32,0.001,1.12924,0.92191,1.22065,3.2718,0.00552,5.52e-06,4.888243420353511e-06,1.6871446909957821e-06,0.66824,0.40318
e6p__lam-1e-3__s0,33,0.001,1.11955,0.92629,1.21768,3.26352,0.0119,1.1900000000000001e-05,1.0629270689116163e-05,3.646369564151591e-06,0.67137,0.40782
e6p__lam-1e-3__s0,34,0.001,1.12839,0.90163,1.21498,3.245,0.01176,1.176e-05,1.0421928588519926e-05,3.624036979969183e-06,0.67351,0.40857
e6p__lam-1e-3__s0,35,0.001,1.11087,0.89342,1.2059,3.21019,0.01081,1.081e-05,9.731111651228316e-06,3.3674019294808096e-06,0.67929,0.41216
e6p__lam-1e-3__s0,36,0.001,1.11674,0.90022,1.21216,3.22912,0.04973,4.973000000000001e-05,4.4531403907803075e-05,1.5400480626300665e-05,0.67888,0.41526
e6p__lam-1e-3__s0,37,0.001,1.10857,0.85802,1.19954,3.16613,0.0248,2.48e-05,2.237116284943666e-05,7.832906418877305e-06,0.68384,0.41664
e6p__lam-1e-3__s0,38,0.001,1.07757,0.84774,1.18578,3.11109,0.00915,9.15e-06,8.491327709568753e-06,2.9410913859772622e-06,0.67228,0.41524
e6p__lam-1e-3__s0,39,0.001,1.08692,0.84395,1.18997,3.1208400000000003,0.00669,6.69e-06,6.155006808228756e-06,2.1436536317145383e-06,0.67583,0.41423
e6p__lam-1e-3__s0,40,0.001,1.0698,0.83914,1.18971,3.09865,0.00489,4.890000000000001e-06,4.570947840717891e-06,1.5781065948074163e-06,0.69206,0.42251
e6p__lam-1e-3__s0,41,0.001,1.07031,0.83493,1.1818,3.08704,0.0052,5.2e-06,4.858405508684399e-06,1.6844614906188452e-06,0.6829,0.42021
e6p__lam-1e-3__s0,42,0.001,1.067,0.83047,1.17524,3.07271,0.00616,6.1599999999999995e-06,5.7731958762886594e-06,2.004744997087262e-06,0.66944,0.41205
e6p__lam-1e-3__s0,43,0.001,1.05162,0.81431,1.16664,3.0325699999999998,0.01264,1.2640000000000001e-05,1.2019550788307564e-05,4.168081857962059e-06,0.68093,0.4186
e6p__lam-1e-3__s0,44,0.001,1.05184,0.80159,1.16589,3.0193200000000004,0.01434,1.434e-05,1.3633252205658653e-05,4.74941377528715e-06,0.67971,0.41569
e6p__lam-1e-3__s0,45,0.001,1.0275,0.78782,1.16071,2.9760299999999997,0.00714,7.139999999999999e-06,6.94890510948905e-06,2.399169363212064e-06,0.68501,0.41746
e6p__lam-1e-3__s0,46,0.001,1.03491,0.78951,1.15818,2.9825999999999997,0.00418,4.18e-06,4.038998560261279e-06,1.4014618118420171e-06,0.67565,0.41497
e6p__lam-1e-3__s0,47,0.001,1.02179,0.76544,1.15091,2.93814,0.00899,8.99e-06,8.79828536196283e-06,3.059758895083284e-06,0.68658,0.41979
e6p__lam-1e-3__s0,48,0.001,1.02294,0.78051,1.14953,2.95298,0.013,1.3e-05,1.2708467749819149e-05,4.402332558974324e-06,0.67889,0.41823
e6p__lam-1e-3__s0,49,0.001,1.01105,0.76114,1.14402,2.9162100000000004,0.00496,4.96e-06,4.905791009346719e-06,1.700837731164765e-06,0.68191,0.42105
e6p__lam-1e-3__s0,50,0.001,1.00928,0.75259,1.13658,2.89845,0.004,4e-06,3.9632213062777425e-06,1.380047956666494e-06,0.68171,0.41554
e6p__lam-1e-3__s0,51,0.001,1.00824,0.74559,1.14132,2.89515,0.00555,5.55e-06,5.504641751963819e-06,1.916999119216621e-06,0.68429,0.41893
e6p__lam-1e-3__s0,52,0.001,0.99072,0.73966,1.13542,2.8658,0.00157,1.57e-06,1.584706072351421e-06,5.478400446646661e-07,0.69038,0.42534
e6p__lam-1e-3__s0,53,0.001,0.99101,0.73544,1.12935,2.8558,0.00112,1.1199999999999999e-06,1.1301601396555028e-06,3.9218432663351773e-07,0.68303,0.41802
e6p__lam-1e-3__s0,54,0.001,0.9762,0.72636,1.12609,2.82865,0.00176,1.76e-06,1.8029092399098547e-06,6.222049387517014e-07,0.68037,0.41594
e6p__lam-1e-3__s0,55,0.001,0.96977,0.71697,1.12473,2.81147,0.00206,2.06e-06,2.124215020056302e-06,7.327127801470406e-07,0.68943,0.42379
e6p__lam-1e-3__s0,56,0.001,0.96782,0.70147,1.12029,2.78958,0.00148,1.48e-06,1.5292099770618503e-06,5.305458169330151e-07,0.67708,0.41714
e6p__lam-1e-3__s0,57,0.001,0.96149,0.69316,1.11532,2.76997,0.00312,3.12e-06,3.244963546162727e-06,1.1263659895233523e-06,0.68914,0.42142
e6p__lam-1e-3__s0,58,0.001,0.9523,0.68969,1.10785,2.74984,0.00152,1.52e-06,1.5961356715320802e-06,5.52759433276118e-07,0.68001,0.41566
e6p__lam-1e-3__s0,59,0.001,0.9464,0.68465,1.10847,2.73952,0.00146,1.46e-06,1.5426880811496196e-06,5.329400770937974e-07,0.68781,0.42167
e6p__lam-1e-3__s0,60,0.001,0.9366,0.67748,1.10105,2.7151300000000003,0.00466,4.66e-06,4.9754430920350204e-06,1.716308243067551e-06,0.68308,0.41967
e6p__lam-1e-3__s0,61,0.001,0.92336,0.66388,1.0959,2.68314,0.00645,6.45e-06,6.985357823600762e-06,2.4038999083163758e-06,0.68799,0.42289
e6p__lam-1e-3__s0,62,0.001,0.92496,0.66613,1.09282,2.68391,0.00183,1.83e-06,1.978463933575506e-06,6.818410453405665e-07,0.68935,0.42417
e6p__lam-1e-3__s0,63,0.001,0.91891,0.6639,1.09645,2.67926,0.00199,1.99e-06,2.1656092544427636e-06,7.42742399020625e-07,0.68903,0.42085
e6p__lam-1e-3__s0,64,0.001,0.91246,0.64911,1.08361,2.64518,0.0016,1.6000000000000001e-06,1.7535015233544485e-06,6.048737704050387e-07,0.68478,0.42165
e6p__lam-1e-3__s0,65,0.001,0.90709,0.64074,1.08439,2.63222,0.00095,9.5e-07,1.0473051185659637e-06,3.6091208181686947e-07,0.6875,0.42104
e6p__lam-1e-3__s0,66,0.001,0.9037,0.63943,1.07899,2.62212,0.0016,1.6000000000000001e-06,1.770499059422375e-06,6.10193278721035e-07,0.68264,0.41958
e6p__lam-1e-3__s0,67,0.001,0.89342,0.62589,1.07135,2.5906599999999997,0.00205,2.0500000000000003e-06,2.294553513465112e-06,7.913041464337275e-07,0.68059,0.41625
e6p__lam-1e-3__s0,68,0.001,0.88666,0.6272,1.07229,2.58615,0.00489,4.890000000000001e-06,5.515079060744819e-06,1.8908415985151676e-06,0.6868,0.42295
e6p__lam-1e-3__s0,69,0.001,0.88662,0.61693,1.06622,2.56977,0.00481,4.8100000000000005e-06,5.425097561525796e-06,1.8717628425890256e-06,0.67848,0.41588
e6p__lam-1e-3__s0,70,0.001,0.87115,0.61223,1.06236,2.54574,0.00264,2.64e-06,3.030476955748149e-06,1.0370265620212592e-06,0.68196,0.42091
e6p__lam-1e-3__s0,71,0.001,0.88428,0.61449,1.06066,2.55943,0.00095,9.5e-07,1.074320351020039e-06,3.711763947441423e-07,0.69263,0.42869
e6p__lam-1e-3__s0,72,0.001,0.86414,0.60122,1.05673,2.52209,0.00045,4.5e-07,5.207489527159951e-07,1.7842345039233333e-07,0.69152,0.42642
e6p__lam-1e-3__s0,73,0.001,0.86173,0.60407,1.06077,2.52657,0.00279,2.79e-06,3.237673053044457e-06,1.1042638834467283e-06,0.68592,0.42124
e6p__lam-1e-3__s0,74,0.001,0.85522,0.59089,1.05545,2.50156,0.00132,1.32e-06,1.5434625008769674e-06,5.276707334623196e-07,0.6871,0.42826
e6p__lam-1e-3__s0,75,0.001,0.85447,0.59689,1.04987,2.50123,0.00076,7.6e-07,8.894402378082321e-07,3.038505055512688e-07,0.69516,0.42975
e6p__lam-1e-3__s0,76,0.001,0.84795,0.59012,1.05184,2.48991,0.00055,5.5e-07,6.486231499498792e-07,2.2089151816732333e-07,0.68224,0.42124
e6p__lam-1e-3__s0,77,0.001,0.83475,0.58185,1.04897,2.4655699999999996,0.00103,1.03e-06,1.2339023659778379e-06,4.177532984259219e-07,0.68834,0.42549
e6p__lam-1e-3__s0,78,0.001,0.83898,0.5786,1.04463,2.46221,0.0011,1.1e-06,1.311115878805216e-06,4.467531201644052e-07,0.68798,0.4284
e6p__lam-1e-3__s0,79,0.001,0.83324,0.57183,1.04242,2.4474899999999997,0.00199,1.99e-06,2.3882674859584273e-06,8.130778879586843e-07,0.69105,0.42668
e6p__lam-1e-3__s0,80,0.001,0.82942,0.57584,1.04244,2.4477,0.00149,1.4900000000000001e-06,1.7964360637553953e-06,6.08734730563386e-07,0.69347,0.43035
e6p__lam-1e-3__s0,81,0.001,0.81495,0.55887,1.03476,2.4085799999999997,0.00091,9.1e-07,1.1166329222651696e-06,3.778159745576232e-07,0.69043,0.42803
e6p__lam-1e-3__s0,82,0.001,0.80374,0.56131,1.03059,2.39564,0.00216,2.16e-06,2.6874362355985767e-06,9.016379756557746e-07,0.69519,0.42766
e6p__lam-1e-3__s0,83,0.001,0.8062,0.55047,1.02875,2.38542,0.0013,1.3e-06,1.6125031009675018e-06,5.449774043983869e-07,0.68797,0.42678
e6p__lam-1e-3__s0,84,0.001,0.8062,0.5488,1.03061,2.38561,0.00156,1.56e-06,1.9350037211610023e-06,6.539208001307843e-07,0.69223,0.42863
e6p__lam-1e-3__s0,85,0.001,0.79241,0.53979,1.02146,2.3536599999999996,0.00123,1.23e-06,1.5522267513029874e-06,5.22590348648488e-07,0.69324,0.43019
e6p__lam-1e-3__s0,86,0.001,0.79391,0.54735,1.02834,2.3696,0.00069,6.9e-07,8.691161466664987e-07,2.9118838622552323e-07,0.68912,0.42647
e6p__lam-1e-3__s0,87,0.001,0.79656,0.54818,1.0296,2.37434,0.00061,6.1e-07,7.657929095108968e-07,2.5691350017267956e-07,0.6919,0.4261
e6p__lam-1e-3__s0,88,0.001,0.7873,0.54108,1.02463,2.3530100000000003,0.00131,1.31e-06,1.6639146449892034e-06,5.567337155388204e-07,0.68844,0.42599
e6p__lam-1e-3__s0,89,0.001,0.77533,0.53055,1.02183,2.3277099999999997,0.00166,1.66e-06,2.1410238221144546e-06,7.131472563162938e-07,0.6877,0.426
e6p__lam-1e-3__s0,90,0.001,0.77113,0.52597,1.0157,2.3128,0.00155,1.55e-06,2.01003721810849e-06,6.701833275683154e-07,0.68635,0.4274
e6p__lam-1e-3__s0,91,0.001,0.73242,0.42316,0.97809,2.13367,0.00161,1.61e-06,2.1981922940389396e-06,7.545684196712707e-07,0.66952,0.41479
e6p__lam-1e-3__s0,92,0.001,0.68493,0.38354,0.95586,2.02433,0.00179,1.79e-06,2.6134057494926486e-06,8.842431816946842e-07,0.67915,0.42186
e6p__lam-1e-3__s0,93,0.001,0.68133,0.37834,0.95439,2.01406,0.00375,3.75e-06,5.503940821628286e-06,1.8619107673058398e-06,0.67945,0.42146
e6p__lam-1e-3__s0,94,0.001,0.67218,0.3746,0.9471,1.99388,0.00431,4.309999999999999e-06,6.411972983427058e-06,2.161614540493911e-06,0.68017,0.42367
e6p__lam-1e-3__s0,95,0.001,0.6709,0.37163,0.95016,1.99269,0.00215,2.15e-06,3.204650469518557e-06,1.0789435386337063e-06,0.67979,0.42226
e6p__lam-1e-3__s0,96,0.001,0.66013,0.36375,0.94292,1.9668,0.0032,3.2000000000000003e-06,4.847530031963402e-06,1.6270083384177344e-06,0.68041,0.42254
e6p__lam-1e-3__s0,97,0.001,0.64978,0.3639,0.93991,1.95359,0.00261,2.61e-06,4.0167441287820494e-06,1.3360019246617767e-06,0.6822,0.42502
e6p__lam-1e-3__s0,98,0.001,0.65021,0.36106,0.94107,1.95234,0.00301,3.01e-06,4.629273619292229e-06,1.5417396560025405e-06,0.68445,0.42402
e6p__lam-1e-3__s0,99,0.001,0.64525,0.35976,0.94082,1.94583,0.00295,2.95e-06,4.571871367686943e-06,1.5160625542827484e-06,0.68421,0.42454
e6p__lam-1e-3__s0,100,0.001,0.64347,0.35682,0.93485,1.93514,0.00243,2.43e-06,3.7763998321600077e-06,1.2557231001374576e-06,0.68336,0.42462
e6p__lam-1e-2__s0,1,0.01,1.44011,2.28397,1.39429,5.11837,0.04393,0.0004393,0.0003050461423085736,8.582810543200277e-05,0.59081,0.3558
e6p__lam-1e-2__s0,2,0.01,1.42663,1.69459,1.40597,4.52719,0.02363,0.00023630000000000002,0.00016563509809831563,5.219573289391433e-05,0.50771,0.28556
e6p__lam-1e-2__s0,3,0.01,1.47876,1.72689,1.47386,4.6795100000000005,0.02075,0.0002075,0.00014032026833292759,4.434224950902979e-05,0.45011,0.24495
e6p__lam-1e-2__s0,4,0.01,1.49173,1.72333,1.48651,4.70157,0.01481,0.0001481,9.928070093113365e-05,3.150011591872502e-05,0.48434,0.26055
e6p__lam-1e-2__s0,5,0.01,1.46839,1.64495,1.46065,4.57399,0.00564,5.64e-05,3.840941439263411e-05,1.2330591015721503e-05,0.51708,0.28886
e6p__lam-1e-2__s0,6,0.01,1.45382,1.59652,1.46022,4.51056,0.00114,1.14e-05,7.841410903688215e-06,2.5274023624561027e-06,0.52111,0.28915
e6p__lam-1e-2__s0,7,0.01,1.4308,1.54174,1.43681,4.40935,0.00064,6.4000000000000006e-06,4.473022085546548e-06,1.451461099708574e-06,0.53953,0.30268
e6p__lam-1e-2__s0,8,0.01,1.40565,1.47643,1.42926,4.31134,0.00112,1.12e-05,7.967844057909151e-06,2.5978002198852324e-06,0.56276,0.32989
e6p__lam-1e-2__s0,9,0.01,1.39424,1.45239,1.42121,4.2678400000000005,0.00069,6.9e-06,4.948932751893505e-06,1.6167428957036813e-06,0.57539,0.3292
e6p__lam-1e-2__s0,10,0.01,1.35824,1.42006,1.39296,4.17126,0.00083,8.3e-06,6.110849334432796e-06,1.9898064373834285e-06,0.59643,0.35066
e6p__lam-1e-2__s0,11,0.01,1.3544,1.38866,1.39461,4.13767,0.00064,6.4000000000000006e-06,4.725339633786178e-06,1.5467642417109147e-06,0.60439,0.35834
e6p__lam-1e-2__s0,12,0.01,1.35205,1.32914,1.38035,4.06154,0.00087,8.7e-06,6.4346732739173845e-06,2.142044643164908e-06,0.59505,0.34374
e6p__lam-1e-2__s0,13,0.01,1.33535,1.29475,1.36562,3.9957200000000004,0.00086,8.6e-06,6.440259108099001e-06,2.152302964171664e-06,0.62392,0.37594
e6p__lam-1e-2__s0,14,0.01,1.30554,1.2563,1.3521,3.91394,0.00094,9.4e-06,7.200085788256201e-06,2.401671972488081e-06,0.61004,0.35836
e6p__lam-1e-2__s0,15,0.01,1.2982,1.24467,1.34156,3.88443,0.00115,1.15e-05,8.85841934986905e-06,2.960537324652523e-06,0.62913,0.37414
e6p__lam-1e-2__s0,16,0.01,1.28373,1.2022,1.33217,3.8181,0.0025,2.5e-05,1.94745000895827e-05,6.547759356748121e-06,0.64853,0.38424
e6p__lam-1e-2__s0,17,0.01,1.28024,1.19774,1.33421,3.81219,0.00316,3.16e-05,2.468287196150722e-05,8.289198597131832e-06,0.64086,0.38289
e6p__lam-1e-2__s0,18,0.01,1.27345,1.17098,1.32475,3.7691799999999995,0.00175,1.7500000000000002e-05,1.3742196395618205e-05,4.642919680142631e-06,0.62767,0.37031
e6p__lam-1e-2__s0,19,0.01,1.2545,1.14676,1.3094,3.71066,0.00091,9.100000000000001e-06,7.253886010362695e-06,2.4523939137511927e-06,0.65998,0.39754
e6p__lam-1e-2__s0,20,0.01,1.24787,1.13715,1.31407,3.69909,0.00094,9.4e-06,7.532835952462997e-06,2.5411655299005973e-06,0.64698,0.39043
e6p__lam-1e-2__s0,21,0.01,1.23373,1.10406,1.29831,3.6361,0.00063,6.300000000000001e-06,5.1064657583101655e-06,1.7326256153571135e-06,0.65075,0.39215
e6p__lam-1e-2__s0,22,0.01,1.22968,1.07854,1.28821,3.5964300000000007,0.00074,7.4e-06,6.017825775811593e-06,2.057596004927108e-06,0.66132,0.3968
e6p__lam-1e-2__s0,23,0.01,1.21036,1.05995,1.27972,3.5500300000000005,0.00079,7.9e-06,6.526983707326745e-06,2.2253333070424756e-06,0.65106,0.39253
e6p__lam-1e-2__s0,24,0.01,1.19897,1.04558,1.27208,3.51663,0.00128,1.2800000000000001e-05,1.0675830087491764e-05,3.639848377566022e-06,0.67633,0.41004
e6p__lam-1e-2__s0,25,0.01,1.19859,1.03697,1.26876,3.50432,0.00122,1.22e-05,1.0178626552866284e-05,3.4814172221714914e-06,0.6617,0.39301
e6p__lam-1e-2__s0,26,0.01,1.18658,1.01255,1.26329,3.4624200000000003,0.0006,5.999999999999999e-06,5.056549073808761e-06,1.7328920234980155e-06,0.66147,0.39684
e6p__lam-1e-2__s0,27,0.01,1.177,0.99672,1.25505,3.42877,0.0008,8.000000000000001e-06,6.79694137638063e-06,2.3331982022707854e-06,0.66705,0.40433
e6p__lam-1e-2__s0,28,0.01,1.17018,0.9786,1.25009,3.3988699999999996,0.00049,4.9e-06,4.187389974192005e-06,1.4416556090700735e-06,0.66128,0.4006
e6p__lam-1e-2__s0,29,0.01,1.15258,0.9744,1.24142,3.3684000000000003,0.00043,4.3e-06,3.730760554581895e-06,1.276570478565491e-06,0.66088,0.40288
e6p__lam-1e-2__s0,30,0.01,1.14688,0.95176,1.23475,3.33339,0.00048,4.800000000000001e-06,4.185267857142858e-06,1.4399755204161531e-06,0.65824,0.39856
e6p__lam-1e-2__s0,31,0.01,1.14057,0.93738,1.23417,3.31212,0.00051,5.1e-06,4.471448486283174e-06,1.539799282634687e-06,0.66693,0.40473
e6p__lam-1e-2__s0,32,0.01,1.12586,0.91787,1.21886,3.2625900000000003,0.00059,5.9e-06,5.240438420407511e-06,1.8083792324502924e-06,0.6708,0.4134
e6p__lam-1e-2__s0,33,0.01,1.11888,0.91828,1.2206,3.25776,0.00047,4.7e-06,4.2006292006292e-06,1.442709100731791e-06,0.67794,0.40943
e6p__lam-1e-2__s0,34,0.01,1.12019,0.89442,1.20869,3.2233,0.00062,6.2e-06,5.534775350610164e-06,1.9234945552694443e-06,0.67775,0.41104
e6p__lam-1e-2__s0,35,0.01,1.10721,0.89508,1.21305,3.21534,0.00059,5.9e-06,5.32870909764182e-06,1.8349536907449913e-06,0.68397,0.41838
e6p__lam-1e-2__s0,36,0.01,1.1076,0.88572,1.20692,3.20024,0.00073,7.2999999999999996e-06,6.5908270133622244e-06,2.2810789190810686e-06,0.66755,0.40133
e6p__lam-1e-2__s0,37,0.01,1.10929,0.86411,1.2047,3.1781000000000006,0.00045,4.5e-06,4.0566488474609885e-06,1.4159403417136022e-06,0.67582,0.40752
e6p__lam-1e-2__s0,38,0.01,1.0754,0.85032,1.18839,3.11411,0.00045,4.5e-06,4.1844894922819425e-06,1.4450356602689051e-06,0.68228,0.41923
e6p__lam-1e-2__s0,39,0.01,1.07688,0.83729,1.19023,3.1044,0.00056,5.6e-06,5.200208008320333e-06,1.803891251127432e-06,0.66901,0.40533
e6p__lam-1e-2__s0,40,0.01,1.07916,0.83794,1.19482,3.11192,0.0003,2.9999999999999997e-06,2.7799399532970085e-06,9.640350651687703e-07,0.67961,0.41594
e6p__lam-1e-2__s0,41,0.01,1.06943,0.83386,1.18069,3.0839800000000004,0.00076,7.600000000000001e-06,7.106589491598328e-06,2.464348017821127e-06,0.66731,0.41172
e6p__lam-1e-2__s0,42,0.01,1.05877,0.82543,1.17473,3.05893,0.00058,5.8e-06,5.478054723877708e-06,1.8960878477114547e-06,0.67263,0.41283
e6p__lam-1e-2__s0,43,0.01,1.04782,0.80159,1.16147,3.0108800000000002,0.00038,3.8000000000000005e-06,3.62657708385028e-06,1.2620894887873312e-06,0.68399,0.42327
e6p__lam-1e-2__s0,44,0.01,1.04896,0.7995,1.1684,3.01686,0.00051,5.1e-06,4.861958511287371e-06,1.6904993934090413e-06,0.67916,0.41894
e6p__lam-1e-2__s0,45,0.01,1.02271,0.78462,1.15769,2.96502,0.00052,5.199999999999999e-06,5.0845303165120116e-06,1.7537824365434295e-06,0.68887,0.4229
e6p__lam-1e-2__s0,46,0.01,1.03795,0.78597,1.16173,2.9856499999999997,0.00073,7.2999999999999996e-06,7.033094079676285e-06,2.4450287207140825e-06,0.67995,0.41677
e6p__lam-1e-2__s0,47,0.01,1.01942,0.7711,1.15455,2.94507,0.00122,1.22e-05,1.196758941358812e-05,4.142516137137657e-06,0.68467,0.41879
e6p__lam-1e-2__s0,48,0.01,1.02569,0.7719,1.1547,2.95229,0.00036,3.6000000000000003e-06,3.5098324055026374e-06,1.2193924038627643e-06,0.6876,0.425
e6p__lam-1e-2__s0,49,0.01,1.00658,0.75693,1.14388,2.9073900000000004,0.00048,4.800000000000001e-06,4.768622464185659e-06,1.6509652987731264e-06,0.69063,0.4277
e6p__lam-1e-2__s0,50,0.01,1.00305,0.74223,1.13371,2.87899,0.00046,4.6e-06,4.5860126613827825e-06,1.5977825556879323e-06,0.68511,0.42281
e6p__lam-1e-2__s0,51,0.01,1.00767,0.73526,1.14113,2.88406,0.00048,4.800000000000001e-06,4.763464229360803e-06,1.6643204371615019e-06,0.68935,0.42639
e6p__lam-1e-2__s0,52,0.01,0.98642,0.73663,1.13511,2.85816,0.00043,4.3e-06,4.359197907585005e-06,1.5044644106698017e-06,0.68989,0.42536
e6p__lam-1e-2__s0,53,0.01,0.98932,0.72747,1.13189,2.84868,0.00034,3.4000000000000005e-06,3.4367039987061828e-06,1.1935352514146906e-06,0.68812,0.42563
e6p__lam-1e-2__s0,54,0.01,0.97345,0.71874,1.12651,2.8186999999999998,0.00021,2.1000000000000002e-06,2.1572756690122763e-06,7.450243019831839e-07,0.68393,0.42178
e6p__lam-1e-2__s0,55,0.01,0.96749,0.7119,1.12288,2.80227,0.00022,2.2e-06,2.273925311889529e-06,7.850778119167675e-07,0.6867,0.42175
e6p__lam-1e-2__s0,56,0.01,0.96287,0.6952,1.11703,2.7751,0.00044,4.4e-06,4.569671918327501e-06,1.585528449425246e-06,0.68823,0.42318
e6p__lam-1e-2__s0,57,0.01,0.96273,0.69689,1.11366,2.7732799999999997,0.0002,2.0000000000000003e-06,2.0774256541294032e-06,7.211677147637456e-07,0.68706,0.42295
e6p__lam-1e-2__s0,58,0.01,0.94884,0.68465,1.10466,2.73815,0.00013,1.2999999999999998e-06,1.3700940095274228e-06,4.747731132333874e-07,0.69343,0.42796
e6p__lam-1e-2__s0,59,0.01,0.93804,0.67964,1.1054,2.72308,0.00021,2.1000000000000002e-06,2.238710502750416e-06,7.711855692818427e-07,0.69027,0.431
e6p__lam-1e-2__s0,60,0.01,0.94113,0.67278,1.10118,2.71509,8e-05,8.000000000000001e-07,8.500419708223094e-07,2.946495327963346e-07,0.68494,0.42381
e6p__lam-1e-2__s0,61,0.01,0.92408,0.66115,1.09751,2.68274,0.00044,4.4e-06,4.761492511470869e-06,1.6401142115896435e-06,0.69484,0.43542
e6p__lam-1e-2__s0,62,0.01,0.92441,0.66443,1.0947,2.68354,0.00036,3.6000000000000003e-06,3.89437587217793e-06,1.341511585443109e-06,0.693,0.42934
e6p__lam-1e-2__s0,63,0.01,0.92228,0.66169,1.09718,2.6811499999999997,0.00014,1.4e-06,1.5179771869714186e-06,5.221639967924212e-07,0.6878,0.42602
e6p__lam-1e-2__s0,64,0.01,0.91321,0.64581,1.08481,2.64383,0.00073,7.2999999999999996e-06,7.99378018199538e-06,2.7611457620194944e-06,0.68998,0.4244
e6p__lam-1e-2__s0,65,0.01,0.91056,0.64307,1.08712,2.64075,0.00053,5.3e-06,5.820593920224917e-06,2.0070055855344124e-06,0.69397,0.42868
e6p__lam-1e-2__s0,66,0.01,0.90862,0.63891,1.08351,2.63104,0.0004,4.000000000000001e-06,4.402280381237482e-06,1.5203113597664804e-06,0.67942,0.41837
e6p__lam-1e-2__s0,67,0.01,0.89038,0.62428,1.07449,2.58915,4e-05,4.0000000000000003e-07,4.4924638918214703e-07,1.5449085607245621e-07,0.68285,0.42372
e6p__lam-1e-2__s0,68,0.01,0.88876,0.62929,1.07432,2.59237,4e-05,4.0000000000000003e-07,4.5006525946262215e-07,1.542989619537335e-07,0.68674,0.42762
e6p__lam-1e-2__s0,69,0.01,0.8859,0.61396,1.06537,2.5652299999999997,0.00022,2.2e-06,2.4833502652669603e-06,8.57622903209459e-07,0.68736,0.42728
e6p__lam-1e-2__s0,70,0.01,0.87197,0.61157,1.0656,2.5491400000000004,0.00043,4.3e-06,4.931362317510924e-06,1.686843406011439e-06,0.69522,0.42897
e6p__lam-1e-2__s0,71,0.01,0.88596,0.61385,1.06726,2.56707,0.00092,9.2e-06,1.0384215991692628e-05,3.5838524076086744e-06,0.69618,0.43247
e6p__lam-1e-2__s0,72,0.01,0.86735,0.60139,1.0598,2.52854,0.00071,7.100000000000001e-06,8.185853461693665e-06,2.8079445055249277e-06,0.69386,0.43037
e6p__lam-1e-2__s0,73,0.01,0.86199,0.59986,1.06424,2.52609,0.00042,4.2000000000000004e-06,4.8724463160825535e-06,1.6626485992185554e-06,0.6903,0.42878
e6p__lam-1e-2__s0,74,0.01,0.85555,0.59063,1.05524,2.50142,0.00033,3.3e-06,3.857167903687686e-06,1.3192506656219268e-06,0.68998,0.42744
e6p__lam-1e-2__s0,75,0.01,0.85909,0.5964,1.0542,2.50969,0.00048,4.800000000000001e-06,5.5873074997962966e-06,1.9125868135108325e-06,0.68721,0.42695
e6p__lam-1e-2__s0,76,0.01,0.84896,0.59165,1.05313,2.49374,0.00057,5.7e-06,6.714097248398039e-06,2.2857234515226126e-06,0.68715,0.43026
e6p__lam-1e-2__s0,77,0.01,0.82963,0.58079,1.04701,2.45743,0.00051,5.1e-06,6.147318684232731e-06,2.075338870283182e-06,0.69166,0.42929
e6p__lam-1e-2__s0,78,0.01,0.83844,0.58099,1.04463,2.46406,0.00062,6.2e-06,7.394685368064501e-06,2.516172495799615e-06,0.68617,0.42696
e6p__lam-1e-2__s0,79,0.01,0.83546,0.57149,1.04612,2.4530700000000003,0.00057,5.7e-06,6.822588753501065e-06,2.323618975406327e-06,0.68865,0.43151
e6p__lam-1e-2__s0,80,0.01,0.82659,0.57057,1.04364,2.4408,0.00059,5.9e-06,7.137758743754461e-06,2.4172402490986566e-06,0.6883,0.4315
e6p__lam-1e-2__s0,81,0.01,0.81547,0.56219,1.03594,2.4136,0.00039,3.9e-06,4.782518057071382e-06,1.6158435531985415e-06,0.68958,0.43008
e6p__lam-1e-2__s0,82,0.01,0.8086,0.55766,1.03443,2.40069,0.00029,2.9e-06,3.586445708632204e-06,1.207986037347596e-06,0.68674,0.4265
e6p__lam-1e-2__s0,83,0.01,0.8083,0.54944,1.0325,2.3902400000000004,0.00038,3.8000000000000005e-06,4.70122479277496e-06,1.5897985139567574e-06,0.6906,0.43121
e6p__lam-1e-2__s0,84,0.01,0.80816,0.54995,1.03302,2.39113,0.00038,3.8000000000000005e-06,4.702039200158385e-06,1.589206776712266e-06,0.6904,0.43138
e6p__lam-1e-2__s0,85,0.01,0.79823,0.5362,1.02616,2.36059,0.00036,3.6000000000000003e-06,4.509978327048595e-06,1.5250424681965103e-06,0.69073,0.43247
e6p__lam-1e-2__s0,86,0.01,0.79644,0.54342,1.02997,2.3698300000000003,0.00041,4.1e-06,5.147908191451961e-06,1.730081904609191e-06,0.69411,0.4352
e6p__lam-1e-2__s0,87,0.01,0.7975,0.55012,1.02889,2.37651,0.00054,5.4e-06,6.771159874608151e-06,2.272239544542207e-06,0.6879,0.43213
e6p__lam-1e-2__s0,88,0.01,0.78926,0.53713,1.02662,2.3530100000000003,0.00062,6.2e-06,7.855459544383346e-06,2.634922928504341e-06,0.68927,0.43171
e6p__lam-1e-2__s0,89,0.01,0.77691,0.52728,1.02343,2.32762,0.00049,4.9e-06,6.307036851115316e-06,2.105154621458829e-06,0.68208,0.4277
e6p__lam-1e-2__s0,90,0.01,0.77264,0.52117,1.01826,2.3120700000000003,0.00064,6.4000000000000006e-06,8.283288465520813e-06,2.76808228124581e-06,0.68444,0.42853
e6p__lam-1e-2__s0,91,0.01,0.73193,0.41651,0.97838,2.12682,0.00093,9.3e-06,1.2706133100159852e-05,4.3727254774734114e-06,0.67737,0.42131
e6p__lam-1e-2__s0,92,0.01,0.68676,0.38109,0.9558,2.02365,0.00091,9.100000000000001e-06,1.3250626128487391e-05,4.496825043856399e-06,0.68392,0.42721
e6p__lam-1e-2__s0,93,0.01,0.67719,0.37356,0.95116,2.0019099999999996,0.0008,8.000000000000001e-06,1.1813523531062186e-05,3.99618364461939e-06,0.68302,0.4268
e6p__lam-1e-2__s0,94,0.01,0.67312,0.37111,0.95038,1.99461,0.00077,7.699999999999999e-06,1.143926788685524e-05,3.860403788209223e-06,0.68191,0.42643
e6p__lam-1e-2__s0,95,0.01,0.67295,0.37327,0.95336,1.99958,0.0007,7e-06,1.0401961512742402e-05,3.5007351543824206e-06,0.68699,0.42942
e6p__lam-1e-2__s0,96,0.01,0.65637,0.36227,0.94369,1.9623300000000001,0.00062,6.2e-06,9.445891798832975e-06,3.1595093587724795e-06,0.69012,0.43116
e6p__lam-1e-2__s0,97,0.01,0.65009,0.35971,0.93958,1.9493799999999997,0.0006,5.999999999999999e-06,9.229491301204447e-06,3.0779016918199636e-06,0.68712,0.43247
e6p__lam-1e-2__s0,98,0.01,0.6501,0.35984,0.94181,1.95175,0.00055,5.500000000000001e-06,8.460236886632826e-06,2.8179838606378894e-06,0.6871,0.4325
e6p__lam-1e-2__s0,99,0.01,0.64492,0.35726,0.94177,1.94395,0.00058,5.8e-06,8.993363517955716e-06,2.98361583374058e-06,0.68713,0.43197
e6p__lam-1e-2__s0,100,0.01,0.64447,0.35269,0.93609,1.9332500000000001,0.00047,4.7e-06,7.292814250469378e-06,2.4311392732445362e-06,0.68869,0.43214
e6p__lam-1e-1__s0,1,0.1,1.44076,2.29214,1.39756,5.130459999999999,0.039,0.0039000000000000003,0.0027069046891918156,0.000760165755117475,0.58172,0.34936
e6p__lam-1e-1__s0,2,0.1,1.42971,1.67613,1.40392,4.50976,0.0112,0.0011200000000000001,0.0007833756496072631,0.0002483502448023842,0.52886,0.29599
e6p__lam-1e-1__s0,3,0.1,1.4816,1.74095,1.46805,4.6906,0.00251,0.00025100000000000003,0.00016941144708423328,5.351127787489874e-05,0.48475,0.26264
e6p__lam-1e-1__s0,4,0.1,1.49489,1.72952,1.48416,4.70857,0.00113,0.000113,7.559084614921498e-05,2.3998793688954396e-05,0.46548,0.25279
e6p__lam-1e-1__s0,5,0.1,1.48062,1.66645,1.46562,4.612690000000001,0.00066,6.6e-05,4.457592089800219e-05,1.4308353693831582e-05,0.52304,0.29637
e6p__lam-1e-1__s0,6,0.1,1.45258,1.59532,1.45507,4.50297,0.00063,6.3e-05,4.3371105205909484e-05,1.3990766094377709e-05,0.52762,0.29224
e6p__lam-1e-1__s0,7,0.1,1.43518,1.53809,1.44164,4.41491,0.00066,6.6e-05,4.598726292172411e-05,1.4949342115694319e-05,0.55303,0.3128
e6p__lam-1e-1__s0,8,0.1,1.40694,1.49227,1.42693,4.3261400000000005,0.00039,3.9e-05,2.771973218474135e-05,9.014964841637116e-06,0.56289,0.32282
e6p__lam-1e-1__s0,9,0.1,1.38821,1.46147,1.41105,4.260730000000001,0.00028,2.8e-05,2.0169859027092443e-05,6.571643826292676e-06,0.55783,0.31587
e6p__lam-1e-1__s0,10,0.1,1.3672,1.42997,1.39638,4.19355,0.00046,4.600000000000001e-05,3.364540667056759e-05,1.0969226550297481e-05,0.59887,0.3508
e6p__lam-1e-1__s0,11,0.1,1.35429,1.37134,1.38665,4.11228,0.00039,3.9e-05,2.87973772234898e-05,9.483790014298636e-06,0.59043,0.34268
e6p__lam-1e-1__s0,12,0.1,1.34944,1.33492,1.37332,4.0576799999999995,0.00028,2.8e-05,2.074934787763813e-05,6.900494864060252e-06,0.61706,0.35799
e6p__lam-1e-1__s0,13,0.1,1.33374,1.2962,1.36377,3.99371,0.00039,3.9e-05,2.9241081470151606e-05,9.765356022345137e-06,0.61556,0.3579
e6p__lam-1e-1__s0,14,0.1,1.3074,1.27632,1.35208,3.9357999999999995,0.00033,3.3e-05,2.524093620927031e-05,8.384572386808274e-06,0.62725,0.37159
e6p__lam-1e-1__s0,15,0.1,1.29845,1.2405,1.3423,3.8812499999999996,0.00035,3.5000000000000004e-05,2.6955215834263932e-05,9.017713365539454e-06,0.62872,0.37638
e6p__lam-1e-1__s0,16,0.1,1.28927,1.20833,1.32972,3.82732,0.00025,2.5e-05,1.939081805983231e-05,6.531985828203548e-06,0.63951,0.38248
e6p__lam-1e-1__s0,17,0.1,1.28343,1.20271,1.33608,3.8222199999999997,0.0006,5.9999999999999995e-05,4.674972534536359e-05,1.5697683545164853e-05,0.64275,0.38156
e6p__lam-1e-1__s0,18,0.1,1.27565,1.1794,1.32715,3.7822,0.00062,6.2e-05,4.860267314702309e-05,1.6392575749563746e-05,0.64592,0.38871
e6p__lam-1e-1__s0,19,0.1,1.24951,1.15495,1.3067,3.7111599999999996,0.00048,4.8e-05,3.8415058703011586e-05,1.293396134901217e-05,0.64018,0.38283
e6p__lam-1e-1__s0,20,0.1,1.25458,1.14192,1.31539,3.7118900000000004,0.00021,2.1000000000000002e-05,1.673866951489742e-05,5.657495238274841e-06,0.64701,0.3885
e6p__lam-1e-1__s0,21,0.1,1.2428,1.1173,1.29963,3.65973,0.00045,4.5e-05,3.6208561313163826e-05,1.229598904837242e-05,0.66058,0.39959
e6p__lam-1e-1__s0,22,0.1,1.23054,1.09105,1.29305,3.61464,0.00046,4.600000000000001e-05,3.738196239049524e-05,1.2726025274992809e-05,0.64993,0.39366
e6p__lam-1e-1__s0,23,0.1,1.21123,1.07319,1.27979,3.56421,0.00043,4.3e-05,3.5501102185381804e-05,1.2064384534020162e-05,0.6472,0.3893
e6p__lam-1e-1__s0,24,0.1,1.20036,1.05084,1.26916,3.52036,0.00039,3.9e-05,3.249025292412276e-05,1.1078412435091865e-05,0.65409,0.39695
e6p__lam-1e-1__s0,25,0.1,1.19571,1.04071,1.27065,3.5070699999999997,0.00033,3.3e-05,2.7598665228190783e-05,9.409564109071107e-06,0.65501,0.38702
e6p__lam-1e-1__s0,26,0.1,1.19132,1.02216,1.26832,3.4818,0.00016,1.6000000000000003e-05,1.3430480475439012e-05,4.5953242575679255e-06,0.65999,0.39597
e6p__lam-1e-1__s0,27,0.1,1.17695,1.00961,1.25545,3.44201,0.00011,1.1000000000000001e-05,9.346191426993502e-06,3.195807101083379e-06,0.65251,0.39643
e6p__lam-1e-1__s0,28,0.1,1.16504,0.98109,1.24753,3.3936600000000006,7e-05,7e-06,6.008377394767561e-06,2.0626698019247654e-06,0.66653,0.40204
e6p__lam-1e-1__s0,29,0.1,1.15224,0.9781,1.24298,3.3733199999999997,0.00019,1.9e-05,1.648962021801014e-05,5.632433329776008e-06,0.67095,0.40631
e6p__lam-1e-1__s0,30,0.1,1.15215,0.95872,1.23855,3.3494200000000003,0.00016,1.6000000000000003e-05,1.38870806752593e-05,4.776946456401407e-06,0.66397,0.40573
e6p__lam-1e-1__s0,31,0.1,1.13765,0.93923,1.23082,3.3077,0.0002,2e-05,1.7580099327561202e-05,6.04649756628473e-06,0.66283,0.40196
e6p__lam-1e-1__s0,32,0.1,1.12339,0.91897,1.21759,3.25995,0.00042,4.2000000000000004e-05,3.7386838052679835e-05,1.2883633184558047e-05,0.68107,0.41514
e6p__lam-1e-1__s0,33,0.1,1.12319,0.92465,1.22157,3.2694099999999997,0.00026,2.6e-05,2.3148354241045595e-05,7.952505192068294e-06,0.67555,0.41307
e6p__lam-1e-1__s0,34,0.1,1.12175,0.90172,1.2121,3.23557,0.00049,4.9e-05,4.368174726989079e-05,1.5144163161359512e-05,0.67614,0.41081
e6p__lam-1e-1__s0,35,0.1,1.1029,0.88791,1.20799,3.1988,0.00021,2.1000000000000002e-05,1.9040710853205188e-05,6.564961860697763e-06,0.67782,0.41302
e6p__lam-1e-1__s0,36,0.1,1.11784,0.90847,1.21453,3.2408400000000004,0.00014,1.4e-05,1.252415372504115e-05,4.319867688623937e-06,0.67295,0.41113
e6p__lam-1e-1__s0,37,0.1,1.10641,0.86913,1.20228,3.1778199999999996,0.00024,2.4e-05,2.1691777912347145e-05,7.552347206575578e-06,0.67798,0.41316
e6p__lam-1e-1__s0,38,0.1,1.08313,0.85161,1.19006,3.1247999999999996,0.00037,3.7000000000000005e-05,3.416025777145865e-05,1.1840757808499747e-05,0.66424,0.40825
e6p__lam-1e-1__s0,39,0.1,1.08438,0.85835,1.19359,3.1363199999999996,0.00027,2.7000000000000002e-05,2.4899020638521555e-05,8.608815426997248e-06,0.66381,0.40779
e6p__lam-1e-1__s0,40,0.1,1.07294,0.84909,1.18974,3.11177,0.0001,1e-05,9.32018565809831e-06,3.2136051186302333e-06,0.67945,0.41554
e6p__lam-1e-1__s0,41,0.1,1.07658,0.84816,1.1855,3.11024,0.0001,1e-05,9.288673391666203e-06,3.215185966356294e-06,0.66233,0.40412
e6p__lam-1e-1__s0,42,0.1,1.06742,0.83241,1.18151,3.08134,7e-05,7e-06,6.557868505368083e-06,2.271738918782088e-06,0.66899,0.41237
e6p__lam-1e-1__s0,43,0.1,1.05234,0.81234,1.16634,3.03102,8e-05,8.000000000000001e-06,7.602105783301976e-06,2.639375523751081e-06,0.67954,0.4166
e6p__lam-1e-1__s0,44,0.1,1.04917,0.80649,1.16851,3.02417,0.0001,1e-05,9.53134382416577e-06,3.3066924147782702e-06,0.67195,0.41422
e6p__lam-1e-1__s0,45,0.1,1.03079,0.78809,1.16054,2.97942,7e-05,7e-06,6.790907944392165e-06,2.349450564203771e-06,0.68385,0.41898
e6p__lam-1e-1__s0,46,0.1,1.03193,0.78931,1.15652,2.97776,0.00018,1.8e-05,1.7443043617299624e-05,6.044812207834077e-06,0.68154,0.41878
e6p__lam-1e-1__s0,47,0.1,1.02185,0.76662,1.14901,2.93748,0.00018,1.8e-05,1.761510984978226e-05,6.127701294987541e-06,0.69363,0.42337
e6p__lam-1e-1__s0,48,0.1,1.02203,0.77547,1.14714,2.9446399999999997,9e-05,9e-06,8.806003737659364e-06,3.0564007824386006e-06,0.69481,0.42655
e6p__lam-1e-1__s0,49,0.1,1.01459,0.7658,1.14761,2.928,0.00013,1.3e-05,1.281305749120334e-05,4.439890710382513e-06,0.67993,0.41882
e6p__lam-1e-1__s0,50,0.1,1.00405,0.74339,1.13653,2.88397,0.00012,1.2e-05,1.1951596036053981e-05,4.160930938948741e-06,0.67498,0.41459
e6p__lam-1e-1__s0,51,0.1,1.0099,0.74936,1.14011,2.8993700000000002,8e-05,8.000000000000001e-06,7.921576393702349e-06,2.7592201064369158e-06,0.68243,0.41875
e6p__lam-1e-1__s0,52,0.1,0.98803,0.73851,1.13106,2.8575999999999997,0.0002,2e-05,2.0242300335010073e-05,6.998880179171334e-06,0.69188,0.42656
e6p__lam-1e-1__s0,53,0.1,0.9898,0.73541,1.12806,2.85327,0.00013,1.3e-05,1.3133966457870275e-05,4.556175896427607e-06,0.69467,0.42695
e6p__lam-1e-1__s0,54,0.1,0.97701,0.72079,1.1275,2.8253,5e-05,5e-06,5.11765488582512e-06,1.7697235691784944e-06,0.6874,0.42249
e6p__lam-1e-1__s0,55,0.1,0.96762,0.71358,1.11956,2.8007600000000004,5e-05,5e-06,5.1673177487030035e-06,1.785229723360802e-06,0.684,0.41899
e6p__lam-1e-1__s0,56,0.1,0.96508,0.703,1.11643,2.78451,5e-05,5e-06,5.180917644133129e-06,1.7956480673439852e-06,0.68551,0.42276
e6p__lam-1e-1__s0,57,0.1,0.96078,0.69915,1.11598,2.77591,5e-05,5e-06,5.204104998022441e-06,1.8012111343667483e-06,0.68443,0.42069
e6p__lam-1e-1__s0,58,0.1,0.95519,0.69123,1.10979,2.7562100000000003,9e-05,9e-06,9.42220919398235e-06,3.2653535107992495e-06,0.68958,0.42353
e6p__lam-1e-1__s0,59,0.1,0.93869,0.67846,1.10579,2.7229400000000004,7e-05,7e-06,7.457200992873046e-06,2.5707507326639582e-06,0.68698,0.42265
e6p__lam-1e-1__s0,60,0.1,0.94267,0.67735,1.10286,2.72288,5e-05,5e-06,5.304083083157415e-06,1.836290986014808e-06,0.68543,0.42207
e6p__lam-1e-1__s0,61,0.1,0.92267,0.66476,1.0958,2.68323,7e-05,7e-06,7.5866777937940976e-06,2.608796115129899e-06,0.68932,0.42559
e6p__lam-1e-1__s0,62,0.1,0.92613,0.66327,1.09173,2.68113,0.00011,1.1000000000000001e-05,1.187738222495762e-05,4.1027477220425725e-06,0.68817,0.42571
e6p__lam-1e-1__s0,63,0.1,0.92244,0.66495,1.09668,2.68407,6e-05,6e-06,6.504488096786783e-06,2.235411147995395e-06,0.6968,0.43011
e6p__lam-1e-1__s0,64,0.1,0.91439,0.64746,1.08407,2.6459200000000003,0.0001,1e-05,1.0936252583689673e-05,3.779403761262623e-06,0.69066,0.42655
e6p__lam-1e-1__s0,65,0.1,0.90489,0.63689,1.0823,2.62408,0.0001,1e-05,1.105106698051697e-05,3.81085942501753e-06,0.69436,0.42909
e6p__lam-1e-1__s0,66,0.1,0.90744,0.64469,1.08001,2.6321399999999997,8e-05,8.000000000000001e-06,8.81600987393106e-06,3.0393520101514366e-06,0.68934,0.42354
e6p__lam-1e-1__s0,67,0.1,0.89694,0.62815,1.07268,2.59777,0.0001,1e-05,1.114901777153433e-05,3.8494554945203e-06,0.69053,0.42852
e6p__lam-1e-1__s0,68,0.1,0.88808,0.62841,1.0736,2.59009,7e-05,7e-06,7.882172777227277e-06,2.7026087896559578e-06,0.68992,0.42626
e6p__lam-1e-1__s0,69,0.1,0.88317,0.61708,1.06293,2.56318,4e-05,4.000000000000001e-06,4.529139350294961e-06,1.560561490024111e-06,0.69132,0.42488
e6p__lam-1e-1__s0,70,0.1,0.87606,0.61405,1.06832,2.55843,2e-05,2.0000000000000003e-06,2.282948656484716e-06,7.81729419995857e-07,0.68764,0.42621
e6p__lam-1e-1__s0,71,0.1,0.8813,0.6156,1.06263,2.55953,7e-05,7e-06,7.942811755361398e-06,2.7348771063437425e-06,0.69173,0.43268
e6p__lam-1e-1__s0,72,0.1,0.86364,0.60322,1.05486,2.52172,0.0001,1e-05,1.1578898615163727e-05,3.965547324841775e-06,0.69481,0.43103
e6p__lam-1e-1__s0,73,0.1,0.86147,0.59915,1.05851,2.51913,8e-05,8.000000000000001e-06,9.286452227007327e-06,3.1756995470658527e-06,0.69144,0.42831
e6p__lam-1e-1__s0,74,0.1,0.85828,0.5897,1.05686,2.5048399999999997,0.00013,1.3e-05,1.5146572214195832e-05,5.1899522524392775e-06,0.68447,0.42595
e6p__lam-1e-1__s0,75,0.1,0.85614,0.60116,1.05399,2.51129,7e-05,7e-06,8.176232859111827e-06,2.7874120471948684e-06,0.68898,0.42827
e6p__lam-1e-1__s0,76,0.1,0.84919,0.58887,1.05206,2.49012,6e-05,6e-06,7.065556589220316e-06,2.409522432653848e-06,0.68672,0.42775
e6p__lam-1e-1__s0,77,0.1,0.83133,0.58197,1.04648,2.4597800000000003,6e-05,6e-06,7.217350510627549e-06,2.439242533885144e-06,0.68989,0.43047
e6p__lam-1e-1__s0,78,0.1,0.83932,0.58438,1.04388,2.46758,0.00012,1.2e-05,1.4297288280989374e-05,4.863064216762983e-06,0.68881,0.42901
e6p__lam-1e-1__s0,79,0.1,0.83594,0.5732,1.04431,2.45345,0.0001,1e-05,1.196258104648659e-05,4.07589313008213e-06,0.68377,0.42849
e6p__lam-1e-1__s0,80,0.1,0.82962,0.57467,1.04231,2.4466,0.00012,1.2e-05,1.4464453605265062e-05,4.904765797433172e-06,0.68436,0.42444
e6p__lam-1e-1__s0,81,0.1,0.817,0.56373,1.03528,2.41601,0.00011,1.1000000000000001e-05,1.3463892288861692e-05,4.55296128741189e-06,0.68713,0.42801
e6p__lam-1e-1__s0,82,0.1,0.80782,0.56164,1.0314,2.40086,0.00014,1.4e-05,1.7330593449035676e-05,5.8312438043034574e-06,0.68911,0.42847
e6p__lam-1e-1__s0,83,0.1,0.80937,0.55531,1.03032,2.3949999999999996,0.00012,1.2e-05,1.4826346417584046e-05,5.0104384133611704e-06,0.69296,0.4298
e6p__lam-1e-1__s0,84,0.1,0.80652,0.55132,1.03007,2.3879099999999998,0.00013,1.3e-05,1.6118633139909733e-05,5.444091276471894e-06,0.6891,0.43068
e6p__lam-1e-1__s0,85,0.1,0.79458,0.53795,1.02239,2.35492,0.00013,1.3e-05,1.6360844722998313e-05,5.520357379443888e-06,0.6922,0.43009
e6p__lam-1e-1__s0,86,0.1,0.79756,0.55072,1.03149,2.3797699999999997,0.00013,1.3e-05,1.6299714128090674e-05,5.462712783168121e-06,0.69122,0.42978
e6p__lam-1e-1__s0,87,0.1,0.79637,0.55165,1.02799,2.37601,0.00016,1.6000000000000003e-05,2.009116365508495e-05,6.733978392346835e-06,0.6897,0.42848
e6p__lam-1e-1__s0,88,0.1,0.79262,0.53838,1.02703,2.3580300000000003,0.00018,1.8e-05,2.2709495092225784e-05,7.633490668057657e-06,0.68802,0.42788
e6p__lam-1e-1__s0,89,0.1,0.7745,0.52629,1.02053,2.32132,0.00017,1.7000000000000003e-05,2.1949644932214336e-05,7.323419433770442e-06,0.69167,0.43275
e6p__lam-1e-1__s0,90,0.1,0.77197,0.52361,1.01513,2.3107100000000003,0.00016,1.6000000000000003e-05,2.07261940230838e-05,6.924278684906371e-06,0.68932,0.43009
e6p__lam-1e-1__s0,91,0.1,0.73096,0.41987,0.97641,2.12724,0.0002,2e-05,2.736127831892306e-05,9.401854045617796e-06,0.67677,0.42012
e6p__lam-1e-1__s0,92,0.1,0.69068,0.3841,0.95498,2.02976,0.00018,1.8e-05,2.6061272948398682e-05,8.868043512533502e-06,0.68333,0.42513
e6p__lam-1e-1__s0,93,0.1,0.68307,0.3761,0.95294,2.01211,0.00015,1.4999999999999999e-05,2.1959682023804296e-05,7.454860817748532e-06,0.68403,0.42419
e6p__lam-1e-1__s0,94,0.1,0.67313,0.37435,0.94792,1.9954,0.00015,1.4999999999999999e-05,2.228395703653083e-05,7.517289766462864e-06,0.68558,0.42509
e6p__lam-1e-1__s0,95,0.1,0.67092,0.3726,0.94913,1.99265,0.00014,1.4e-05,2.0866869373397724e-05,7.025819888088726e-06,0.68762,0.42653
e6p__lam-1e-1__s0,96,0.1,0.66193,0.36566,0.94464,1.9722300000000001,0.00015,1.4999999999999999e-05,2.2661006450833166e-05,7.605603808886386e-06,0.68968,0.42829
e6p__lam-1e-1__s0,97,0.1,0.64796,0.36257,0.94087,1.9514,0.00014,1.4e-05,2.1606271992098277e-05,7.174336373885415e-06,0.68966,0.42823
e6p__lam-1e-1__s0,98,0.1,0.6554,0.36319,0.9424,1.9609900000000002,0.00012,1.2e-05,1.83094293561184e-05,6.119358079337477e-06,0.68911,0.42742
e6p__lam-1e-1__s0,99,0.1,0.64798,0.35909,0.9427,1.94977,0.00012,1.2e-05,1.8519090095373314e-05,6.154572077732245e-06,0.68825,0.4272
e6p__lam-1e-1__s0,100,0.1,0.64214,0.35576,0.93572,1.93362,8e-05,8.000000000000001e-06,1.2458342417541348e-05,4.137317570153392e-06,0.68704,0.42688
e7p__nwd-calib__s0,1,0.001,1.23277,2.27304,1.39389,4.8997,0.04332,4.332e-05,3.514037492800766e-05,8.841357634140866e-06,0.60876,0.36963
e7p__nwd-calib__s0,2,0.001,1.22617,1.66182,1.40075,4.288740000000001,0.0232,2.3199999999999998e-05,1.8920704306906872e-05,5.409514216296626e-06,0.51486,0.29165
e7p__nwd-calib__s0,3,0.001,1.2703,1.71757,1.45871,4.44658,0.01552,1.552e-05,1.2217586396914114e-05,3.490322899846624e-06,0.49479,0.27273
e7p__nwd-calib__s0,4,0.001,1.2852,1.71,1.47274,4.46794,0.00852,8.52e-06,6.629318394024277e-06,1.9069190723241585e-06,0.51522,0.28717
e7p__nwd-calib__s0,5,0.001,1.27198,1.64171,1.4614,4.37509,0.00376,3.76e-06,2.956021321089954e-06,8.594108921187907e-07,0.55121,0.30844
e7p__nwd-calib__s0,6,0.001,1.2478,1.58752,1.45144,4.28676,0.00137,1.37e-06,1.0979323609552812e-06,3.1958868702703207e-07,0.53779,0.30071
e7p__nwd-calib__s0,7,0.001,1.24068,1.52082,1.43924,4.20074,0.00133,1.33e-06,1.0719927781539155e-06,3.1661088284445124e-07,0.52491,0.2935
e7p__nwd-calib__s0,8,0.001,1.21492,1.46241,1.42599,4.10332,0.00126,1.26e-06,1.0371053238073288e-06,3.07068422643128e-07,0.57394,0.33313
e7p__nwd-calib__s0,9,0.001,1.20768,1.45244,1.41854,4.07866,0.00089,8.9e-07,7.369501854795972e-07,2.1820892155757037e-07,0.57794,0.3288
e7p__nwd-calib__s0,10,0.001,1.1721,1.3898,1.3895,3.9513999999999996,0.00103,1.03e-06,8.78764610528112e-07,2.606671053297566e-07,0.60235,0.35365
e7p__nwd-calib__s0,11,0.001,1.17127,1.36709,1.38569,3.9240500000000003,0.00043,4.3e-07,3.671228666319465e-07,1.0958066283559077e-07,0.60853,0.35668
e7p__nwd-calib__s0,12,0.001,1.16473,1.32391,1.37693,3.86557,0.00079,7.900000000000001e-07,6.782687833231736e-07,2.0436830790801876e-07,0.62108,0.36398
e7p__nwd-calib__s0,13,0.001,1.14791,1.28862,1.36032,3.79685,0.00109,1.0900000000000002e-06,9.49551794130202e-07,2.870800795396184e-07,0.61306,0.36229
e7p__nwd-calib__s0,14,0.001,1.12518,1.24732,1.34791,3.72041,0.00099,9.9e-07,8.798592225243961e-07,2.660997040648746e-07,0.62441,0.37003
e7p__nwd-calib__s0,15,0.001,1.11154,1.22773,1.33889,3.67816,0.00083,8.3e-07,7.467117692570668e-07,2.256563064140766e-07,0.62837,0.37605
e7p__nwd-calib__s0,16,0.001,1.10812,1.19025,1.32964,3.62801,0.00063,6.3e-07,5.685304840630979e-07,1.7364891496991464e-07,0.63337,0.38122
e7p__nwd-calib__s0,17,0.001,1.10332,1.18258,1.33059,3.6164899999999998,0.00101,1.01e-06,9.154189174491535e-07,2.792763148798974e-07,0.65119,0.39014
e7p__nwd-calib__s0,18,0.001,1.0976,1.16957,1.32352,3.5906900000000004,0.00103,1.03e-06,9.384110787172014e-07,2.8685294469865124e-07,0.65385,0.39162
e7p__nwd-calib__s0,19,0.001,1.07569,1.13936,1.30687,3.5219199999999997,0.00105,1.05e-06,9.761176547146482e-07,2.9813283663456294e-07,0.6386,0.38984
e7p__nwd-calib__s0,20,0.001,1.07408,1.12843,1.3098,3.5123100000000003,0.00246,2.46e-06,2.2903321912706693e-06,7.00393757954167e-07,0.64414,0.39159
e7p__nwd-calib__s0,21,0.001,1.06717,1.09516,1.29981,3.4621399999999998,0.00088,8.8e-07,8.246108867378207e-07,2.5417805172523357e-07,0.65593,0.4017
e7p__nwd-calib__s0,22,0.001,1.05321,1.07462,1.28756,3.41539,0.00091,9.1e-07,8.640252181426306e-07,2.664410213767681e-07,0.66352,0.40365
e7p__nwd-calib__s0,23,0.001,1.04157,1.05154,1.27874,3.3718500000000002,0.00085,8.5e-07,8.160757318279136e-07,2.5208713317614956e-07,0.65579,0.39679
e7p__nwd-calib__s0,24,0.001,1.03222,1.03046,1.26937,3.3320499999999997,0.00076,7.6e-07,7.362771502199145e-07,2.2808781380831622e-07,0.64851,0.39375
e7p__nwd-calib__s0,25,0.001,1.0308,1.02398,1.26958,3.32436,0.00059,5.900000000000001e-07,5.723709740007762e-07,1.7747777015726338e-07,0.63962,0.38248
e7p__nwd-calib__s0,26,0.001,1.02115,1.0062,1.26909,3.2964400000000005,0.00074,7.4e-07,7.24673162610782e-07,2.2448459550302748e-07,0.67404,0.4107
e7p__nwd-calib__s0,27,0.001,1.01024,0.9872,1.25161,3.24905,0.00069,6.9e-07,6.83006018371872e-07,2.123697696249673e-07,0.6539,0.40413
e7p__nwd-calib__s0,28,0.001,1.00426,0.96162,1.25017,3.21605,0.00072,7.200000000000001e-07,7.16945810845797e-07,2.238771163383654e-07,0.67062,0.40408
e7p__nwd-calib__s0,29,0.001,0.99363,0.96595,1.24434,3.20392,0.00109,1.0900000000000002e-06,1.0969878123647636e-06,3.4020824489999753e-07,0.65941,0.40343
e7p__nwd-calib__s0,30,0.001,0.986,0.94488,1.23545,3.1663300000000003,0.00069,6.9e-07,6.997971602434077e-07,2.179179049562111e-07,0.66425,0.40496
e7p__nwd-calib__s0,31,0.001,0.97626,0.92793,1.22704,3.13123,0.00048,4.800000000000001e-07,4.916723004117756e-07,1.532943922995117e-07,0.66644,0.40551
e7p__nwd-calib__s0,32,0.001,0.9665,0.91091,1.21889,3.0963000000000003,0.00051,5.100000000000001e-07,5.276771857216763e-07,1.6471272163550044e-07,0.67437,0.4107
e7p__nwd-calib__s0,33,0.001,0.96513,0.90636,1.21875,3.09024,0.00057,5.699999999999999e-07,5.905940132417394e-07,1.844516930723827e-07,0.66671,0.40578
e7p__nwd-calib__s0,34,0.001,0.96334,0.8868,1.20956,3.0597000000000003,0.00061,6.1e-07,6.332136109784707e-07,1.9936595091021993e-07,0.67553,0.40836
e7p__nwd-calib__s0,35,0.001,0.94732,0.87894,1.20503,3.0312900000000003,0.0006,6e-07,6.333657053582738e-07,1.9793553239709823e-07,0.68075,0.41354
e7p__nwd-calib__s0,36,0.001,0.95504,0.88281,1.21187,3.0497199999999998,0.00029,2.9000000000000003e-07,3.03652203049087e-07,9.509069685085846e-08,0.67009,0.40797
e7p__nwd-calib__s0,37,0.001,0.94851,0.84863,1.19863,2.9957700000000003,0.0005,5e-07,5.271425709797472e-07,1.6690199848452983e-07,0.68041,0.41457
e7p__nwd-calib__s0,38,0.001,0.92861,0.83781,1.19136,2.95778,0.00044,4.4e-07,4.738264718234781e-07,1.4876021881275822e-07,0.67324,0.40315
e7p__nwd-calib__s0,39,0.001,0.934,0.83938,1.19071,2.9640899999999997,0.00044,4.4e-07,4.710920770877944e-07,1.4844353579007388e-07,0.67524,0.41283
e7p__nwd-calib__s0,40,0.001,0.92129,0.8349,1.18783,2.94402,0.00029,2.9000000000000003e-07,3.1477602057983914e-07,9.850476559262506e-08,0.67582,0.41265
e7p__nwd-calib__s0,41,0.001,0.91707,0.82875,1.18094,2.9267600000000003,0.00085,8.5e-07,9.268649067137732e-07,2.9042354002378056e-07,0.67093,0.41221
e7p__nwd-calib__s0,42,0.001,0.91346,0.82051,1.17691,2.9108799999999997,0.00055,5.5e-07,6.021062772316248e-07,1.889462980267136e-07,0.67427,0.41426
e7p__nwd-calib__s0,43,0.001,0.90025,0.79773,1.16734,2.86532,0.00019,1.9e-07,2.110524854207165e-07,6.63102201499309e-08,0.68259,0.4202
e7p__nwd-calib__s0,44,0.001,0.90524,0.79942,1.16806,2.87272,0.00043,4.3e-07,4.7501215147364233e-07,1.496839232504386e-07,0.67623,0.41121
e7p__nwd-calib__s0,45,0.001,0.8836,0.7778,1.16157,2.8229699999999998,0.00046,4.6000000000000004e-07,5.20597555454957e-07,1.6294895092756923e-07,0.68499,0.42439
e7p__nwd-calib__s0,46,0.001,0.88684,0.77169,1.15438,2.8129099999999996,0.00048,4.800000000000001e-07,5.412475756619008e-07,1.706417908855954e-07,0.68313,0.42137
e7p__nwd-calib__s0,47,0.001,0.87474,0.75612,1.15154,2.7824,0.00083,8.3e-07,9.488533735738619e-07,2.9830362277170787e-07,0.68806,0.4246
e7p__nwd-calib__s0,48,0.001,0.87514,0.76352,1.15132,2.78998,0.0004,4.0000000000000003e-07,4.570697259866993e-07,1.433702033706335e-07,0.67779,0.41945
e7p__nwd-calib__s0,49,0.001,0.86806,0.74753,1.14525,2.76084,0.00044,4.4e-07,5.068774047876874e-07,1.5937178539864679e-07,0.68129,0.42257
e7p__nwd-calib__s0,50,0.001,0.85804,0.73119,1.13429,2.72352,0.00077,7.699999999999999e-07,8.973940608829424e-07,2.827223592997297e-07,0.67503,0.41145
e7p__nwd-calib__s0,51,0.001,0.86452,0.73361,1.14252,2.7406499999999996,0.00022,2.2e-07,2.5447647249340675e-07,8.027292795504718e-08,0.6816,0.41651
e7p__nwd-calib__s0,52,0.001,0.85267,0.73195,1.13627,2.72089,0.00033,3.3e-07,3.870195972650615e-07,1.2128384462436925e-07,0.69172,0.42791
e7p__nwd-calib__s0,53,0.001,0.84307,0.7164,1.1257,2.6851700000000003,0.00039,3.9e-07,4.6259503955780664e-07,1.4524220068003144e-07,0.68313,0.41992
e7p__nwd-calib__s0,54,0.001,0.83989,0.71425,1.12969,2.6838300000000004,0.00043,4.3e-07,5.119718058317161e-07,1.6021879180126905e-07,0.67918,0.41857
e7p__nwd-calib__s0,55,0.001,0.82965,0.7047,1.12384,2.65819,0.00072,7.200000000000001e-07,8.67835834387995e-07,2.708609994018487e-07,0.69225,0.42699
e7p__nwd-calib__s0,56,0.001,0.82714,0.69,1.1133,2.63044,0.00067,6.7e-07,8.100200691539522e-07,2.547102385912623e-07,0.68482,0.42223
e7p__nwd-calib__s0,57,0.001,0.82118,0.68895,1.10961,2.61974,0.00035,3.5e-07,4.2621593316934166e-07,1.3360104437844975e-07,0.69683,0.42583
e7p__nwd-calib__s0,58,0.001,0.81398,0.67459,1.10478,2.59335,0.00051,5.100000000000001e-07,6.265510209096047e-07,1.9665683382497546e-07,0.69284,0.42357
e7p__nwd-calib__s0,59,0.001,0.80968,0.67213,1.10939,2.5911999999999997,0.00061,6.1e-07,7.533840529591938e-07,2.3541216424822478e-07,0.69,0.43019
e7p__nwd-calib__s0,60,0.001,0.8059,0.66913,1.09918,2.57421,0.00029,2.9000000000000003e-07,3.598461347561733e-07,1.1265592162255607e-07,0.69505,0.43145
e7p__nwd-calib__s0,61,0.001,0.79438,0.65928,1.09778,2.55144,0.00024,2.4000000000000003e-07,3.021224099297566e-07,9.406452826639076e-08,0.68813,0.43022
e7p__nwd-calib__s0,62,0.001,0.7927,0.65298,1.09191,2.53759,0.00114,1.1399999999999999e-06,1.4381228711996972e-06,4.492451499257169e-07,0.69336,0.43109
e7p__nwd-calib__s0,63,0.001,0.78638,0.65378,1.09545,2.53561,0.00093,9.300000000000001e-07,1.1826343498054378e-06,3.667756476745241e-07,0.68943,0.42844
e7p__nwd-calib__s0,64,0.001,0.78712,0.64351,1.08822,2.51885,0.00025,2.5e-07,3.1761357861571297e-07,9.925164261468526e-08,0.68463,0.42518
e7p__nwd-calib__s0,65,0.001,0.7757,0.63542,1.08455,2.4956699999999996,0.00058,5.800000000000001e-07,7.477117442310173e-07,2.3240252116666072e-07,0.69451,0.42902
e7p__nwd-calib__s0,66,0.001,0.77722,0.63599,1.08406,2.4972700000000003,0.00093,9.300000000000001e-07,1.1965723990633285e-06,3.7240666808154505e-07,0.68878,0.42648
e7p__nwd-calib__s0,67,0.001,0.76511,0.62045,1.07441,2.45997,0.00065,6.5e-07,8.495510449477854e-07,2.642308646040399e-07,0.68547,0.42344
e7p__nwd-calib__s0,68,0.001,0.76254,0.61944,1.07305,2.45503,0.00071,7.100000000000001e-07,9.31098696461825e-07,2.8920216860893765e-07,0.69131,0.4305
e7p__nwd-calib__s0,69,0.001,0.76028,0.6111,1.06672,2.4380999999999995,0.00097,9.7e-07,1.2758457410427738e-06,3.978507854476848e-07,0.69297,0.43037
e7p__nwd-calib__s0,70,0.001,0.74886,0.61165,1.06839,2.4289,0.00083,8.3e-07,1.1083513607349838e-06,3.417184733830129e-07,0.69114,0.43007
e7p__nwd-calib__s0,71,0.001,0.7539,0.60809,1.06388,2.4258699999999997,0.0007,7e-07,9.285051067780872e-07,2.885562705338703e-07,0.69833,0.43702
e7p__nwd-calib__s0,72,0.001,0.74246,0.5983,1.05954,2.4002999999999997,0.00087,8.7e-07,1.171780297928508e-06,3.6245469316335464e-07,0.6933,0.4312
e7p__nwd-calib__s0,73,0.001,0.74309,0.59905,1.06291,2.40505,0.00106,1.06e-06,1.4264759315829845e-06,4.407392777696929e-07,0.68633,0.42649
e7p__nwd-calib__s0,74,0.001,0.73993,0.58923,1.05748,2.38664,0.00094,9.4e-07,1.2703904423391401e-06,3.9385914926423764e-07,0.69546,0.43421
e7p__nwd-calib__s0,75,0.001,0.7324,0.5879,1.05199,2.37229,0.00094,9.4e-07,1.2834516657564171e-06,3.962416062117195e-07,0.69812,0.43678
e7p__nwd-calib__s0,76,0.001,0.72878,0.58581,1.05396,2.36855,0.00116,1.1600000000000001e-06,1.5917011992645245e-06,4.897511135504846e-07,0.69213,0.4308
e7p__nwd-calib__s0,77,0.001,0.71344,0.57491,1.05004,2.33839,0.00168,1.68e-06,2.3547880690737835e-06,7.184430313164186e-07,0.69629,0.43521
e7p__nwd-calib__s0,78,0.001,0.72217,0.57817,1.04749,2.34783,0.0015,1.5e-06,2.0770732652976447e-06,6.388878240758487e-07,0.69065,0.43136
e7p__nwd-calib__s0,79,0.001,0.71442,0.57067,1.04432,2.32941,0.00181,1.81e-06,2.5335236975448614e-06,7.770207906723162e-07,0.68937,0.42804
e7p__nwd-calib__s0,80,0.001,0.71379,0.56862,1.04517,2.32758,0.00253,2.5300000000000003e-06,3.5444598551394672e-06,1.0869658615385938e-06,0.69175,0.43364
e7p__nwd-calib__s0,81,0.001,0.69847,0.55567,1.03599,2.29013,0.00204,2.0400000000000004e-06,2.9206694632554013e-06,8.907791260758124e-07,0.69735,0.43759
e7p__nwd-calib__s0,82,0.001,0.69212,0.55406,1.03257,2.2787499999999996,0.00162,1.62e-06,2.3406345720395307e-06,7.109160724081186e-07,0.69463,0.43368
e7p__nwd-calib__s0,83,0.001,0.69248,0.5466,1.03152,2.2706,0.00226,2.26e-06,3.2636321626617377e-06,9.953316304060602e-07,0.69744,0.43774
e7p__nwd-calib__s0,84,0.001,0.69065,0.54756,1.03002,2.26823,0.00229,2.29e-06,3.3157170781148197e-06,1.0095977921110294e-06,0.69469,0.43495
e7p__nwd-calib__s0,85,0.001,0.68179,0.53203,1.02265,2.23647,0.00217,2.17e-06,3.1827982223265227e-06,9.702790558335232e-07,0.6916,0.43387
e7p__nwd-calib__s0,86,0.001,0.68136,0.54097,1.02849,2.25082,0.00152,1.52e-06,2.230832452741576e-06,6.753094427808532e-07,0.69464,0.43423
e7p__nwd-calib__s0,87,0.001,0.68531,0.54496,1.02798,2.25825,0.00181,1.81e-06,2.6411405057565193e-06,8.015055906121998e-07,0.69558,0.43415
e7p__nwd-calib__s0,88,0.001,0.67371,0.52711,1.02567,2.22649,0.00196,1.96e-06,2.909263629751673e-06,8.803093658628603e-07,0.69045,0.43042
e7p__nwd-calib__s0,89,0.001,0.66891,0.52525,1.02387,2.21803,0.00179,1.79e-06,2.675995275896608e-06,8.070224478478649e-07,0.68709,0.42935
e7p__nwd-calib__s0,90,0.001,0.66246,0.51793,1.01774,2.19813,0.00166,1.66e-06,2.505811671648099e-06,7.551873638046886e-07,0.68978,0.43401
e7p__nwd-calib__s0,91,0.001,0.62629,0.41836,0.97854,2.02319,0.00253,2.5300000000000003e-06,4.039662137348513e-06,1.2505004473134013e-06,0.67745,0.42249
e7p__nwd-calib__s0,92,0.001,0.59016,0.38237,0.95417,1.9266999999999999,0.00223,2.2300000000000002e-06,3.7786363020197917e-06,1.1574194218093116e-06,0.68594,0.42616
e7p__nwd-calib__s0,93,0.001,0.58333,0.37465,0.95238,1.91036,0.00185,1.85e-06,3.1714466939811086e-06,9.68403861052367e-07,0.68663,0.42738
e7p__nwd-calib__s0,94,0.001,0.57373,0.36892,0.94448,1.88713,0.0019,1.9e-06,3.311662280166629e-06,1.0068198799234817e-06,0.68706,0.42957
e7p__nwd-calib__s0,95,0.001,0.57669,0.37043,0.94813,1.8952499999999999,0.00189,1.89e-06,3.27732403891172e-06,9.972299168975068e-07,0.68882,0.42828
e7p__nwd-calib__s0,96,0.001,0.56267,0.36026,0.94095,1.86388,0.0018,1.8e-06,3.1990331810830505e-06,9.657274073438203e-07,0.6902,0.42931
e7p__nwd-calib__s0,97,0.001,0.55737,0.35929,0.94014,1.8568,0.00144,1.4400000000000002e-06,2.583562086226385e-06,7.755277897457993e-07,0.68869,0.42947
e7p__nwd-calib__s0,98,0.001,0.55969,0.35925,0.94101,1.85995,0.00162,1.62e-06,2.894459432900355e-06,8.709911556762278e-07,0.68738,0.42964
e7p__nwd-calib__s0,99,0.001,0.55436,0.35691,0.94136,1.85263,0.0015,1.5e-06,2.705822930947399e-06,8.096597809600406e-07,0.69121,0.43024
e7p__nwd-calib__s0,100,0.001,0.55176,0.35164,0.9354,1.8388,0.00145,1.4499999999999999e-06,2.627954182978106e-06,7.885577550576462e-07,0.69081,0.4288
e7p__nwd-scaleinv__s0,1,0.001,1.57238,2.28069,1.39361,5.24668,0.04393,4.3929999999999994e-05,2.7938539030005465e-05,8.372913918897284e-06,0.60627,0.36291
e7p__nwd-scaleinv__s0,2,0.001,1.56463,1.66205,1.39586,4.62254,0.02388,2.388e-05,1.526239430408467e-05,5.165990991965456e-06,0.52956,0.30178
e7p__nwd-scaleinv__s0,3,0.001,1.62217,1.72944,1.46293,4.81454,0.01587,1.587e-05,9.783191650690124e-06,3.2962650637444074e-06,0.4508,0.24563
e7p__nwd-scaleinv__s0,4,0.001,1.63171,1.73422,1.47201,4.83794,0.00626,6.26e-06,3.8364660386956015e-06,1.2939391559217354e-06,0.48781,0.26773
e7p__nwd-scaleinv__s0,5,0.001,1.61643,1.66413,1.46496,4.745520000000001,0.00168,1.68e-06,1.0393274066925261e-06,3.5401810549739537e-07,0.50337,0.27965
e7p__nwd-scaleinv__s0,6,0.001,1.59586,1.61214,1.44641,4.65441,0.00097,9.7e-07,6.078227413432256e-07,2.0840450239665178e-07,0.52587,0.29628
e7p__nwd-scaleinv__s0,7,0.001,1.5674,1.53177,1.42267,4.52184,0.00199,1.99e-06,1.2696184764578283e-06,4.400863365355696e-07,0.55393,0.31998
e7p__nwd-scaleinv__s0,8,0.001,1.54676,1.47716,1.41375,4.43767,0.00293,2.93e-06,1.8942822415888697e-06,6.602563958113154e-07,0.5718,0.32897
e7p__nwd-scaleinv__s0,9,0.001,1.53442,1.47141,1.4068,4.41263,0.00501,5.0099999999999995e-06,3.265077358220044e-06,1.135377314662684e-06,0.55845,0.32294
e7p__nwd-scaleinv__s0,10,0.001,1.50311,1.42191,1.39146,4.31648,0.00534,5.3400000000000005e-06,3.552634205081465e-06,1.2371191341092742e-06,0.5957,0.34718
e7p__nwd-scaleinv__s0,11,0.001,1.48937,1.382,1.37648,4.24785,0.00208,2.08e-06,1.3965636477168197e-06,4.896594747931306e-07,0.58978,0.34618
e7p__nwd-scaleinv__s0,12,0.001,1.47485,1.33354,1.36198,4.17037,0.00146,1.46e-06,9.89931179441977e-07,3.500888410380853e-07,0.61084,0.3532
e7p__nwd-scaleinv__s0,13,0.001,1.47963,1.30314,1.36469,4.147460000000001,0.00118,1.1800000000000001e-06,7.974966714651637e-07,2.845114841372792e-07,0.59347,0.34912
e7p__nwd-scaleinv__s0,14,0.001,1.44234,1.26774,1.35045,4.06053,0.00086,8.6e-07,5.962533105925094e-07,2.117950119811946e-07,0.60251,0.35591
e7p__nwd-scaleinv__s0,15,0.001,1.42408,1.2515,1.3366,4.01218,0.001,1e-06,7.022077411381383e-07,2.492410609693483e-07,0.63678,0.37593
e7p__nwd-scaleinv__s0,16,0.001,1.41461,1.19959,1.32413,3.9383299999999997,0.00072,7.200000000000001e-07,5.089742049045321e-07,1.8281860585578154e-07,0.6422,0.38221
e7p__nwd-scaleinv__s0,17,0.001,1.41867,1.21003,1.33449,3.96319,0.00095,9.5e-07,6.696412837375851e-07,2.397058934847938e-07,0.63584,0.37716
e7p__nwd-scaleinv__s0,18,0.001,1.40134,1.17981,1.31886,3.90001,0.00095,9.5e-07,6.779225598355859e-07,2.43589119002259e-07,0.63837,0.38486
e7p__nwd-scaleinv__s0,19,0.001,1.37822,1.15684,1.30843,3.84349,0.00075,7.5e-07,5.441801744278852e-07,1.9513515060530925e-07,0.64395,0.392
e7p__nwd-scaleinv__s0,20,0.001,1.37138,1.15063,1.30405,3.82606,0.00056,5.599999999999999e-07,4.0834779565109593e-07,1.4636466756924877e-07,0.6507,0.39348
e7p__nwd-scaleinv__s0,21,0.001,1.35522,1.124,1.28519,3.7644100000000003,0.00135,1.3500000000000002e-06,9.961482268561562e-07,3.586219354427387e-07,0.65443,0.39717
e7p__nwd-scaleinv__s0,22,0.001,1.35075,1.09733,1.28658,3.73466,0.00056,5.599999999999999e-07,4.1458449009809365e-07,1.4994671536364756e-07,0.65425,0.39606
e7p__nwd-scaleinv__s0,23,0.001,1.33504,1.06392,1.27513,3.6740899999999996,0.00063,6.3e-07,4.718959731543624e-07,1.714710309219426e-07,0.65509,0.39281
e7p__nwd-scaleinv__s0,24,0.001,1.31887,1.04785,1.26113,3.62785,0.0006,6e-07,4.54934906397143e-07,1.653872128119961e-07,0.6621,0.40349
e7p__nwd-scaleinv__s0,25,0.001,1.3159,1.03696,1.26349,3.61635,0.00077,7.699999999999999e-07,5.851508473288242e-07,2.129218687350505e-07,0.64587,0.38057
e7p__nwd-scaleinv__s0,26,0.001,1.30786,1.02237,1.26347,3.5937,0.00103,1.03e-06,7.875460676219168e-07,2.866126833068982e-07,0.66973,0.40004
e7p__nwd-scaleinv__s0,27,0.001,1.29921,1.00397,1.25122,3.5544000000000002,0.00072,7.200000000000001e-07,5.541829265476713e-07,2.0256583389601622e-07,0.66118,0.39641
e7p__nwd-scaleinv__s0,28,0.001,1.29004,0.98206,1.24683,3.51893,0.00195,1.95e-06,1.511581036246938e-06,5.541457204320631e-07,0.66674,0.4007
e7p__nwd-scaleinv__s0,29,0.001,1.27481,0.98211,1.23703,3.49395,0.00057,5.699999999999999e-07,4.4712545398922186e-07,1.631391405143176e-07,0.66743,0.40452
e7p__nwd-scaleinv__s0,30,0.001,1.26271,0.95725,1.22774,3.4477,0.00046,4.6000000000000004e-07,3.6429583989989786e-07,1.3342228152101402e-07,0.65848,0.399
e7p__nwd-scaleinv__s0,31,0.001,1.25792,0.94169,1.22595,3.42556,0.00069,6.9e-07,5.485245484609514e-07,2.014269199780474e-07,0.66014,0.39733
e7p__nwd-scaleinv__s0,32,0.001,1.24063,0.92859,1.21303,3.38225,0.00115,1.15e-06,9.26948405245722e-07,3.400103481410304e-07,0.65561,0.39626
e7p__nwd-scaleinv__s0,33,0.001,1.23825,0.9247,1.21374,3.37669,0.00089,8.9e-07,7.187563093074903e-07,2.635717226040886e-07,0.66864,0.40358
e7p__nwd-scaleinv__s0,34,0.001,1.23331,0.89617,1.20423,3.33371,0.0007,7e-07,5.675783055355102e-07,2.0997627268118703e-07,0.67774,0.41263
e7p__nwd-scaleinv__s0,35,0.001,1.22233,0.9064,1.20567,3.3344,0.00102,1.0200000000000002e-06,8.344718692987984e-07,3.0590211132437623e-07,0.67795,0.41226
e7p__nwd-scaleinv__s0,36,0.001,1.22144,0.89293,1.20245,3.31682,0.00044,4.4e-07,3.6023054755043225e-07,1.326571836879903e-07,0.66783,0.40568
e7p__nwd-scaleinv__s0,37,0.001,1.22105,0.87218,1.19783,3.29106,0.00046,4.6000000000000004e-07,3.76724949838254e-07,1.3977259606327445e-07,0.68587,0.41848
e7p__nwd-scaleinv__s0,38,0.001,1.18646,0.84801,1.18366,3.2181300000000004,0.00056,5.599999999999999e-07,4.71992313268041e-07,1.7401410135699922e-07,0.68166,0.41613
e7p__nwd-scaleinv__s0,39,0.001,1.19367,0.85472,1.18503,3.2334199999999997,0.00071,7.100000000000001e-07,5.948042591335965e-07,2.1958174316977074e-07,0.66825,0.40463
e7p__nwd-scaleinv__s0,40,0.001,1.18018,0.84475,1.17964,3.20457,0.00069,6.9e-07,5.846565778101645e-07,2.15317499695747e-07,0.67885,0.41674
e7p__nwd-scaleinv__s0,41,0.001,1.18206,0.84029,1.17734,3.1996900000000004,0.00085,8.5e-07,7.190836336564979e-07,2.6565073491494484e-07,0.67928,0.41888
e7p__nwd-scaleinv__s0,42,0.001,1.17062,0.82502,1.16999,3.16563,0.00081,8.1e-07,6.919410227059165e-07,2.558732385022886e-07,0.67261,0.41119
e7p__nwd-scaleinv__s0,43,0.001,1.15894,0.81312,1.16069,3.1327499999999997,0.00033,3.3e-07,2.847429547690131e-07,1.0533875987550875e-07,0.67564,0.41676
e7p__nwd-scaleinv__s0,44,0.001,1.15524,0.81137,1.16156,3.12817,0.00077,7.699999999999999e-07,6.665281673072262e-07,2.4615030513047564e-07,0.67058,0.40808
e7p__nwd-scaleinv__s0,45,0.001,1.13391,0.78866,1.15805,3.0806199999999997,0.0003,3e-07,2.645712622694923e-07,9.738299433230974e-08,0.6842,0.41923
e7p__nwd-scaleinv__s0,46,0.001,1.13789,0.79092,1.15368,3.08249,0.00043,4.3e-07,3.7789241490829516e-07,1.394976139419755e-07,0.68186,0.41948
e7p__nwd-scaleinv__s0,47,0.001,1.12221,0.76602,1.146,3.03423,0.00037,3.7e-07,3.2970656116056714e-07,1.219419753940868e-07,0.66968,0.41
e7p__nwd-scaleinv__s0,48,0.001,1.13039,0.77854,1.14896,3.05789,0.00027,2.7e-07,2.388556162032573e-07,8.829617808358051e-08,0.68013,0.41809
e7p__nwd-scaleinv__s0,49,0.001,1.11917,0.77233,1.14514,3.0366400000000002,0.00034,3.4000000000000003e-07,3.03796563524755e-07,1.1196585699984193e-07,0.67674,0.42224
e7p__nwd-scaleinv__s0,50,0.001,1.10737,0.75007,1.13253,2.98997,0.0008,8.000000000000001e-07,7.224324299917824e-07,2.675612129887591e-07,0.67881,0.41802
e7p__nwd-scaleinv__s0,51,0.001,1.11257,0.74278,1.13822,2.99357,0.00037,3.7e-07,3.3256334432889613e-07,1.235982455730115e-07,0.68731,0.42561
e7p__nwd-scaleinv__s0,52,0.001,1.09497,0.73945,1.13277,2.9671900000000004,0.00031,3.1e-07,2.8311277934555283e-07,1.0447595199498514e-07,0.67124,0.4108
e7p__nwd-scaleinv__s0,53,0.001,1.09148,0.72876,1.12516,2.9454000000000002,0.00032,3.2e-07,2.931799025176824e-07,1.0864398723433149e-07,0.67944,0.41551
e7p__nwd-scaleinv__s0,54,0.001,1.07732,0.72234,1.12216,2.9218200000000003,0.00067,6.7e-07,6.219136375450192e-07,2.2930912924136325e-07,0.68086,0.42027
e7p__nwd-scaleinv__s0,55,0.001,1.07246,0.71562,1.11966,2.90774,0.00027,2.7e-07,2.5175764131063164e-07,9.285561982845785e-08,0.68591,0.4226
e7p__nwd-scaleinv__s0,56,0.001,1.06673,0.70716,1.11402,2.8879099999999998,0.00031,3.1e-07,2.906077451651308e-07,1.0734406543140196e-07,0.67774,0.4202
e7p__nwd-scaleinv__s0,57,0.001,1.06198,0.69876,1.11448,2.8752199999999997,0.00036,3.6000000000000005e-07,3.389894348292812e-07,1.252078101849598e-07,0.67795,0.41665
e7p__nwd-scaleinv__s0,58,0.001,1.05149,0.69123,1.10317,2.84589,0.00075,7.5e-07,7.132735451597257e-07,2.63537944193205e-07,0.68462,0.42093
e7p__nwd-scaleinv__s0,59,0.001,1.03598,0.68321,1.10179,2.8209799999999996,0.0006,6e-07,5.791617598795344e-07,2.1269204319066426e-07,0.68084,0.42189
e7p__nwd-scaleinv__s0,60,0.001,1.03704,0.6809,1.09722,2.81516,0.00057,5.699999999999999e-07,5.496412867391807e-07,2.0247517015018683e-07,0.68512,0.42263
e7p__nwd-scaleinv__s0,61,0.001,1.0223,0.66799,1.09588,2.7861700000000003,0.00047,4.7e-07,4.5974762789787736e-07,1.686903527064034e-07,0.68478,0.42204
e7p__nwd-scaleinv__s0,62,0.001,1.02105,0.66903,1.08932,2.7794,0.00067,6.7e-07,6.561872582145831e-07,2.4105922141469383e-07,0.68068,0.42329
e7p__nwd-scaleinv__s0,63,0.001,1.01967,0.66909,1.09335,2.7821100000000003,0.00052,5.2e-07,5.099689115105867e-07,1.869084975072876e-07,0.69207,0.42735
e7p__nwd-scaleinv__s0,64,0.001,1.00608,0.65013,1.07769,2.7339,0.0004,4.0000000000000003e-07,3.975826972010178e-07,1.4631113061926186e-07,0.68459,0.42512
e7p__nwd-scaleinv__s0,65,0.001,1.00199,0.64843,1.08109,2.73151,0.00074,7.4e-07,7.385303246539388e-07,2.709124257278941e-07,0.69041,0.42871
e7p__nwd-scaleinv__s0,66,0.001,1.00264,0.64289,1.07733,2.72286,0.00052,5.2e-07,5.186308146493258e-07,1.9097566529311094e-07,0.68721,0.42447
e7p__nwd-scaleinv__s0,67,0.001,0.99164,0.62942,1.06889,2.6899499999999996,0.00076,7.6e-07,7.664071638901214e-07,2.825331325861076e-07,0.68688,0.42474
e7p__nwd-scaleinv__s0,68,0.001,0.98457,0.63522,1.07008,2.68987,0.00156,1.56e-06,1.5844480331515284e-06,5.79953678058791e-07,0.69034,0.42777
e7p__nwd-scaleinv__s0,69,0.001,0.97724,0.61615,1.06156,2.65495,0.00098,9.8e-07,1.0028242806270722e-06,3.6912182903632837e-07,0.68881,0.42526
e7p__nwd-scaleinv__s0,70,0.001,0.96715,0.62053,1.06386,2.65154,0.0012,1.2e-06,1.2407589308793878e-06,4.525671873703584e-07,0.6938,0.43059
e7p__nwd-scaleinv__s0,71,0.001,0.96946,0.61442,1.05769,2.6415699999999998,0.00102,1.0200000000000002e-06,1.052132114785551e-06,3.861340036417738e-07,0.69361,0.43251
e7p__nwd-scaleinv__s0,72,0.001,0.955,0.60456,1.055,2.61456,0.00078,7.8e-07,8.167539267015707e-07,2.983293556085919e-07,0.6898,0.42752
e7p__nwd-scaleinv__s0,73,0.001,0.95758,0.6047,1.06094,2.62322,0.00144,1.4400000000000002e-06,1.5037908059901003e-06,5.489436646564147e-07,0.68758,0.4289
e7p__nwd-scaleinv__s0,74,0.001,0.94999,0.59259,1.05205,2.59463,0.00135,1.3500000000000002e-06,1.4210675901851601e-06,5.203053999992292e-07,0.69346,0.43001
e7p__nwd-scaleinv__s0,75,0.001,0.94945,0.59981,1.0511,2.60036,0.00113,1.13e-06,1.1901627257886144e-06,4.345552154317095e-07,0.69473,0.43337
e7p__nwd-scaleinv__s0,76,0.001,0.93742,0.59164,1.04828,2.5773400000000004,0.00165,1.65e-06,1.7601501994836892e-06,6.401949296561571e-07,0.69069,0.42935
e7p__nwd-scaleinv__s0,77,0.001,0.91896,0.58005,1.04639,2.5454,0.00146,1.46e-06,1.5887525028292853e-06,5.735837196511354e-07,0.69372,0.43205
e7p__nwd-scaleinv__s0,78,0.001,0.93125,0.58317,1.0404,2.55482,0.00196,1.96e-06,2.104697986577181e-06,7.671773353895773e-07,0.69297,0.43401
e7p__nwd-scaleinv__s0,79,0.001,0.92325,0.57428,1.03927,2.5368,0.00222,2.2200000000000003e-06,2.4045491470349313e-06,8.751182592242196e-07,0.6919,0.43355
e7p__nwd-scaleinv__s0,80,0.001,0.91589,0.57253,1.03832,2.52674,0.00136,1.3600000000000001e-06,1.4848944742272545e-06,5.382429533707465e-07,0.68803,0.43035
e7p__nwd-scaleinv__s0,81,0.001,0.90218,0.56094,1.03061,2.4937300000000002,0.00156,1.56e-06,1.7291449599858123e-06,6.255689268685864e-07,0.69302,0.43413
e7p__nwd-scaleinv__s0,82,0.001,0.89452,0.56018,1.02737,2.4820699999999998,0.00195,1.95e-06,2.179940079595761e-06,7.856345711442466e-07,0.69333,0.43696
e7p__nwd-scaleinv__s0,83,0.001,0.89907,0.5536,1.02726,2.47993,0.002,2e-06,2.224520893812495e-06,8.064743762928793e-07,0.69104,0.4351
e7p__nwd-scaleinv__s0,84,0.001,0.89454,0.55114,1.02654,2.47222,0.00206,2.06e-06,2.302859570281933e-06,8.332591759633043e-07,0.69413,0.43607
e7p__nwd-scaleinv__s0,85,0.001,0.88092,0.54112,1.01907,2.44111,0.0021,2.1e-06,2.383871407165236e-06,8.602643879218878e-07,0.69219,0.43375
e7p__nwd-scaleinv__s0,86,0.001,0.88109,0.54921,1.02518,2.4554799999999997,0.00232,2.3200000000000002e-06,2.6331021802540037e-06,9.448254516428562e-07,0.69185,0.43449
e7p__nwd-scaleinv__s0,87,0.001,0.88269,0.54993,1.02363,2.45625,0.00217,2.17e-06,2.458394226738719e-06,8.834605597964377e-07,0.68719,0.4313
e7p__nwd-scaleinv__s0,88,0.001,0.87381,0.53831,1.02187,2.4339899999999997,0.00229,2.29e-06,2.6207070186882736e-06,9.408419919555957e-07,0.68481,0.42944
e7p__nwd-scaleinv__s0,89,0.001,0.85987,0.5287,1.01742,2.40599,0.00212,2.12e-06,2.4654889692627954e-06,8.811341693024493e-07,0.68604,0.42981
e7p__nwd-scaleinv__s0,90,0.001,0.85866,0.52366,1.01188,2.3941999999999997,0.00168,1.68e-06,1.956536929634547e-06,7.016957647648485e-07,0.68418,0.42982
e7p__nwd-scaleinv__s0,91,0.001,0.79675,0.4254,0.97403,2.19618,0.00201,2.0100000000000002e-06,2.522748666457484e-06,9.15225527962189e-07,0.67376,0.41848
e7p__nwd-scaleinv__s0,92,0.001,0.74657,0.38249,0.94987,2.0789299999999997,0.00183,1.83e-06,2.451210201320707e-06,8.802605186321811e-07,0.68071,0.42536
e7p__nwd-scaleinv__s0,93,0.001,0.74186,0.38056,0.95178,2.0742,0.00222,2.2200000000000003e-06,2.992478365190198e-06,1.0702921608330926e-06,0.67936,0.42443
e7p__nwd-scaleinv__s0,94,0.001,0.73327,0.38033,0.94671,2.06031,0.00203,2.03e-06,2.7684209090785115e-06,9.85288621615194e-07,0.68244,0.42799
e7p__nwd-scaleinv__s0,95,0.001,0.7319,0.3752,0.94863,2.05573,0.00182,1.82e-06,2.4866785079928953e-06,8.853302719715137e-07,0.68041,0.4263
e7p__nwd-scaleinv__s0,96,0.001,0.7173,0.36712,0.94156,2.02598,0.00168,1.68e-06,2.3421162693433707e-06,8.292283240703264e-07,0.67998,0.42541
e7p__nwd-scaleinv__s0,97,0.001,0.70845,0.36366,0.9393,2.0114099999999997,0.00152,1.52e-06,2.145528971698779e-06,7.55688795422117e-07,0.67849,0.42575
e7p__nwd-scaleinv__s0,98,0.001,0.71267,0.36555,0.94008,2.0183,0.00144,1.4400000000000002e-06,2.020570530540082e-06,7.134717336372196e-07,0.67753,0.42537
e7p__nwd-scaleinv__s0,99,0.001,0.7029,0.36147,0.93846,2.00283,0.0014,1.4e-06,1.99174847062171e-06,6.990108995770984e-07,0.68184,0.42661
e7p__nwd-scaleinv__s0,100,0.001,0.70112,0.35526,0.9331,1.98948,0.00125,1.25e-06,1.782861706983113e-06,6.283048836882e-07,0.68085,0.42633
e7p__nwd-sizegate__s0,1,0.0001,1360.72,2.54651,1.4401,1364.70661,0.07431,7.4310000000000005e-06,5.4610794285378334e-09,5.4451264070597565e-09,0.48555,0.28364
e7p__nwd-sizegate__s0,2,0.0001,1446.59,2.08766,1.53696,1450.2146199999997,0.1115,1.115e-05,7.707781748802356e-09,7.68851716582474e-09,0.26765,0.14331
e7p__nwd-sizegate__s0,3,0.0001,1491.32,2.37794,1.69752,1495.39546,0.14685,1.4685000000000001e-05,9.84698119786498e-09,9.820144833126618e-09,0.18622,0.09311
e7p__nwd-sizegate__s0,4,0.0001,1549.84,2.51076,1.76964,1554.1203999999998,0.1599,1.599e-05,1.0317194032932432e-08,1.0288778140998602e-08,0.19636,0.095
e7p__nwd-sizegate__s0,5,0.0001,1545.89,2.47431,1.79757,1550.16188,0.1627,1.6270000000000002e-05,1.052468157501504e-08,1.0495678038476859e-08,0.20664,0.10343
e7p__nwd-sizegate__s0,6,0.0001,1526.03,2.43283,1.78334,1530.24617,0.15202,1.5202e-05,9.961796294961436e-09,9.934349321063814e-09,0.24047,0.12431
e7p__nwd-sizegate__s0,7,0.0001,1496.41,2.35037,1.75488,1500.5152500000002,0.13861,1.3861000000000002e-05,9.26283572015691e-09,9.23749358761932e-09,0.26568,0.14196
e7p__nwd-sizegate__s0,8,0.0001,1496.2,2.30321,1.75679,1500.26,0.14635,1.4635000000000001e-05,9.781446330704451e-09,9.75497580419394e-09,0.28225,0.14982
e7p__nwd-sizegate__s0,9,0.0001,1455.26,2.29331,1.75675,1459.31006,0.14603,1.4603e-05,1.003463298654536e-08,1.0006783616635933e-08,0.24972,0.1288
e7p__nwd-sizegate__s0,10,0.0001,1441.88,2.23793,1.70914,1445.82707,0.14308,1.4308000000000003e-05,9.923155879823565e-09,9.896065924398553e-09,0.31797,0.17151
e7p__nwd-sizegate__s0,11,0.0001,1412.39,2.19777,1.71043,1416.2982000000002,0.13867,1.3867e-05,9.818109728899241e-09,9.791017174208085e-09,0.31645,0.17476
e7p__nwd-sizegate__s0,12,0.0001,1457.35,2.149,1.69767,1461.1966699999998,0.1384,1.384e-05,9.496689196143686e-09,9.471688708406379e-09,0.3363,0.18175
e7p__nwd-sizegate__s0,13,0.0001,1443.52,2.12153,1.69769,1447.3392199999998,0.13924,1.3924000000000001e-05,9.645865661715806e-09,9.620412276259606e-09,0.34019,0.19013
e7p__nwd-sizegate__s0,14,0.0001,1425.84,2.08681,1.69117,1429.61798,0.1509,1.5090000000000001e-05,1.0583235145598386e-08,1.0555267358906609e-08,0.35197,0.19538
e7p__nwd-sizegate__s0,15,0.0001,1391.4,2.05999,1.66738,1395.1273700000002,0.15148,1.5148000000000001e-05,1.0886876527238752e-08,1.0857789995188755e-08,0.3745,0.20801
e7p__nwd-sizegate__s0,16,0.0001,1388.11,1.99066,1.64313,1391.7437899999998,0.14592,1.4592e-05,1.0512135205423203e-08,1.0484688420991628e-08,0.3663,0.20688
e7p__nwd-sizegate__s0,17,0.0001,1359.67,2.02257,1.66951,1363.36208,0.13939,1.3939e-05,1.0251752263416857e-08,1.0223989800273747e-08,0.35925,0.20128
e7p__nwd-sizegate__s0,18,0.0001,1405.51,1.99836,1.66983,1409.17819,0.13949,1.3949000000000001e-05,9.924511387325599e-09,9.898677185743274e-09,0.37831,0.21428
e7p__nwd-sizegate__s0,19,0.0001,1326.1,1.97802,1.63596,1329.71398,0.1376,1.376e-05,1.0376291380740519e-08,1.0348090045650268e-08,0.39847,0.22587
e7p__nwd-sizegate__s0,20,0.0001,1342.36,1.9731,1.63502,1345.9681199999998,0.13596,1.3596e-05,1.0128430525343426e-08,1.0101279367597504e-08,0.39837,0.22433
e7p__nwd-sizegate__s0,21,0.0001,1343.0,1.91454,1.62374,1346.53828,0.13841,1.3841000000000002e-05,1.0306031273268803e-08,1.0278950257544852e-08,0.41004,0.22968
e7p__nwd-sizegate__s0,22,0.0001,1307.48,1.90902,1.61557,1311.00459,0.13508,1.3508000000000002e-05,1.0331324379722826e-08,1.0303548975370103e-08,0.41292,0.23844
e7p__nwd-sizegate__s0,23,0.0001,1312.04,1.86732,1.60685,1315.51417,0.13039,1.3039000000000002e-05,9.937959208560717e-09,9.91171383581524e-09,0.42521,0.24305
e7p__nwd-sizegate__s0,24,0.0001,1291.53,1.85604,1.58825,1294.9742899999999,0.12419,1.2419000000000001e-05,9.615727083381727e-09,9.590151785947813e-09,0.41617,0.24194
e7p__nwd-sizegate__s0,25,0.0001,1275.28,1.84912,1.59353,1278.7226500000002,0.11838,1.1838e-05,9.282667335800767e-09,9.257676009727363e-09,0.42872,0.24972
e7p__nwd-sizegate__s0,26,0.0001,1290.19,1.83233,1.5888,1293.61113,0.11325,1.1325e-05,8.77777691657818e-09,8.754562895574345e-09,0.42064,0.2445
e7p__nwd-sizegate__s0,27,0.0001,1281.85,1.77467,1.55774,1285.18241,0.11621,1.1621e-05,9.065803331122987e-09,9.042296182687405e-09,0.44433,0.25665
e7p__nwd-sizegate__s0,28,0.0001,1262.23,1.76531,1.55465,1265.54996,0.11018,1.1018e-05,8.728995507950215e-09,8.70609643889523e-09,0.44223,0.26141
e7p__nwd-sizegate__s0,29,0.0001,1224.39,1.7668,1.56186,1227.7186600000002,0.11709,1.1709000000000001e-05,9.563129395045697e-09,9.537201299848288e-09,0.43938,0.26106
e7p__nwd-sizegate__s0,30,0.0001,1258.07,1.72757,1.544,1261.34157,0.11932,1.1932e-05,9.484368914289349e-09,9.45976909331546e-09,0.45568,0.26662
e7p__nwd-sizegate__s0,31,0.0001,1229.48,1.71118,1.53269,1232.72387,0.12002,1.2002000000000001e-05,9.761850538439016e-09,9.736162568183255e-09,0.46716,0.2737
e7p__nwd-sizegate__s0,32,0.0001,1229.89,1.69343,1.52686,1233.11029,0.11455,1.1455000000000001e-05,9.31384107521811e-09,9.289517809473474e-09,0.4601,0.26634
e7p__nwd-sizegate__s0,33,0.0001,1213.92,1.70591,1.52694,1217.15285,0.11795,1.1795e-05,9.716455779623038e-09,9.690648138399381e-09,0.46754,0.27223
e7p__nwd-sizegate__s0,34,0.0001,1227.32,1.64202,1.50351,1230.46553,0.11251,1.1251000000000001e-05,9.167128377277322e-09,9.143693769300471e-09,0.47088,0.27854
e7p__nwd-sizegate__s0,35,0.0001,1198.22,1.67669,1.50302,1201.3997100000001,0.10835,1.0835e-05,9.042579826743003e-09,9.018647091233275e-09,0.46249,0.26878
e7p__nwd-sizegate__s0,36,0.0001,1222.08,1.6683,1.51361,1225.26191,0.11377,1.1377e-05,9.30953783713014e-09,9.285361690546635e-09,0.48461,0.28595
e7p__nwd-sizegate__s0,37,0.0001,1232.01,1.64205,1.50397,1235.15602,0.12803,1.2803000000000001e-05,1.0391961104211817e-08,1.036549212624977e-08,0.49188,0.29655
e7p__nwd-sizegate__s0,38,0.0001,1177.97,1.61128,1.4722,1181.05348,0.13142,1.3142000000000002e-05,1.1156481064882808e-08,1.1127353860385731e-08,0.48369,0.28706
e7p__nwd-sizegate__s0,39,0.0001,1178.32,1.62601,1.48738,1181.43339,0.13138,1.3138e-05,1.1149772557539548e-08,1.1120389952750532e-08,0.49656,0.29395
e7p__nwd-sizegate__s0,40,0.0001,1164.24,1.61185,1.48554,1167.33739,0.13659,1.3659e-05,1.1732117089259946e-08,1.170098732124052e-08,0.50055,0.2976
e7p__nwd-sizegate__s0,41,0.0001,1175.19,1.59008,1.46985,1178.24993,0.14965,1.4965000000000002e-05,1.2734111079910484e-08,1.2701040432058419e-08,0.48643,0.29285
e7p__nwd-sizegate__s0,42,0.0001,1172.11,1.57124,1.46419,1175.1454299999998,0.14009,1.4009e-05,1.1951949902312923e-08,1.192107771716391e-08,0.50045,0.29733
e7p__nwd-sizegate__s0,43,0.0001,1156.52,1.54006,1.44898,1159.50904,0.13872,1.3872000000000002e-05,1.1994604503164668e-08,1.196368421586433e-08,0.49416,0.29477
e7p__nwd-sizegate__s0,44,0.0001,1150.22,1.56117,1.4502,1153.23137,0.13689,1.3689000000000002e-05,1.1901201509276488e-08,1.18701245527166e-08,0.50243,0.30177
e7p__nwd-sizegate__s0,45,0.0001,1121.83,1.51704,1.4362,1124.78324,0.1384,1.384e-05,1.2336985104695008e-08,1.2304593016517565e-08,0.50902,0.30691
e7p__nwd-sizegate__s0,46,0.0001,1171.44,1.5115,1.43422,1174.3857200000002,0.13255,1.3255000000000001e-05,1.1315133510892578e-08,1.128675168155144e-08,0.50892,0.30282
e7p__nwd-sizegate__s0,47,0.0001,1102.4,1.49979,1.42717,1105.32696,0.12874,1.2874e-05,1.1678156748911465e-08,1.1647232417094033e-08,0.50836,0.30462
e7p__nwd-sizegate__s0,48,0.0001,1124.77,1.50008,1.42797,1127.69805,0.12593,1.2593e-05,1.1196066751424736e-08,1.1166996342682335e-08,0.51389,0.31169
e7p__nwd-sizegate__s0,49,0.0001,1138.88,1.49865,1.42328,1141.80193,0.13109,1.3109000000000001e-05,1.1510431300927227e-08,1.1480975513852915e-08,0.51992,0.31482
e7p__nwd-sizegate__s0,50,0.0001,1114.43,1.4832,1.40897,1117.32217,0.14259,1.4259e-05,1.2794881688396759e-08,1.2761762348275969e-08,0.51538,0.31126
e7p__nwd-sizegate__s0,51,0.0001,1114.02,1.46935,1.41002,1116.89937,0.13683,1.3683000000000001e-05,1.2282544299025153e-08,1.2250879862166992e-08,0.52751,0.3224
e7p__nwd-sizegate__s0,52,0.0001,1074.21,1.46306,1.40137,1077.0744300000001,0.13741,1.3741000000000001e-05,1.2791726012604613e-08,1.275770700451964e-08,0.52437,0.31468
e7p__nwd-sizegate__s0,53,0.0001,1087.44,1.44342,1.38915,1090.27257,0.13711,1.3711000000000001e-05,1.2608511733980726e-08,1.2575754336367464e-08,0.51631,0.31172
e7p__nwd-sizegate__s0,54,0.0001,1050.79,1.44458,1.39139,1053.62597,0.137,1.3700000000000001e-05,1.303780964797914e-08,1.3002716704107056e-08,0.52917,0.31422
e7p__nwd-sizegate__s0,55,0.0001,1042.91,1.44014,1.38252,1045.7326600000001,0.13194,1.3194000000000001e-05,1.265113959977371e-08,1.261699142111522e-08,0.53605,0.32649
e7p__nwd-sizegate__s0,56,0.0001,1081.7,1.40824,1.37155,1084.47979,0.1326,1.326e-05,1.2258482019044098e-08,1.2227060496904234e-08,0.53029,0.31835
e7p__nwd-sizegate__s0,57,0.0001,1085.52,1.4197,1.38395,1088.3236499999998,0.13149,1.3149e-05,1.2113088657970375e-08,1.2081883913852284e-08,0.53541,0.32063
e7p__nwd-sizegate__s0,58,0.0001,1068.92,1.38139,1.36065,1071.6620400000002,0.13217,1.3217000000000002e-05,1.2364816824458332e-08,1.2333179217582438e-08,0.53801,0.32473
e7p__nwd-sizegate__s0,59,0.0001,1020.12,1.37927,1.36002,1022.85929,0.13559,1.3559e-05,1.3291573540367799e-08,1.3255977760147245e-08,0.54224,0.32641
e7p__nwd-sizegate__s0,60,0.0001,1057.95,1.36109,1.34812,1060.6592100000003,0.14249,1.4249000000000002e-05,1.346850040172031e-08,1.3434098215203353e-08,0.53604,0.32283
e7p__nwd-sizegate__s0,61,0.0001,1024.49,1.36257,1.35291,1027.20548,0.14724,1.4724000000000002e-05,1.4372029009555976e-08,1.4334035679015264e-08,0.54491,0.32806
e7p__nwd-sizegate__s0,62,0.0001,1008.61,1.34433,1.33541,1011.28974,0.14163,1.4163000000000001e-05,1.404209754017906e-08,1.4004888450663012e-08,0.53866,0.32636
e7p__nwd-sizegate__s0,63,0.0001,997.274,1.33987,1.3386,999.9524700000001,0.14586,1.4585999999999999e-05,1.4625870121952442e-08,1.458669330553281e-08,0.54404,0.32859
e7p__nwd-sizegate__s0,64,0.0001,1037.33,1.314,1.31866,1039.96266,0.14359,1.4359000000000001e-05,1.3842268130681656e-08,1.3807226501766903e-08,0.55171,0.33541
e7p__nwd-sizegate__s0,65,0.0001,1013.13,1.32289,1.32693,1015.77982,0.14196,1.4196000000000001e-05,1.4012022149181251e-08,1.3975469605214249e-08,0.55879,0.33737
e7p__nwd-sizegate__s0,66,0.0001,1010.11,1.31574,1.31547,1012.74121,0.14492,1.4492e-05,1.4346952312124422e-08,1.4309677395274552e-08,0.55606,0.3377
e7p__nwd-sizegate__s0,67,0.0001,986.932,1.29809,1.30769,989.53778,0.14793,1.4793e-05,1.4988874613448546e-08,1.4949403953025422e-08,0.56134,0.33912
e7p__nwd-sizegate__s0,68,0.0001,978.458,1.29568,1.30445,981.0581299999999,0.14901,1.4901000000000002e-05,1.5229064507623223e-08,1.518870242683785e-08,0.56346,0.33938
e7p__nwd-sizegate__s0,69,0.0001,1005.06,1.27563,1.28706,1007.6226899999999,0.15198,1.5198000000000001e-05,1.5121485284460632e-08,1.508302676272604e-08,0.56281,0.34035
e7p__nwd-sizegate__s0,70,0.0001,956.719,1.27798,1.28778,959.28476,0.15154,1.5154000000000001e-05,1.583955163428342e-08,1.5797186228623085e-08,0.5651,0.3412
e7p__nwd-sizegate__s0,71,0.0001,992.344,1.25882,1.28832,994.8911400000001,0.152,1.52e-05,1.5317269011552445e-08,1.5278053436077436e-08,0.56847,0.3437
e7p__nwd-sizegate__s0,72,0.0001,969.83,1.23418,1.27359,972.3377700000001,0.15197,1.5197e-05,1.5669756555272573e-08,1.562934246604449e-08,0.56978,0.34382
e7p__nwd-sizegate__s0,73,0.0001,933.117,1.25118,1.28077,935.6489499999999,0.15115,1.5115000000000002e-05,1.6198397414257806e-08,1.6154563097623318e-08,0.56761,0.34325
e7p__nwd-sizegate__s0,74,0.0001,961.446,1.2255,1.2703,963.9418000000001,0.15152,1.5152e-05,1.575959544269777e-08,1.571879132121877e-08,0.57022,0.34303
e7p__nwd-sizegate__s0,75,0.0001,980.077,1.2275,1.27049,982.57499,0.1533,1.533e-05,1.5641628157787603e-08,1.5601862612033306e-08,0.5725,0.34474
e7p__nwd-sizegate__s0,76,0.0001,950.163,1.23441,1.26177,952.65918,0.15866,1.5866e-05,1.6698187574132016e-08,1.6654434590133275e-08,0.57047,0.34638
e7p__nwd-sizegate__s0,77,0.0001,926.863,1.21701,1.25998,929.3399900000001,0.16506,1.6506e-05,1.780845712904712e-08,1.776099186262285e-08,0.57566,0.35212
e7p__nwd-sizegate__s0,78,0.0001,944.921,1.21936,1.25751,947.3978700000001,0.16725,1.6725000000000003e-05,1.7699892371954906e-08,1.7653617903954125e-08,0.57147,0.34773
e7p__nwd-sizegate__s0,79,0.0001,925.312,1.2012,1.26069,927.7738899999999,0.16977,1.6977e-05,1.834732501037488e-08,1.8298639553221313e-08,0.58185,0.35314
e7p__nwd-sizegate__s0,80,0.0001,923.431,1.20483,1.2514,925.88723,0.16525,1.6525000000000002e-05,1.7895219025568778e-08,1.7847745885856964e-08,0.57478,0.34702
e7p__nwd-sizegate__s0,81,0.0001,898.749,1.19779,1.23688,901.1836700000001,0.16239,1.6239e-05,1.806844847671597e-08,1.8019634110769008e-08,0.57028,0.34607
e7p__nwd-sizegate__s0,82,0.0001,897.032,1.18638,1.2368,899.45518,0.16512,1.6512e-05,1.8407370082672635e-08,1.83577796505658e-08,0.57369,0.3487
e7p__nwd-sizegate__s0,83,0.0001,917.994,1.16348,1.23407,920.39155,0.1665,1.665e-05,1.8137373446885274e-08,1.80901269682452e-08,0.57515,0.34896
e7p__nwd-sizegate__s0,84,0.0001,909.423,1.16905,1.22962,911.8216699999999,0.16367,1.6367e-05,1.7997125650000056e-08,1.7949781781343277e-08,0.57536,0.35044
e7p__nwd-sizegate__s0,85,0.0001,888.458,1.14888,1.22293,890.82981,0.16564,1.6564000000000003e-05,1.864353745478121e-08,1.8593899546311775e-08,0.57646,0.34957
e7p__nwd-sizegate__s0,86,0.0001,872.133,1.16706,1.23154,874.5316,0.15945,1.5945e-05,1.828276191819367e-08,1.8232617323376307e-08,0.57313,0.34792
e7p__nwd-sizegate__s0,87,0.0001,869.349,1.17056,1.22633,871.74589,0.15826,1.5826e-05,1.8204426530656846e-08,1.8154372944620365e-08,0.58112,0.35312
e7p__nwd-sizegate__s0,88,0.0001,880.171,1.15247,1.22456,882.54803,0.15581,1.5581000000000002e-05,1.770224195071185e-08,1.7654563230966593e-08,0.57862,0.35332
e7p__nwd-sizegate__s0,89,0.0001,844.462,1.15397,1.22184,846.83781,0.15823,1.5823e-05,1.8737373617759e-08,1.8684805771721506e-08,0.57846,0.35145
e7p__nwd-sizegate__s0,90,0.0001,861.03,1.12671,1.20286,863.35957,0.16158,1.6158e-05,1.876589665865301e-08,1.871526135975999e-08,0.58274,0.35361
e7p__nwd-sizegate__s0,91,0.0001,426.536,1.03298,1.18446,428.75344,0.1593,1.593e-05,3.734737513363468e-08,3.715422085009977e-08,0.5743,0.34794
e7p__nwd-sizegate__s0,92,0.0001,409.027,0.96693,1.16011,411.15403999999995,0.15964,1.5964e-05,3.9029208340769684e-08,3.8827296942041486e-08,0.58348,0.35506
e7p__nwd-sizegate__s0,93,0.0001,403.935,0.96063,1.15282,406.04845,0.16045,1.6045000000000003e-05,3.9721737408246384e-08,3.9514988913268855e-08,0.5831,0.35611
e7p__nwd-sizegate__s0,94,0.0001,397.579,0.9524,1.14222,399.67362,0.16241,1.6241e-05,4.0849743069930755e-08,4.0635656664055034e-08,0.58234,0.35597
e7p__nwd-sizegate__s0,95,0.0001,396.129,0.93546,1.14367,398.20813,0.16022,1.6022e-05,4.044642023179318e-08,4.023524080234123e-08,0.58571,0.35867
e7p__nwd-sizegate__s0,96,0.0001,393.407,0.93555,1.13995,395.48249999999996,0.15921,1.5921e-05,4.046953917952655e-08,4.025715423564886e-08,0.58886,0.36143
e7p__nwd-sizegate__s0,97,0.0001,388.132,0.92413,1.13465,390.19078,0.1609,1.609e-05,4.145496892809663e-08,4.1236238334488575e-08,0.59133,0.36148
e7p__nwd-sizegate__s0,98,0.0001,389.554,0.91901,1.13417,391.60717999999997,0.16214,1.6214e-05,4.16219574179703e-08,4.1403735243056584e-08,0.58806,0.35974
e7p__nwd-sizegate__s0,99,0.0001,386.853,0.91872,1.13403,388.90575,0.16203,1.6203e-05,4.188412652868144e-08,4.166305075201383e-08,0.58975,0.3612
e7p__nwd-sizegate__s0,100,0.0001,382.855,0.90362,1.12249,384.88111000000004,0.16249,1.6249e-05,4.244165545702681e-08,4.221823201455639e-08,0.59027,0.36082
