epoch,module,gamma,L_mean,L_std_spatial,L_min,L_max,L_sat_frac,run
0,model.10,0.0010906391544267,0.5093271732330322,0.0944307446479797,0.1866455078125,0.83642578125,0.0,e2p__postsppf__s1
1,model.10,-0.0002078609686577,0.5069857835769653,0.1471340954303741,0.08978271484375,0.9697265625,0.0,e2p__postsppf__s1
2,model.10,-0.0009318655356764,0.5046465992927551,0.1888309270143509,0.0090560913085937,0.97412109375,0.0006249999860301,e2p__postsppf__s1
3,model.10,0.0023156064562499,0.4982158839702606,0.2142596840858459,0.0054054260253906,0.98095703125,0.0040624998509883,e2p__postsppf__s1
4,model.10,-0.001503016334027,0.5210017561912537,0.2231088131666183,0.003854751586914,0.97998046875,0.0046874997206032,e2p__postsppf__s1
5,model.10,0.0018171964911743,0.5501518249511719,0.245760828256607,0.0039596557617187,0.994140625,0.0084374994039535,e2p__postsppf__s1
6,model.10,0.0009940706659108,0.5747650861740112,0.2816967368125915,0.0017957687377929,0.99951171875,0.0531249977648258,e2p__postsppf__s1
7,model.10,-0.0004350479866843,0.5943125486373901,0.2796094417572021,0.0009040832519531,1.0,0.0621875002980232,e2p__postsppf__s1
8,model.10,0.0003329962491989,0.5974159836769104,0.2868465185165405,0.0007319450378417,1.0,0.0518749989569187,e2p__postsppf__s1
9,model.10,-0.0015672399895265,0.611107587814331,0.2775535583496094,0.0015125274658203,0.99951171875,0.0709374994039535,e2p__postsppf__s1
10,model.10,-2.3292945115827024e-05,0.6125732064247131,0.2858902513980865,0.0017004013061523,1.0,0.0759374946355819,e2p__postsppf__s1
11,model.10,0.0010873118881136,0.6054947376251221,0.2869472801685333,0.0002217292785644,1.0,0.0965624973177909,e2p__postsppf__s1
12,model.10,-0.0013579803053289,0.6176464557647705,0.2832286059856415,0.0001088976860046,0.99951171875,0.0968749970197677,e2p__postsppf__s1
13,model.10,5.4036434448789805e-05,0.6167068481445312,0.2886006832122803,0.0002434253692626,0.99951171875,0.0775000005960464,e2p__postsppf__s1
14,model.10,-0.0008330729906447,0.6564456224441528,0.2926473617553711,0.0005092620849609,1.0,0.109375,e2p__postsppf__s1
15,model.10,0.0048216739669442,0.6592174172401428,0.3093778192996979,1.2636184692382812e-05,1.0,0.1628125011920929,e2p__postsppf__s1
16,model.10,-0.0020910988096147,0.6483103036880493,0.2976998090744018,0.0001511573791503,1.0,0.2034374922513961,e2p__postsppf__s1
17,model.10,-0.0010030791163444,0.6555917859077454,0.2909518778324127,1.2099742889404295e-05,1.0,0.2259375005960464,e2p__postsppf__s1
18,model.10,0.0025038083549588,0.6533297300338745,0.3084426820278168,8.046627044677734e-06,1.0,0.2003124952316284,e2p__postsppf__s1
19,model.10,-0.0029746443033218,0.6591102480888367,0.3178834319114685,3.618001937866211e-05,1.0,0.2184374928474426,e2p__postsppf__s1
20,model.10,-0.00084715266712,0.6735976934432983,0.3038580417633056,2.026557922363281e-06,1.0,0.2587499916553497,e2p__postsppf__s1
21,model.10,-0.0003702516842167,0.678657054901123,0.2990244626998901,2.390146255493164e-05,1.0,0.1737499982118606,e2p__postsppf__s1
22,model.10,0.0014837215421721,0.7054896950721741,0.3005105853080749,1.2695789337158205e-05,1.0,0.1921875029802322,e2p__postsppf__s1
23,model.10,-0.0004087057895958,0.7073612809181213,0.3053345382213592,2.682209014892578e-06,1.0,0.2134374976158142,e2p__postsppf__s1
24,model.10,-0.0006012768717482,0.7036967277526855,0.3190857172012329,3.534555435180664e-05,1.0,0.2365624904632568,e2p__postsppf__s1
25,model.10,0.0004847095406148,0.6940096616744995,0.2973977327346802,9.894371032714844e-06,1.0,0.2290624976158142,e2p__postsppf__s1
26,model.10,-0.0002937115496024,0.7067474722862244,0.2945722341537475,0.000251293182373,1.0,0.1756249964237213,e2p__postsppf__s1
27,model.10,-0.0023416900075972,0.7041509747505188,0.2936558127403259,1.2993812561035156e-05,1.0,0.2181250005960464,e2p__postsppf__s1
28,model.10,-0.0002575617399998,0.6943600177764893,0.3252385854721069,3.975629806518555e-05,1.0,0.2331250011920929,e2p__postsppf__s1
29,model.10,-0.0010038616601377,0.7067592740058899,0.296722263097763,1.430511474609375e-06,1.0,0.2043749988079071,e2p__postsppf__s1
30,model.10,0.0028336003888398,0.7072640657424927,0.2948716878890991,0.0001150369644165,1.0,0.2337500005960464,e2p__postsppf__s1
31,model.10,0.0025741492863744,0.7213824987411499,0.2896909117698669,8.463859558105469e-06,1.0,0.2146874964237213,e2p__postsppf__s1
32,model.10,-0.0011158944107592,0.7262089252471924,0.2886124849319458,0.000180959701538,1.0,0.2128124982118606,e2p__postsppf__s1
33,model.10,-0.0011863230029121,0.6967964172363281,0.3230375051498413,4.57763671875e-05,1.0,0.2662499845027923,e2p__postsppf__s1
34,model.10,-0.0006543063209392,0.7129362225532532,0.3017900586128235,3.737211227416992e-05,1.0,0.2562499940395355,e2p__postsppf__s1
35,model.10,-0.0020012066233903,0.6948347091674805,0.3106037974357605,5.561113357543945e-05,1.0,0.2481250017881393,e2p__postsppf__s1
36,model.10,0.0020546442829072,0.710131049156189,0.3182267248630523,4.684925079345703e-05,1.0,0.2671875059604645,e2p__postsppf__s1
37,model.10,-7.06932696630247e-05,0.7281857132911682,0.2910655438899994,2.443790435791016e-06,1.0,0.2874999940395355,e2p__postsppf__s1
38,model.10,-0.0004654801741708,0.6881750226020813,0.3100452423095703,1.6987323760986328e-05,1.0,0.2687499821186065,e2p__postsppf__s1
39,model.10,0.0033207014203071,0.6980280876159668,0.3091914057731628,1.1205673217773438e-05,1.0,0.2699999809265136,e2p__postsppf__s1
40,model.10,0.0014382258523255,0.7030784487724304,0.306704580783844,5.143880844116211e-05,1.0,0.2743749916553497,e2p__postsppf__s1
41,model.10,-0.0013727629557251,0.7158595323562622,0.2928853332996368,0.0001293420791625,1.0,0.2543749809265136,e2p__postsppf__s1
42,model.10,-0.0004304957983549,0.7123730182647705,0.2966945171356201,1.788139343261719e-07,1.0,0.2606250047683716,e2p__postsppf__s1
43,model.10,0.0033365238923579,0.7037307620048523,0.3111331462860107,3.319978713989258e-05,1.0,0.2834374904632568,e2p__postsppf__s1
44,model.10,0.0012750439345836,0.7123110890388489,0.2941233515739441,3.820657730102539e-05,1.0,0.2721875011920929,e2p__postsppf__s1
45,model.10,-0.0022693576756864,0.6984185576438904,0.3254052996635437,0.0001366138458251,1.0,0.2693749964237213,e2p__postsppf__s1
46,model.10,-0.0029828487895429,0.7080938816070557,0.2793270349502563,5.692243576049805e-05,1.0,0.3059374988079071,e2p__postsppf__s1
47,model.10,2.1175495930947363e-05,0.6861253380775452,0.3288652598857879,7.033348083496094e-06,1.0,0.2906250059604645,e2p__postsppf__s1
48,model.10,0.0004408454988151,0.6886642575263977,0.31449955701828,9.5367431640625e-05,1.0,0.3075000047683716,e2p__postsppf__s1
49,model.10,-0.000211588689126,0.6800096035003662,0.3171329498291015,9.953975677490234e-06,1.0,0.3059374988079071,e2p__postsppf__s1
50,model.10,0.0005371769075281,0.7023385167121887,0.3180708289146423,0.0002251863479614,1.0,0.3178125023841858,e2p__postsppf__s1
51,model.10,9.574587238603272e-06,0.6835655570030212,0.3214249610900879,0.0001686811447143,1.0,0.2790624797344208,e2p__postsppf__s1
52,model.10,0.00214563915506,0.7103666663169861,0.3208079934120178,7.748603820800781e-07,1.0,0.2971875071525574,e2p__postsppf__s1
53,model.10,-0.0006129046087153,0.7008535861968994,0.322420060634613,0.0001205205917358,1.0,0.2953124940395355,e2p__postsppf__s1
54,model.10,-0.0017763982759788,0.6927366256713867,0.3270944356918335,0.0002472400665283,1.0,0.3028124868869781,e2p__postsppf__s1
55,model.10,0.0002258089807583,0.7275229692459106,0.2739128172397613,9.459257125854492e-05,1.0,0.2965624928474426,e2p__postsppf__s1
56,model.10,0.0009448719210922,0.7061613202095032,0.3095413446426391,0.0004355907440185,1.0,0.2853125035762787,e2p__postsppf__s1
57,model.10,0.0002246664662379,0.7085124254226685,0.3120587766170501,4.649162292480469e-05,1.0,0.2971875071525574,e2p__postsppf__s1
58,model.10,-0.001764599001035,0.7123962044715881,0.2970103621482849,8.684396743774414e-05,1.0,0.3112500011920929,e2p__postsppf__s1
59,model.10,-0.0004475693567655,0.7155168056488037,0.3011307120323181,0.0001293420791625,1.0,0.3137499988079071,e2p__postsppf__s1
60,model.10,0.0004969405126757,0.7199792265892029,0.3115631341934204,0.0003302097320556,1.0,0.2771874964237213,e2p__postsppf__s1
61,model.10,0.0011498138774186,0.7144457101821899,0.3033385872840881,0.0007410049438476,1.0,0.3121874928474426,e2p__postsppf__s1
62,model.10,2.436239446979016e-05,0.738644540309906,0.2796009182929992,0.0003697872161865,1.0,0.2971875071525574,e2p__postsppf__s1
63,model.10,0.0006770655163563,0.7336075901985168,0.2832983434200287,0.0001660585403442,1.0,0.3087500035762787,e2p__postsppf__s1
64,model.10,0.0004822413902729,0.7394768595695496,0.2821828722953796,0.0008459091186523,1.0,0.2956250011920929,e2p__postsppf__s1
65,model.10,0.0001418689353158,0.7556827664375305,0.2840423583984375,0.0001780986785888,1.0,0.2996875047683716,e2p__postsppf__s1
66,model.10,-0.0008136281976476,0.7349438071250916,0.2915612161159515,0.0002359151840209,1.0,0.3343749940395355,e2p__postsppf__s1
67,model.10,-0.0006346887093968,0.7196321487426758,0.2876101732254028,0.0005931854248046,1.0,0.3128125071525574,e2p__postsppf__s1
68,model.10,-0.0001158914528787,0.7204964756965637,0.3104052543640136,0.0006237030029296,1.0,0.2946874797344208,e2p__postsppf__s1
69,model.10,-0.0003564629878383,0.7240535020828247,0.30979984998703,0.0005745887756347,1.0,0.2974999845027923,e2p__postsppf__s1
70,model.10,0.00073746626731,0.7268559336662292,0.2858650088310241,0.0001123547554016,1.0,0.3703124821186065,e2p__postsppf__s1
71,model.10,0.0020827611442655,0.7284914255142212,0.3226570188999176,0.0004477500915527,1.0,0.3368749916553497,e2p__postsppf__s1
72,model.10,0.0015355083160102,0.7199493050575256,0.3059877157211303,0.0003981590270996,1.0,0.3637499809265136,e2p__postsppf__s1
73,model.10,0.0012993075652047,0.7175489068031311,0.2935747802257538,0.001713752746582,1.0,0.3284375071525574,e2p__postsppf__s1
74,model.10,0.0004854636208619,0.7356391549110413,0.3033407330513,5.4776668548583984e-05,1.0,0.3559374809265136,e2p__postsppf__s1
75,model.10,0.0010249884799122,0.7178709506988525,0.316895455121994,0.0013151168823242,1.0,0.3515625,e2p__postsppf__s1
76,model.10,0.000316435995046,0.7570709586143494,0.2816666960716247,0.0003054141998291,1.0,0.3524999916553497,e2p__postsppf__s1
77,model.10,0.0002660924510564,0.7272939682006836,0.3062167763710022,0.0004076957702636,1.0,0.3468749821186065,e2p__postsppf__s1
78,model.10,0.0009234430035576,0.7527438402175903,0.3010179400444031,0.0009622573852539,1.0,0.3368749916553497,e2p__postsppf__s1
79,model.10,0.001227181055583,0.7341139912605286,0.3261550366878509,0.0002033710479736,1.0,0.3509374856948852,e2p__postsppf__s1
80,model.10,0.0012734992196783,0.7430905103683472,0.2999880909919739,6.556510925292969e-06,1.0,0.3378124833106994,e2p__postsppf__s1
81,model.10,0.0007142139947973,0.7325167655944824,0.310871422290802,8.153915405273438e-05,1.0,0.3234374821186065,e2p__postsppf__s1
82,model.10,0.000950536923483,0.7168987989425659,0.3396281003952026,0.0006537437438964,1.0,0.3928124904632568,e2p__postsppf__s1
83,model.10,0.0005064589786343,0.7389993071556091,0.3008079528808594,3.0994415283203125e-06,1.0,0.3434374928474426,e2p__postsppf__s1
84,model.10,0.0009966361103579,0.7483539581298828,0.2832258641719818,0.0001740455627441,1.0,0.3143749833106994,e2p__postsppf__s1
85,model.10,0.0009599759359844,0.7370136976242065,0.3141332864761352,0.0001523494720458,1.0,0.3487499952316284,e2p__postsppf__s1
86,model.10,0.0019858661107718,0.7292517423629761,0.3050090670585632,7.086992263793945e-05,1.0,0.3312499821186065,e2p__postsppf__s1
87,model.10,0.0014784381492063,0.7189140319824219,0.3158715367317199,6.711483001708984e-05,1.0,0.3459374904632568,e2p__postsppf__s1
88,model.10,0.001001188182272,0.7231870293617249,0.2931642532348633,5.3048133850097656e-05,1.0,0.3178125023841858,e2p__postsppf__s1
89,model.10,0.0013869905378669,0.7224121689796448,0.3025107979774475,6.204843521118164e-05,1.0,0.3234374821186065,e2p__postsppf__s1
90,model.10,0.001777711440809,0.7524016499519348,0.2957191467285156,5.9664249420166016e-05,1.0,0.3021875023841858,e2p__postsppf__s1
91,model.10,0.0019695332739502,0.7354438900947571,0.2993272542953491,0.0008559226989746,1.0,0.3365624845027923,e2p__postsppf__s1
92,model.10,0.0020409799180924,0.7266413569450378,0.3120765686035156,6.920099258422852e-05,1.0,0.3199999928474426,e2p__postsppf__s1
93,model.10,0.002001179382205,0.7486544847488403,0.283049076795578,9.608268737792967e-05,1.0,0.3462499976158142,e2p__postsppf__s1
94,model.10,0.0019732122309505,0.7320044040679932,0.2973045706748962,1.6987323760986328e-05,1.0,0.3231250047683716,e2p__postsppf__s1
95,model.10,0.0026852332521229,0.7206792831420898,0.3082091808319092,4.756450653076172e-05,1.0,0.3340624868869781,e2p__postsppf__s1
96,model.10,0.002866385038942,0.74925696849823,0.2859087586402893,0.0001634359359741,1.0,0.3393749892711639,e2p__postsppf__s1
97,model.10,0.0029097399674355,0.727047324180603,0.308599442243576,0.0005679130554199,1.0,0.3346875011920929,e2p__postsppf__s1
98,model.10,0.0030677593313157,0.7429159283638,0.314139574766159,3.451108932495117e-05,1.0,0.356249988079071,e2p__postsppf__s1
99,model.10,0.0032430321443825,0.7549850344657898,0.2973504960536957,0.0001956224441528,1.0,0.3371874988079071,e2p__postsppf__s1
100,model.10,0.0032430321443825,0.7549850344657898,0.2973504960536957,0.0001956224441528,1.0,0.3371874988079071,e2p__postsppf__s1
0,model.10,1.5602414350723848e-05,0.4829925000667572,0.0761381089687347,0.227783203125,0.83349609375,0.0,e2p__postsppf__s2
1,model.10,-0.0056798197329044,0.5219807028770447,0.2162876427173614,0.07696533203125,0.99658203125,0.0084374994039535,e2p__postsppf__s2
2,model.10,0.0009192946599796,0.5488703846931458,0.2390675991773605,0.0034160614013671,0.98095703125,0.0228124987334013,e2p__postsppf__s2
3,model.10,-0.0013050611596554,0.5260111689567566,0.2383596748113632,0.0049629211425781,0.99755859375,0.0096875000745058,e2p__postsppf__s2
4,model.10,0.0017188894562423,0.5247082710266113,0.2222199141979217,0.0135345458984375,0.99365234375,0.0106250001117587,e2p__postsppf__s2
5,model.10,-0.0029745067004114,0.5435464382171631,0.2396602630615234,0.0041656494140625,0.99462890625,0.0090624997392296,e2p__postsppf__s2
6,model.10,0.0042637498117983,0.5251269340515137,0.2492299228906631,0.0046272277832031,0.99951171875,0.0140624996274709,e2p__postsppf__s2
7,model.10,-0.0002079308178508,0.5318439602851868,0.2551754117012024,0.000521183013916,0.99951171875,0.0587499998509883,e2p__postsppf__s2
8,model.10,0.002921592677012,0.5575544834136963,0.2687890529632568,0.0002002716064453,0.99951171875,0.0640624985098838,e2p__postsppf__s2
9,model.10,-0.0013745288597419,0.5892112851142883,0.2918701469898224,0.0010204315185546,0.99853515625,0.0674999952316284,e2p__postsppf__s2
10,model.10,0.0006178952171467,0.5774907469749451,0.2964656352996826,0.0006313323974609,1.0,0.1099999994039535,e2p__postsppf__s2
11,model.10,0.0003896823909599,0.5903716683387756,0.2688154578208923,0.0001767873764038,0.99951171875,0.1028124988079071,e2p__postsppf__s2
12,model.10,-0.0002051500196103,0.5977259874343872,0.2679868936538696,0.0007295608520507,0.99951171875,0.0909374952316284,e2p__postsppf__s2
13,model.10,0.0011635976843535,0.5942491292953491,0.2926295399665832,0.0031242370605468,0.9990234375,0.0518749989569187,e2p__postsppf__s2
14,model.10,0.0024272708687931,0.6028890609741211,0.2622383832931518,0.0004339218139648,1.0,0.0718749985098838,e2p__postsppf__s2
15,model.10,-0.0025817959103733,0.5912530422210693,0.2518897354602813,0.0016231536865234,1.0,0.0959374979138374,e2p__postsppf__s2
16,model.10,0.0009691989980638,0.580302894115448,0.2875570654869079,0.001810073852539,1.0,0.0981249958276748,e2p__postsppf__s2
17,model.10,0.0011570530477911,0.5799368619918823,0.2694781422615051,0.0006566047668457,0.9990234375,0.1103124991059303,e2p__postsppf__s2
18,model.10,-0.0028625119011849,0.5854794979095459,0.2937799096107483,8.887052536010742e-05,1.0,0.0906249955296516,e2p__postsppf__s2
19,model.10,0.0006886000046506,0.6083762049674988,0.3063370585441589,4.0531158447265625e-06,0.99951171875,0.0909374952316284,e2p__postsppf__s2
20,model.10,-0.0001639407128095,0.6008182168006897,0.2766656875610351,0.000476598739624,0.99951171875,0.1103124991059303,e2p__postsppf__s2
21,model.10,-0.0012752838665619,0.587160587310791,0.3024072051048279,4.649162292480469e-05,0.9990234375,0.0981249958276748,e2p__postsppf__s2
22,model.10,0.0031949791591614,0.5831056833267212,0.3247679471969604,2.568960189819336e-05,1.0,0.1284375041723251,e2p__postsppf__s2
23,model.10,-0.0039768954738974,0.6065982580184937,0.2993266880512237,7.987022399902344e-06,0.9990234375,0.1218749955296516,e2p__postsppf__s2
24,model.10,-0.0027894510421901,0.5887226462364197,0.3252751529216766,3.594160079956055e-05,1.0,0.1681250035762787,e2p__postsppf__s2
25,model.10,0.0029055951163172,0.5984998345375061,0.2741948664188385,5.9664249420166016e-05,0.99951171875,0.1793749928474426,e2p__postsppf__s2
26,model.10,0.0003182126965839,0.6122215986251831,0.3113294839859009,0.000251293182373,1.0,0.1359374970197677,e2p__postsppf__s2
27,model.10,0.0005044207791797,0.6176605224609375,0.3173432052135467,7.867813110351562e-06,1.0,0.1843750029802322,e2p__postsppf__s2
28,model.10,0.0028146470431238,0.6205433011054993,0.3136532008647918,2.193450927734375e-05,1.0,0.1243750005960464,e2p__postsppf__s2
29,model.10,-0.002254469320178,0.640890896320343,0.3166893124580383,1.633167266845703e-05,1.0,0.1343749910593032,e2p__postsppf__s2
30,model.10,-2.6578323740977797e-05,0.6211080551147461,0.3267855048179626,0.0004239082336425,1.0,0.1424999982118606,e2p__postsppf__s2
31,model.10,0.0027698094490915,0.6309089064598083,0.3196460008621216,4.649162292480469e-05,1.0,0.1296875029802322,e2p__postsppf__s2
32,model.10,-0.0020753077697008,0.6327406764030457,0.3045281171798706,9.834766387939451e-06,1.0,0.1184374988079071,e2p__postsppf__s2
33,model.10,-3.743200431927107e-05,0.6156671643257141,0.3024551570415497,0.0003199577331542,1.0,0.1568749994039535,e2p__postsppf__s2
34,model.10,0.0028989205602556,0.6361122131347656,0.2884064316749573,5.066394805908203e-06,1.0,0.1850000023841858,e2p__postsppf__s2
35,model.10,0.0017351659480482,0.6408201456069946,0.2766372561454773,4.76837158203125e-07,1.0,0.1856250017881393,e2p__postsppf__s2
36,model.10,-0.0008236708235926,0.6020230054855347,0.3384043872356415,2.646446228027344e-05,1.0,0.194374993443489,e2p__postsppf__s2
37,model.10,-0.0006284989067353,0.6267275214195251,0.3050786554813385,3.2782554626464844e-06,1.0,0.2062499970197677,e2p__postsppf__s2
38,model.10,0.0009094793931581,0.635212779045105,0.3043519854545593,1.3113021850585938e-05,1.0,0.1715624928474426,e2p__postsppf__s2
39,model.10,0.0006795207154937,0.6355574131011963,0.3280843496322632,1.0788440704345705e-05,1.0,0.1953125,e2p__postsppf__s2
40,model.10,-0.0010225421283394,0.6320760846138,0.3156595826148987,1.0371208190917969e-05,1.0,0.1574999988079071,e2p__postsppf__s2
41,model.10,0.0001823078055167,0.6431286334991455,0.3196765780448913,2.54511833190918e-05,1.0,0.1656249910593032,e2p__postsppf__s2
42,model.10,0.0003458584833424,0.633860170841217,0.32135009765625,7.599592208862305e-05,1.0,0.1706250011920929,e2p__postsppf__s2
43,model.10,-0.0006345746223814,0.6502314805984497,0.294329285621643,1.728534698486328e-06,1.0,0.1893749982118606,e2p__postsppf__s2
44,model.10,-0.0006182909128256,0.6611176133155823,0.3006211221218109,1.0848045349121094e-05,1.0,0.1990624964237213,e2p__postsppf__s2
45,model.10,-0.0005645447527058,0.6527062654495239,0.297599732875824,5.364418029785156e-07,1.0,0.2159374952316284,e2p__postsppf__s2
46,model.10,0.0014405167894437,0.6537864804267883,0.313920646905899,0.0005397796630859,1.0,0.1884374916553497,e2p__postsppf__s2
47,model.10,0.0010303144808858,0.6501201391220093,0.3199093639850616,6.35385513305664e-05,1.0,0.1981249898672104,e2p__postsppf__s2
48,model.10,0.000431270658737,0.6753614544868469,0.2604782283306122,2.6226043701171875e-06,1.0,0.1896874904632568,e2p__postsppf__s2
49,model.10,0.0004381857288535,0.638736367225647,0.3024914562702179,0.0001442432403564,1.0,0.2124999910593032,e2p__postsppf__s2
50,model.10,-6.0809448768850416e-05,0.6523991227149963,0.2989242970943451,3.349781036376953e-05,1.0,0.155312493443489,e2p__postsppf__s2
51,model.10,0.0012640997301787,0.6556679606437683,0.3138552606105804,5.346536636352539e-05,1.0,0.1578124910593032,e2p__postsppf__s2
52,model.10,-0.0002568058553151,0.6445304751396179,0.3014588952064514,4.434585571289063e-05,1.0,0.2003124952316284,e2p__postsppf__s2
53,model.10,-0.0002906017471104,0.6509492993354797,0.3077017068862915,8.887052536010742e-05,1.0,0.1821874976158142,e2p__postsppf__s2
54,model.10,-0.0002863382687792,0.6492998600006104,0.2968043088912964,3.761053085327149e-05,1.0,0.2159374952316284,e2p__postsppf__s2
55,model.10,-0.0004939343780279,0.6551483273506165,0.3130484819412231,0.0001273155212402,1.0,0.1856250017881393,e2p__postsppf__s2
56,model.10,0.0017528889002278,0.6532391309738159,0.3351026773452759,6.157159805297852e-05,1.0,0.1890624910593032,e2p__postsppf__s2
57,model.10,0.0017028938746079,0.6679977178573608,0.2965258955955505,4.410743713378906e-06,1.0,0.1781249940395355,e2p__postsppf__s2
58,model.10,0.0007243328145705,0.6697794198989868,0.2950265109539032,9.834766387939451e-06,1.0,0.1759374886751175,e2p__postsppf__s2
59,model.10,-0.0001439374318579,0.679684042930603,0.304106593132019,1.0132789611816406e-06,1.0,0.1875,e2p__postsppf__s2
60,model.10,-0.0002668075321707,0.6470481753349304,0.3126887083053589,0.0001559257507324,1.0,0.2025000005960464,e2p__postsppf__s2
61,model.10,0.0006838956614956,0.6594664454460144,0.3112455308437347,0.0002737045288085,1.0,0.1837499886751175,e2p__postsppf__s2
62,model.10,0.0001530937879579,0.6602815389633179,0.2884825468063354,8.761882781982422e-06,1.0,0.217812493443489,e2p__postsppf__s2
63,model.10,0.0024979838635772,0.6564323902130127,0.3033889830112457,4.83393669128418e-05,1.0,0.2084375023841858,e2p__postsppf__s2
64,model.10,0.0028365771286189,0.6691099405288696,0.2952736914157867,1.5795230865478516e-05,1.0,0.2081249952316284,e2p__postsppf__s2
65,model.10,-0.0001586963480804,0.6737444996833801,0.3034687042236328,0.0002591609954833,1.0,0.2512499988079071,e2p__postsppf__s2
66,model.10,0.0005968167679384,0.6738055944442749,0.2919292449951172,0.0005035400390625,1.0,0.233437493443489,e2p__postsppf__s2
67,model.10,0.0024833756033331,0.6613480448722839,0.3170927762985229,2.372264862060547e-05,1.0,0.2328124940395355,e2p__postsppf__s2
68,model.10,0.000441951357061,0.6873487830162048,0.3080210387706756,7.748603820800781e-07,1.0,0.2203124910593032,e2p__postsppf__s2
69,model.10,0.0004040933854412,0.6805756092071533,0.2885998487472534,9.316205978393556e-05,1.0,0.225624993443489,e2p__postsppf__s2
70,model.10,0.0012264493852853,0.6791131496429443,0.2819749414920807,1.8477439880371092e-06,1.0,0.2456249892711639,e2p__postsppf__s2
71,model.10,0.0033842553384602,0.6794518828392029,0.3207283616065979,0.0009398460388183,1.0,0.209999993443489,e2p__postsppf__s2
72,model.10,0.0022697432432323,0.68553227186203,0.3042882978916168,6.252527236938477e-05,1.0,0.2481250017881393,e2p__postsppf__s2
73,model.10,0.0017195612890645,0.6777128577232361,0.3222520351409912,3.159046173095703e-06,1.0,0.223437488079071,e2p__postsppf__s2
74,model.10,0.0004877647734247,0.6954246163368225,0.2946380972862243,2.562999725341797e-06,1.0,0.1996874958276748,e2p__postsppf__s2
75,model.10,0.000286587543087,0.675247848033905,0.3066778481006622,8.344650268554688e-07,1.0,0.2271874994039535,e2p__postsppf__s2
76,model.10,0.0015529125230386,0.6833025813102722,0.3157205581665039,1.5497207641601562e-06,1.0,0.2043749988079071,e2p__postsppf__s2
77,model.10,0.001105592935346,0.6586933732032776,0.2995296716690063,0.0002359151840209,1.0,0.2199999988079071,e2p__postsppf__s2
78,model.10,0.0002641100436449,0.6906646490097046,0.2913539409637451,8.285045623779297e-05,1.0,0.2318749874830246,e2p__postsppf__s2
79,model.10,0.0016804633196443,0.659584641456604,0.3128298819065094,1.9073486328125e-06,1.0,0.2434374988079071,e2p__postsppf__s2
80,model.10,0.0017834411701187,0.6775259971618652,0.272196501493454,0.0006165504455566,1.0,0.2296874970197677,e2p__postsppf__s2
81,model.10,0.0017168029444292,0.6691278219223022,0.3005223274230957,3.11732292175293e-05,1.0,0.2446874976158142,e2p__postsppf__s2
82,model.10,0.0019836737774312,0.6701167225837708,0.2775097489356994,0.0001159310340881,1.0,0.2765624821186065,e2p__postsppf__s2
83,model.10,0.0026390159036964,0.6732218861579895,0.3151443600654602,0.0002323389053344,1.0,0.2590624988079071,e2p__postsppf__s2
84,model.10,0.0027614505961537,0.6718603372573853,0.3182464838027954,4.363059997558594e-05,1.0,0.2778124809265136,e2p__postsppf__s2
85,model.10,0.0029226918704807,0.685979425907135,0.2897117137908935,5.900859832763672e-06,1.0,0.2562499940395355,e2p__postsppf__s2
86,model.10,0.0030553024262189,0.6632443070411682,0.322399228811264,5.269050598144531e-05,1.0,0.2231249958276748,e2p__postsppf__s2
87,model.10,0.0024203900247812,0.6639793515205383,0.3173614144325256,4.684925079345703e-05,1.0,0.2471874952316284,e2p__postsppf__s2
88,model.10,0.0026594384107738,0.6809186935424805,0.302222728729248,1.2516975402832031e-06,1.0,0.2690624892711639,e2p__postsppf__s2
89,model.10,0.0026898947544395,0.6592109799385071,0.3268997073173523,6.35385513305664e-05,1.0,0.2262499928474426,e2p__postsppf__s2
90,model.10,0.0031959905754774,0.6791218519210815,0.3121530711650848,6.496906280517578e-06,1.0,0.2474999874830246,e2p__postsppf__s2
91,model.10,0.0042475662194192,0.6648081541061401,0.310849666595459,6.556510925292969e-07,1.0,0.2121874988079071,e2p__postsppf__s2
92,model.10,0.0048036337830126,0.6745182871818542,0.3116913437843323,1.806020736694336e-05,1.0,0.2268749922513961,e2p__postsppf__s2
93,model.10,0.0054249791428446,0.6762522459030151,0.3146373927593231,0.0002694129943847,1.0,0.209999993443489,e2p__postsppf__s2
94,model.10,0.0057208021171391,0.6713921427726746,0.2889919877052307,0.0004255771636962,1.0,0.2209374904632568,e2p__postsppf__s2
95,model.10,0.0061468472704291,0.6662291288375854,0.3052648901939392,5.692243576049805e-05,1.0,0.2362499982118606,e2p__postsppf__s2
96,model.10,0.0066093993373215,0.6712969541549683,0.3031807839870453,7.808208465576172e-06,1.0,0.2396874874830246,e2p__postsppf__s2
97,model.10,0.006814831867814,0.6763864159584045,0.3277908563613891,6.401538848876953e-05,1.0,0.2321874946355819,e2p__postsppf__s2
98,model.10,0.0072005088441073,0.674240231513977,0.2934988737106323,5.3882598876953125e-05,1.0,0.2246875017881393,e2p__postsppf__s2
99,model.10,0.0074186227284371,0.6790273785591125,0.3196822106838226,2.819299697875977e-05,1.0,0.2159374952316284,e2p__postsppf__s2
100,model.10,0.0074186227284371,0.6790273785591125,0.3196822106838226,2.819299697875977e-05,1.0,0.2159374952316284,e2p__postsppf__s2
0,model.10,-0.0008752560825087,0.5474736094474792,0.0807662084698677,0.1766357421875,0.873046875,0.0,e2p__postsppf__s3
1,model.10,-0.0029950682073831,0.5446447134017944,0.2079196870326995,0.0030879974365234,0.96923828125,0.0015624999068677,e2p__postsppf__s3
2,model.10,0.0007005092338658,0.550977885723114,0.2293280065059662,4.166364669799805e-05,0.98388671875,0.0246874988079071,e2p__postsppf__s3
3,model.10,0.0005334941088221,0.5656430721282959,0.2593626976013183,0.0006513595581054,0.99169921875,0.0218749996274709,e2p__postsppf__s3
4,model.10,-8.78509454196319e-05,0.5850619673728943,0.2301848530769348,0.0001559257507324,0.99560546875,0.0274999998509883,e2p__postsppf__s3
5,model.10,0.0008484435966238,0.6032093167304993,0.2608326077461242,3.0934810638427734e-05,0.99609375,0.0287499986588954,e2p__postsppf__s3
6,model.10,-0.0004540419322438,0.6169831156730652,0.2487141340970993,0.0044670104980468,0.99853515625,0.0240624994039535,e2p__postsppf__s3
7,model.10,0.00092706119176,0.6544075012207031,0.2290096580982208,1.7762184143066406e-05,0.99951171875,0.0265624988824129,e2p__postsppf__s3
8,model.10,0.0008356717298738,0.6518589854240417,0.2327485531568527,0.0006904602050781,0.99951171875,0.0465625002980232,e2p__postsppf__s3
9,model.10,-0.0021097289863973,0.6440041065216064,0.250878244638443,0.0010480880737304,0.99951171875,0.0778125002980232,e2p__postsppf__s3
10,model.10,0.0040203495882451,0.6628775000572205,0.2561693787574768,0.0006265640258789,1.0,0.0790624991059303,e2p__postsppf__s3
11,model.10,-0.0007997711654752,0.7079908847808838,0.2404123693704605,0.0017890930175781,1.0,0.0681250020861625,e2p__postsppf__s3
12,model.10,0.0018111768877133,0.6996287107467651,0.2728170752525329,0.0035934448242187,1.0,0.0871874988079071,e2p__postsppf__s3
13,model.10,0.0012704987311735,0.7162765860557556,0.2220057249069214,0.0013513565063476,1.0,0.0756249949336052,e2p__postsppf__s3
14,model.10,0.0014075859216973,0.7055583000183105,0.247719407081604,0.0001499652862548,1.0,0.1087500005960464,e2p__postsppf__s3
15,model.10,0.0025927671231329,0.7176408171653748,0.2351656258106231,0.01837158203125,1.0,0.0850000008940696,e2p__postsppf__s3
16,model.10,-0.0001515547628514,0.7346559166908264,0.2455288767814636,0.0015363693237304,1.0,0.1509374976158142,e2p__postsppf__s3
17,model.10,0.0010291325161233,0.7263549566268921,0.2531457543373108,0.0036067962646484,1.0,0.1687500029802322,e2p__postsppf__s3
18,model.10,0.00131232640706,0.7402075529098511,0.2436838448047638,0.0006046295166015,1.0,0.1518749892711639,e2p__postsppf__s3
19,model.10,0.0010131063172593,0.7486271262168884,0.2538086175918579,0.0007524490356445,0.99951171875,0.1299999952316284,e2p__postsppf__s3
20,model.10,0.0030589215457439,0.7286185026168823,0.2620867192745209,0.0070648193359375,1.0,0.1487499922513961,e2p__postsppf__s3
21,model.10,0.0003023752360604,0.7196832895278931,0.2873923778533935,0.0003125667572021,1.0,0.1568749994039535,e2p__postsppf__s3
22,model.10,0.0032928206492215,0.7103315591812134,0.2927704751491546,7.31348991394043e-05,1.0,0.1987499892711639,e2p__postsppf__s3
23,model.10,-0.0004221138951834,0.6990760564804077,0.3236169517040252,3.427267074584961e-05,1.0,0.2071874886751175,e2p__postsppf__s3
24,model.10,8.052799239521846e-05,0.7017784118652344,0.2773602604866028,5.1021575927734375e-05,1.0,0.2012500017881393,e2p__postsppf__s3
25,model.10,0.0020714907441288,0.7185912728309631,0.2909869849681854,3.5762786865234375e-07,1.0,0.1846874952316284,e2p__postsppf__s3
26,model.10,0.0014383015222847,0.7044387459754944,0.296417772769928,0.00083589553833,1.0,0.1774999946355819,e2p__postsppf__s3
27,model.10,0.0016452047275379,0.741779625415802,0.2651671767234802,7.599592208862305e-05,1.0,0.1768749952316284,e2p__postsppf__s3
28,model.10,0.0024336560163646,0.7250898480415344,0.2790124714374542,5.692243576049805e-05,1.0,0.1790625005960464,e2p__postsppf__s3
29,model.10,0.0030121442396193,0.7493387460708618,0.2707636058330536,1.132488250732422e-05,1.0,0.2096875011920929,e2p__postsppf__s3
30,model.10,0.0043971021659672,0.7390573620796204,0.299641340970993,0.0004389286041259,1.0,0.2325000017881393,e2p__postsppf__s3
31,model.10,-0.0015740864910185,0.7272259593009949,0.2867933511734009,1.7881393432617188e-06,1.0,0.2296874970197677,e2p__postsppf__s3
32,model.10,0.0031608119606971,0.729293167591095,0.2780490219593048,1.0609626770019531e-05,1.0,0.2371874898672104,e2p__postsppf__s3
33,model.10,0.0024096332490444,0.7480499148368835,0.2893280386924743,0.0003354549407958,1.0,0.2637499868869781,e2p__postsppf__s3
34,model.10,-0.0007040768978185,0.7466926574707031,0.295170247554779,0.0005617141723632,1.0,0.2981249988079071,e2p__postsppf__s3
35,model.10,0.0006374205113388,0.7424084544181824,0.2735424637794494,0.0001114606857299,1.0,0.3315624892711639,e2p__postsppf__s3
36,model.10,0.0009427105542272,0.7615340948104858,0.2473410069942474,0.0006513595581054,1.0,0.2915624976158142,e2p__postsppf__s3
37,model.10,0.0034189051948487,0.7453811764717102,0.2794010639190674,1.519918441772461e-05,1.0,0.2821874916553497,e2p__postsppf__s3
38,model.10,0.003600490745157,0.7709847688674927,0.2609534859657287,3.707408905029297e-05,1.0,0.2590624988079071,e2p__postsppf__s3
39,model.10,0.005829953122884,0.7387096881866455,0.2817659974098205,0.0001713037490844,1.0,0.3349999785423279,e2p__postsppf__s3
40,model.10,0.004812610335648,0.7693537473678589,0.2653180658817291,0.0026531219482421,1.0,0.317187488079071,e2p__postsppf__s3
41,model.10,0.0061858370900154,0.7671432495117188,0.2362310737371444,0.0006666183471679,1.0,0.3421874940395355,e2p__postsppf__s3
42,model.10,0.0085227200761437,0.7481313943862915,0.2898474335670471,0.0002199411392211,1.0,0.3046875,e2p__postsppf__s3
43,model.10,0.0067614875733852,0.7403785586357117,0.2943497598171234,0.0006985664367675,1.0,0.3762499988079071,e2p__postsppf__s3
44,model.10,0.0036361971870064,0.7639011740684509,0.2652835249900818,0.0042152404785156,1.0,0.3878124952316284,e2p__postsppf__s3
45,model.10,0.0014456722419708,0.7436031699180603,0.3167189955711365,0.001774787902832,1.0,0.3903124928474426,e2p__postsppf__s3
46,model.10,0.0028206568676978,0.7708171010017395,0.2600478827953338,0.0004477500915527,1.0,0.421875,e2p__postsppf__s3
47,model.10,0.0060136276297271,0.7580962777137756,0.2806426286697387,0.015899658203125,1.0,0.3621875047683716,e2p__postsppf__s3
48,model.10,0.002343671163544,0.7779629230499268,0.2707963287830353,0.0065879821777343,1.0,0.3615624904632568,e2p__postsppf__s3
49,model.10,0.000389006541809,0.7656596302986145,0.2665445804595947,0.0019874572753906,1.0,0.3853124976158142,e2p__postsppf__s3
50,model.10,0.0023459265939891,0.7461065649986267,0.301778495311737,0.0013198852539062,1.0,0.390625,e2p__postsppf__s3
51,model.10,0.0022448759991675,0.761151134967804,0.2867313027381897,0.0044174194335937,1.0,0.3915624916553497,e2p__postsppf__s3
52,model.10,0.0038927942514419,0.7459673881530762,0.2914218306541443,0.0016870498657226,1.0,0.3878124952316284,e2p__postsppf__s3
53,model.10,0.0040024979971349,0.7467542886734009,0.281228095293045,0.0071220397949218,1.0,0.3334375023841858,e2p__postsppf__s3
54,model.10,0.005916278809309,0.7898266315460205,0.2590226531028747,0.0567626953125,1.0,0.3824999928474426,e2p__postsppf__s3
55,model.10,0.0058302613906562,0.7942057847976685,0.2624545097351074,0.0162200927734375,1.0,0.4156249761581421,e2p__postsppf__s3
56,model.10,0.0072136260569095,0.7746252417564392,0.2839125692844391,0.011505126953125,1.0,0.4106249809265136,e2p__postsppf__s3
57,model.10,0.0069127520546317,0.7936679720878601,0.2680375576019287,0.0082168579101562,1.0,0.4081249833106994,e2p__postsppf__s3
58,model.10,0.0078818490728735,0.7897642254829407,0.2781216204166412,0.015899658203125,1.0,0.403124988079071,e2p__postsppf__s3
59,model.10,0.0061932234093546,0.7947262525558472,0.2621448934078216,0.0174407958984375,1.0,0.4140625,e2p__postsppf__s3
60,model.10,0.0063552879728376,0.7819505929946899,0.2778395116329193,0.020172119140625,1.0,0.4068749845027923,e2p__postsppf__s3
61,model.10,0.0066362214274704,0.730500340461731,0.2794522643089294,0.022674560546875,1.0,0.3778125047683716,e2p__postsppf__s3
62,model.10,0.0073399832472205,0.788164496421814,0.2668514251708984,0.0228424072265625,1.0,0.4359374940395355,e2p__postsppf__s3
63,model.10,0.0081843268126249,0.7667933702468872,0.279821366071701,0.0225372314453125,1.0,0.3946875035762787,e2p__postsppf__s3
64,model.10,0.0079492721706628,0.7852066159248352,0.2745519578456878,0.023101806640625,1.0,0.4340624809265136,e2p__postsppf__s3
65,model.10,0.0074444934725761,0.7886021733283997,0.2783573269844055,0.021209716796875,1.0,0.4253124892711639,e2p__postsppf__s3
66,model.10,0.0098740309476852,0.8002139925956726,0.2621901333332062,0.0261077880859375,1.0,0.4181250035762787,e2p__postsppf__s3
67,model.10,0.0116780810058116,0.7788398861885071,0.2920117378234863,0.03582763671875,1.0,0.4387499988079071,e2p__postsppf__s3
68,model.10,0.0112626459449529,0.7901762127876282,0.2696557939052582,0.0460205078125,1.0,0.4084374904632568,e2p__postsppf__s3
69,model.10,0.012259854003787,0.7832649350166321,0.2785351872444153,0.034698486328125,1.0,0.4115625023841858,e2p__postsppf__s3
70,model.10,0.011412794701755,0.7673915028572083,0.2741123139858246,0.0233306884765625,1.0,0.3965624868869781,e2p__postsppf__s3
71,model.10,0.0122491782531142,0.7691564559936523,0.284389317035675,0.0141754150390625,1.0,0.3843750059604645,e2p__postsppf__s3
72,model.10,0.0151242893189191,0.8279861211776733,0.2290949523448944,0.0248870849609375,1.0,0.4165624976158142,e2p__postsppf__s3
73,model.10,0.0154364267364144,0.7962235808372498,0.2591739296913147,0.0282135009765625,1.0,0.4087499976158142,e2p__postsppf__s3
74,model.10,0.0140608958899974,0.8227781653404236,0.2422454953193664,0.04681396484375,1.0,0.4309374988079071,e2p__postsppf__s3
75,model.10,0.0155936414375901,0.7897785902023315,0.2698380649089813,0.03985595703125,1.0,0.4246875047683716,e2p__postsppf__s3
76,model.10,0.0154880220070481,0.7846705317497253,0.2786256968975067,0.035400390625,1.0,0.4290624856948852,e2p__postsppf__s3
77,model.10,0.0170461684465408,0.7915856838226318,0.2424995005130767,0.0455322265625,1.0,0.4053124785423279,e2p__postsppf__s3
78,model.10,0.016050873324275,0.8428504467010498,0.2290101051330566,0.06231689453125,1.0,0.4462499916553497,e2p__postsppf__s3
79,model.10,0.0166123453527688,0.8088318705558777,0.2455663084983825,0.0255126953125,1.0,0.4415625035762787,e2p__postsppf__s3
80,model.10,0.0167482458055019,0.8172146677970886,0.2390554845333099,0.043853759765625,1.0,0.4253124892711639,e2p__postsppf__s3
81,model.10,0.0175462346524,0.7992832064628601,0.2432475090026855,0.0328369140625,1.0,0.4293749928474426,e2p__postsppf__s3
82,model.10,0.0187971461564302,0.8213258385658264,0.2353280484676361,0.049041748046875,1.0,0.4315624833106994,e2p__postsppf__s3
83,model.10,0.0194734204560518,0.8303767442703247,0.2277533710002899,0.050048828125,1.0,0.4449999928474426,e2p__postsppf__s3
84,model.10,0.0194377955049276,0.8016786575317383,0.2549941539764404,0.036346435546875,1.0,0.3990624845027923,e2p__postsppf__s3
85,model.10,0.0200975406914949,0.8308582305908203,0.2374559640884399,0.0233306884765625,1.0,0.4696874916553497,e2p__postsppf__s3
86,model.10,0.0201771650463342,0.7954494953155518,0.2528039515018463,0.027374267578125,1.0,0.4356249868869781,e2p__postsppf__s3
87,model.10,0.021399101242423,0.7901875376701355,0.2651147842407226,0.0235595703125,1.0,0.406562477350235,e2p__postsppf__s3
88,model.10,0.0223663039505481,0.83293616771698,0.2236153185367584,0.054107666015625,1.0,0.4159374833106994,e2p__postsppf__s3
89,model.10,0.0227837022393941,0.8365790843963623,0.2119881808757782,0.0413818359375,1.0,0.429999977350235,e2p__postsppf__s3
90,model.10,0.0231363233178854,0.77527916431427,0.2712300717830658,0.0489501953125,1.0,0.3818749785423279,e2p__postsppf__s3
91,model.10,0.0232873018831014,0.8227810263633728,0.2318167984485626,0.040374755859375,1.0,0.4312499761581421,e2p__postsppf__s3
92,model.10,0.0242203883826732,0.8187686800956726,0.2411850243806839,0.06805419921875,1.0,0.4212499856948852,e2p__postsppf__s3
93,model.10,0.0246827322989702,0.7930677533149719,0.2423231303691864,0.034759521484375,1.0,0.3606249988079071,e2p__postsppf__s3
94,model.10,0.0248102229088544,0.8122919797897339,0.2516930103302002,0.03582763671875,1.0,0.4318749904632568,e2p__postsppf__s3
95,model.10,0.0250895507633686,0.8245262503623962,0.2244682759046554,0.050506591796875,1.0,0.4296875,e2p__postsppf__s3
96,model.10,0.025249196216464,0.7796671986579895,0.2520569562911987,0.04595947265625,1.0,0.4099999964237213,e2p__postsppf__s3
97,model.10,0.0254885219037532,0.8111826777458191,0.2337484061717987,0.040924072265625,1.0,0.4159374833106994,e2p__postsppf__s3
98,model.10,0.0256272535771131,0.7891151309013367,0.256693035364151,0.043701171875,1.0,0.3890624940395355,e2p__postsppf__s3
99,model.10,0.0258290544152259,0.8295501470565796,0.2248064577579498,0.040313720703125,1.0,0.4246875047683716,e2p__postsppf__s3
100,model.10,0.0258290544152259,0.8295501470565796,0.2248064577579498,0.040313720703125,1.0,0.4246875047683716,e2p__postsppf__s3
0,model.10,-0.0017306111985817,,,,,,e3p__capctrl__s0
1,model.10,-0.004688071552664,,,,,,e3p__capctrl__s0
2,model.10,-0.0010361610911786,,,,,,e3p__capctrl__s0
3,model.10,0.0037575166206806,,,,,,e3p__capctrl__s0
4,model.10,-0.0036550625227391,,,,,,e3p__capctrl__s0
5,model.10,0.0042703878134489,,,,,,e3p__capctrl__s0
6,model.10,-0.0056315031833946,,,,,,e3p__capctrl__s0
7,model.10,0.0029183202423155,,,,,,e3p__capctrl__s0
8,model.10,-0.0005974489031359,,,,,,e3p__capctrl__s0
9,model.10,0.00179509667214,,,,,,e3p__capctrl__s0
10,model.10,-0.0009879784192889,,,,,,e3p__capctrl__s0
11,model.10,0.0022697940003126,,,,,,e3p__capctrl__s0
12,model.10,-0.0017765334341675,,,,,,e3p__capctrl__s0
13,model.10,0.0034690632019191,,,,,,e3p__capctrl__s0
14,model.10,-0.0008324091904796,,,,,,e3p__capctrl__s0
15,model.10,0.000180882809218,,,,,,e3p__capctrl__s0
16,model.10,-0.0008861670503392,,,,,,e3p__capctrl__s0
17,model.10,0.003305162070319,,,,,,e3p__capctrl__s0
18,model.10,-0.0009104979690164,,,,,,e3p__capctrl__s0
19,model.10,0.0033255515154451,,,,,,e3p__capctrl__s0
20,model.10,-0.0035684211179614,,,,,,e3p__capctrl__s0
21,model.10,0.0041778781451284,,,,,,e3p__capctrl__s0
22,model.10,-0.003509665839374,,,,,,e3p__capctrl__s0
23,model.10,0.0017379699274897,,,,,,e3p__capctrl__s0
24,model.10,-8.574114326620474e-05,,,,,,e3p__capctrl__s0
25,model.10,-0.0016204474959522,,,,,,e3p__capctrl__s0
26,model.10,0.002916385885328,,,,,,e3p__capctrl__s0
27,model.10,-0.0018331343308091,,,,,,e3p__capctrl__s0
28,model.10,0.0013889099936932,,,,,,e3p__capctrl__s0
29,model.10,0.00092826760374,,,,,,e3p__capctrl__s0
30,model.10,0.0025001866742968,,,,,,e3p__capctrl__s0
31,model.10,-3.0609794521296863e-06,,,,,,e3p__capctrl__s0
32,model.10,0.0022749009076505,,,,,,e3p__capctrl__s0
33,model.10,0.0035080781672149,,,,,,e3p__capctrl__s0
34,model.10,-0.0027523878961801,,,,,,e3p__capctrl__s0
35,model.10,0.0033241040073335,,,,,,e3p__capctrl__s0
36,model.10,-0.0009067286155186,,,,,,e3p__capctrl__s0
37,model.10,0.0007855144212953,,,,,,e3p__capctrl__s0
38,model.10,0.0031056392472237,,,,,,e3p__capctrl__s0
39,model.10,0.0017238872824236,,,,,,e3p__capctrl__s0
40,model.10,0.0016331069637089,,,,,,e3p__capctrl__s0
41,model.10,0.0020234109833836,,,,,,e3p__capctrl__s0
42,model.10,0.00154543237295,,,,,,e3p__capctrl__s0
43,model.10,0.0029992770869284,,,,,,e3p__capctrl__s0
44,model.10,0.0029537710361182,,,,,,e3p__capctrl__s0
45,model.10,-0.0019413940608501,,,,,,e3p__capctrl__s0
46,model.10,0.0027769750449806,,,,,,e3p__capctrl__s0
47,model.10,0.0010945578105747,,,,,,e3p__capctrl__s0
48,model.10,0.0012029724894091,,,,,,e3p__capctrl__s0
49,model.10,0.0035547600127756,,,,,,e3p__capctrl__s0
50,model.10,0.0006730032037012,,,,,,e3p__capctrl__s0
51,model.10,0.0010108728893101,,,,,,e3p__capctrl__s0
52,model.10,0.0009053144021891,,,,,,e3p__capctrl__s0
53,model.10,0.0014641169691458,,,,,,e3p__capctrl__s0
54,model.10,0.0038655260577797,,,,,,e3p__capctrl__s0
55,model.10,0.0030425232835114,,,,,,e3p__capctrl__s0
56,model.10,0.0023568193428218,,,,,,e3p__capctrl__s0
57,model.10,0.0002038490201812,,,,,,e3p__capctrl__s0
58,model.10,0.0023228237405419,,,,,,e3p__capctrl__s0
59,model.10,0.0041810562834143,,,,,,e3p__capctrl__s0
60,model.10,0.003154486650601,,,,,,e3p__capctrl__s0
61,model.10,0.0033705057576298,,,,,,e3p__capctrl__s0
62,model.10,0.0021706821862608,,,,,,e3p__capctrl__s0
63,model.10,0.001828208216466,,,,,,e3p__capctrl__s0
64,model.10,0.0016785342013463,,,,,,e3p__capctrl__s0
65,model.10,0.0023197587579488,,,,,,e3p__capctrl__s0
66,model.10,0.0030329062137752,,,,,,e3p__capctrl__s0
67,model.10,0.004600232001394,,,,,,e3p__capctrl__s0
68,model.10,0.0049598440527915,,,,,,e3p__capctrl__s0
69,model.10,0.0036144596524536,,,,,,e3p__capctrl__s0
70,model.10,0.0042620762251317,,,,,,e3p__capctrl__s0
71,model.10,0.0047547612339258,,,,,,e3p__capctrl__s0
72,model.10,0.0038680392317473,,,,,,e3p__capctrl__s0
73,model.10,0.0046894028782844,,,,,,e3p__capctrl__s0
74,model.10,0.006131678353995,,,,,,e3p__capctrl__s0
75,model.10,0.0077552860602736,,,,,,e3p__capctrl__s0
76,model.10,0.0061180177144706,,,,,,e3p__capctrl__s0
77,model.10,0.007441516034305,,,,,,e3p__capctrl__s0
78,model.10,0.0068103363737463,,,,,,e3p__capctrl__s0
79,model.10,0.0081322723999619,,,,,,e3p__capctrl__s0
80,model.10,0.0077505973167717,,,,,,e3p__capctrl__s0
81,model.10,0.0090201096609234,,,,,,e3p__capctrl__s0
82,model.10,0.0099983103573322,,,,,,e3p__capctrl__s0
83,model.10,0.0108574777841568,,,,,,e3p__capctrl__s0
84,model.10,0.0110327284783124,,,,,,e3p__capctrl__s0
85,model.10,0.0114040290936827,,,,,,e3p__capctrl__s0
86,model.10,0.0122999511659145,,,,,,e3p__capctrl__s0
87,model.10,0.0125507414340972,,,,,,e3p__capctrl__s0
88,model.10,0.0133497565984725,,,,,,e3p__capctrl__s0
89,model.10,0.0136572392657399,,,,,,e3p__capctrl__s0
90,model.10,0.0140326889231801,,,,,,e3p__capctrl__s0
91,model.10,0.0150271225720644,,,,,,e3p__capctrl__s0
92,model.10,0.0151732889935374,,,,,,e3p__capctrl__s0
93,model.10,0.0157622806727886,,,,,,e3p__capctrl__s0
94,model.10,0.0158415753394365,,,,,,e3p__capctrl__s0
95,model.10,0.016203548759222,,,,,,e3p__capctrl__s0
96,model.10,0.016734667122364,,,,,,e3p__capctrl__s0
97,model.10,0.0167940333485603,,,,,,e3p__capctrl__s0
98,model.10,0.0170425027608871,,,,,,e3p__capctrl__s0
99,model.10,0.0171938315033912,,,,,,e3p__capctrl__s0
100,model.10,0.0171938315033912,,,,,,e3p__capctrl__s0
0,model.10,0.0016457189340144,,,,,,e3p__capctrl__s1
1,model.10,0.0003816265962086,,,,,,e3p__capctrl__s1
2,model.10,0.0066953795030713,,,,,,e3p__capctrl__s1
3,model.10,-0.0057606827467679,,,,,,e3p__capctrl__s1
4,model.10,0.0041452953591942,,,,,,e3p__capctrl__s1
5,model.10,-0.0043853023089468,,,,,,e3p__capctrl__s1
6,model.10,0.0041342028416693,,,,,,e3p__capctrl__s1
7,model.10,-0.0046119312755763,,,,,,e3p__capctrl__s1
8,model.10,0.006679369136691,,,,,,e3p__capctrl__s1
9,model.10,-0.0036188426893204,,,,,,e3p__capctrl__s1
10,model.10,0.0017014383338391,,,,,,e3p__capctrl__s1
11,model.10,-0.0009100601891987,,,,,,e3p__capctrl__s1
12,model.10,0.0009342182311229,,,,,,e3p__capctrl__s1
13,model.10,0.0007264299201779,,,,,,e3p__capctrl__s1
14,model.10,0.0001651748898439,,,,,,e3p__capctrl__s1
15,model.10,-0.0003120553155895,,,,,,e3p__capctrl__s1
16,model.10,0.0007257077377289,,,,,,e3p__capctrl__s1
17,model.10,0.0017413339810445,,,,,,e3p__capctrl__s1
18,model.10,-0.0016831661341711,,,,,,e3p__capctrl__s1
19,model.10,0.00102461327333,,,,,,e3p__capctrl__s1
20,model.10,0.0001952941238414,,,,,,e3p__capctrl__s1
21,model.10,-0.0002047146408585,,,,,,e3p__capctrl__s1
22,model.10,-0.0007292318623512,,,,,,e3p__capctrl__s1
23,model.10,0.0043082679621875,,,,,,e3p__capctrl__s1
24,model.10,-0.0045833569020032,,,,,,e3p__capctrl__s1
25,model.10,0.0026693397667258,,,,,,e3p__capctrl__s1
26,model.10,5.112165308673866e-05,,,,,,e3p__capctrl__s1
27,model.10,-0.0015112325781956,,,,,,e3p__capctrl__s1
28,model.10,0.0023528370074927,,,,,,e3p__capctrl__s1
29,model.10,-0.0001898766204249,,,,,,e3p__capctrl__s1
30,model.10,-0.0014083527494221,,,,,,e3p__capctrl__s1
31,model.10,0.0015790576580911,,,,,,e3p__capctrl__s1
32,model.10,-0.0010728908237069,,,,,,e3p__capctrl__s1
33,model.10,0.0032324383500963,,,,,,e3p__capctrl__s1
34,model.10,1.7983955331146717e-05,,,,,,e3p__capctrl__s1
35,model.10,-0.0028526564128696,,,,,,e3p__capctrl__s1
36,model.10,0.001970887184143,,,,,,e3p__capctrl__s1
37,model.10,0.0002033380442298,,,,,,e3p__capctrl__s1
38,model.10,-0.0005915976944379,,,,,,e3p__capctrl__s1
39,model.10,0.0008521087584085,,,,,,e3p__capctrl__s1
40,model.10,0.0011074042413383,,,,,,e3p__capctrl__s1
41,model.10,-0.001178712118417,,,,,,e3p__capctrl__s1
42,model.10,0.0012605880619958,,,,,,e3p__capctrl__s1
43,model.10,-0.0014644709881395,,,,,,e3p__capctrl__s1
44,model.10,-0.0009442439768463,,,,,,e3p__capctrl__s1
45,model.10,0.0020720949396491,,,,,,e3p__capctrl__s1
46,model.10,-0.0009556732838973,,,,,,e3p__capctrl__s1
47,model.10,0.0019564451649785,,,,,,e3p__capctrl__s1
48,model.10,0.0006260614027269,,,,,,e3p__capctrl__s1
49,model.10,-0.0001422972563887,,,,,,e3p__capctrl__s1
50,model.10,0.0023145747836679,,,,,,e3p__capctrl__s1
51,model.10,-0.0020754283759742,,,,,,e3p__capctrl__s1
52,model.10,0.0014662350295111,,,,,,e3p__capctrl__s1
53,model.10,-0.0007482926012016,,,,,,e3p__capctrl__s1
54,model.10,-0.0015877825208008,,,,,,e3p__capctrl__s1
55,model.10,0.0026951543986797,,,,,,e3p__capctrl__s1
56,model.10,0.002010365249589,,,,,,e3p__capctrl__s1
57,model.10,0.0007613485795445,,,,,,e3p__capctrl__s1
58,model.10,-0.0007968735881149,,,,,,e3p__capctrl__s1
59,model.10,0.000349737907527,,,,,,e3p__capctrl__s1
60,model.10,-0.0011967606842517,,,,,,e3p__capctrl__s1
61,model.10,-0.0005993691156618,,,,,,e3p__capctrl__s1
62,model.10,8.932022865337785e-06,,,,,,e3p__capctrl__s1
63,model.10,0.0014993732329457,,,,,,e3p__capctrl__s1
64,model.10,0.0005786814726889,,,,,,e3p__capctrl__s1
65,model.10,2.131316068698652e-05,,,,,,e3p__capctrl__s1
66,model.10,0.0002878413652069,,,,,,e3p__capctrl__s1
67,model.10,0.0005270166439004,,,,,,e3p__capctrl__s1
68,model.10,0.0026861247606575,,,,,,e3p__capctrl__s1
69,model.10,0.000968558830209,,,,,,e3p__capctrl__s1
70,model.10,-0.000702085730154,,,,,,e3p__capctrl__s1
71,model.10,0.0003095503197982,,,,,,e3p__capctrl__s1
72,model.10,0.0006892661331221,,,,,,e3p__capctrl__s1
73,model.10,0.0019686331506818,,,,,,e3p__capctrl__s1
74,model.10,0.0016131155425682,,,,,,e3p__capctrl__s1
75,model.10,-8.328081457875669e-05,,,,,,e3p__capctrl__s1
76,model.10,0.0007953843451105,,,,,,e3p__capctrl__s1
77,model.10,0.001091914717108,,,,,,e3p__capctrl__s1
78,model.10,0.0010559697402641,,,,,,e3p__capctrl__s1
79,model.10,0.0021728372666984,,,,,,e3p__capctrl__s1
80,model.10,0.0008590850047767,,,,,,e3p__capctrl__s1
81,model.10,0.000282171589788,,,,,,e3p__capctrl__s1
82,model.10,0.0013197745429351,,,,,,e3p__capctrl__s1
83,model.10,0.0018237840849906,,,,,,e3p__capctrl__s1
84,model.10,0.0027675738092511,,,,,,e3p__capctrl__s1
85,model.10,0.0030847359448671,,,,,,e3p__capctrl__s1
86,model.10,0.0026676759589463,,,,,,e3p__capctrl__s1
87,model.10,0.0030436238739639,,,,,,e3p__capctrl__s1
88,model.10,0.0032284234184771,,,,,,e3p__capctrl__s1
89,model.10,0.0026035159826278,,,,,,e3p__capctrl__s1
90,model.10,0.0029866762924939,,,,,,e3p__capctrl__s1
91,model.10,0.0030173070263117,,,,,,e3p__capctrl__s1
92,model.10,0.0039879716932773,,,,,,e3p__capctrl__s1
93,model.10,0.0040184552781283,,,,,,e3p__capctrl__s1
94,model.10,0.0041967364959418,,,,,,e3p__capctrl__s1
95,model.10,0.0043623335659503,,,,,,e3p__capctrl__s1
96,model.10,0.0044747637584805,,,,,,e3p__capctrl__s1
97,model.10,0.00484388647601,,,,,,e3p__capctrl__s1
98,model.10,0.0051170056685805,,,,,,e3p__capctrl__s1
99,model.10,0.0052665891125798,,,,,,e3p__capctrl__s1
100,model.10,0.0052665891125798,,,,,,e3p__capctrl__s1
0,model.10,-0.001623713877052,,,,,,e3p__capctrl__s2
1,model.10,-0.0032244371250271,,,,,,e3p__capctrl__s2
2,model.10,-0.0017854009056463,,,,,,e3p__capctrl__s2
3,model.10,0.003482497530058,,,,,,e3p__capctrl__s2
4,model.10,7.656090019736439e-06,,,,,,e3p__capctrl__s2
5,model.10,7.145477138692513e-05,,,,,,e3p__capctrl__s2
6,model.10,0.0006165246595628,,,,,,e3p__capctrl__s2
7,model.10,0.0026347718667238,,,,,,e3p__capctrl__s2
8,model.10,-0.0026902563404291,,,,,,e3p__capctrl__s2
9,model.10,0.0037838635034859,,,,,,e3p__capctrl__s2
10,model.10,-0.0016415503341704,,,,,,e3p__capctrl__s2
11,model.10,0.0007331684464588,,,,,,e3p__capctrl__s2
12,model.10,-0.0014648670330643,,,,,,e3p__capctrl__s2
13,model.10,0.0034178111236542,,,,,,e3p__capctrl__s2
14,model.10,-0.0023519617971032,,,,,,e3p__capctrl__s2
15,model.10,0.0045029856264591,,,,,,e3p__capctrl__s2
16,model.10,-0.0021315440535545,,,,,,e3p__capctrl__s2
17,model.10,0.0015494112158194,,,,,,e3p__capctrl__s2
18,model.10,-0.0015329765155911,,,,,,e3p__capctrl__s2
19,model.10,-8.12193684396334e-06,,,,,,e3p__capctrl__s2
20,model.10,0.0024462966248393,,,,,,e3p__capctrl__s2
21,model.10,-0.0003448631614446,,,,,,e3p__capctrl__s2
22,model.10,0.0015547884395346,,,,,,e3p__capctrl__s2
23,model.10,-0.0012980123283341,,,,,,e3p__capctrl__s2
24,model.10,0.002592894481495,,,,,,e3p__capctrl__s2
25,model.10,0.0014797239564359,,,,,,e3p__capctrl__s2
26,model.10,-0.0017804405651986,,,,,,e3p__capctrl__s2
27,model.10,0.0016838465817272,,,,,,e3p__capctrl__s2
28,model.10,-0.0023843164090067,,,,,,e3p__capctrl__s2
29,model.10,0.0019655290525406,,,,,,e3p__capctrl__s2
30,model.10,-0.0030581497121602,,,,,,e3p__capctrl__s2
31,model.10,0.001674662111327,,,,,,e3p__capctrl__s2
32,model.10,-0.0011331572895869,,,,,,e3p__capctrl__s2
33,model.10,-0.0018191720591858,,,,,,e3p__capctrl__s2
34,model.10,0.0014260568423196,,,,,,e3p__capctrl__s2
35,model.10,9.3378264864441e-05,,,,,,e3p__capctrl__s2
36,model.10,-0.0008193982066586,,,,,,e3p__capctrl__s2
37,model.10,0.0013795332051813,,,,,,e3p__capctrl__s2
38,model.10,-0.0016209348104894,,,,,,e3p__capctrl__s2
39,model.10,0.002266191644594,,,,,,e3p__capctrl__s2
40,model.10,0.0001680473942542,,,,,,e3p__capctrl__s2
41,model.10,0.0022734648082405,,,,,,e3p__capctrl__s2
42,model.10,-0.001188313239254,,,,,,e3p__capctrl__s2
43,model.10,0.0021967699285596,,,,,,e3p__capctrl__s2
44,model.10,-0.0022645308636128,,,,,,e3p__capctrl__s2
45,model.10,-0.0005596783594228,,,,,,e3p__capctrl__s2
46,model.10,0.0032649333588778,,,,,,e3p__capctrl__s2
47,model.10,-0.0022815745323896,,,,,,e3p__capctrl__s2
48,model.10,-0.0012930402299389,,,,,,e3p__capctrl__s2
49,model.10,0.0013222027337178,,,,,,e3p__capctrl__s2
50,model.10,0.0018120962195098,,,,,,e3p__capctrl__s2
51,model.10,0.0020191411022096,,,,,,e3p__capctrl__s2
52,model.10,0.000106187442725,,,,,,e3p__capctrl__s2
53,model.10,-0.0009108204976655,,,,,,e3p__capctrl__s2
54,model.10,-0.0003882076998706,,,,,,e3p__capctrl__s2
55,model.10,-0.0013185057323426,,,,,,e3p__capctrl__s2
56,model.10,0.0006702415412291,,,,,,e3p__capctrl__s2
57,model.10,0.0018061696318909,,,,,,e3p__capctrl__s2
58,model.10,0.0010610149474814,,,,,,e3p__capctrl__s2
59,model.10,-0.0010208914754912,,,,,,e3p__capctrl__s2
60,model.10,-0.0007335083209909,,,,,,e3p__capctrl__s2
61,model.10,0.0020246931817382,,,,,,e3p__capctrl__s2
62,model.10,0.0005469815805554,,,,,,e3p__capctrl__s2
63,model.10,0.0013769200304523,,,,,,e3p__capctrl__s2
64,model.10,0.0012364407302811,,,,,,e3p__capctrl__s2
65,model.10,-0.0003822661819867,,,,,,e3p__capctrl__s2
66,model.10,0.0014420560328289,,,,,,e3p__capctrl__s2
67,model.10,0.0012502092868089,,,,,,e3p__capctrl__s2
68,model.10,-0.0006954102427698,,,,,,e3p__capctrl__s2
69,model.10,-0.0004433897556737,,,,,,e3p__capctrl__s2
70,model.10,0.0007632685010321,,,,,,e3p__capctrl__s2
71,model.10,0.0009369470062665,,,,,,e3p__capctrl__s2
72,model.10,-4.70166742161382e-05,,,,,,e3p__capctrl__s2
73,model.10,0.0009362663840875,,,,,,e3p__capctrl__s2
74,model.10,-0.0002740711497608,,,,,,e3p__capctrl__s2
75,model.10,0.000245596806053,,,,,,e3p__capctrl__s2
76,model.10,0.0011045944411307,,,,,,e3p__capctrl__s2
77,model.10,0.0003581364871934,,,,,,e3p__capctrl__s2
78,model.10,0.0012547733495011,,,,,,e3p__capctrl__s2
79,model.10,0.0016500693745911,,,,,,e3p__capctrl__s2
80,model.10,0.0007568676373921,,,,,,e3p__capctrl__s2
81,model.10,0.0013268328038975,,,,,,e3p__capctrl__s2
82,model.10,0.0021673024166375,,,,,,e3p__capctrl__s2
83,model.10,0.00163653655909,,,,,,e3p__capctrl__s2
84,model.10,0.0024168542586266,,,,,,e3p__capctrl__s2
85,model.10,0.0027021628338843,,,,,,e3p__capctrl__s2
86,model.10,0.0020899982191622,,,,,,e3p__capctrl__s2
87,model.10,0.0021683694794774,,,,,,e3p__capctrl__s2
88,model.10,0.0019019087776541,,,,,,e3p__capctrl__s2
89,model.10,0.0019546288531273,,,,,,e3p__capctrl__s2
90,model.10,0.0021458996925503,,,,,,e3p__capctrl__s2
91,model.10,0.0021399289835244,,,,,,e3p__capctrl__s2
92,model.10,0.0024093613028526,,,,,,e3p__capctrl__s2
93,model.10,0.002284113317728,,,,,,e3p__capctrl__s2
94,model.10,0.0025761013384908,,,,,,e3p__capctrl__s2
95,model.10,0.0028726172167807,,,,,,e3p__capctrl__s2
96,model.10,0.0028295861557126,,,,,,e3p__capctrl__s2
97,model.10,0.0031395647674798,,,,,,e3p__capctrl__s2
98,model.10,0.0034910331014543,,,,,,e3p__capctrl__s2
99,model.10,0.003480001585558,,,,,,e3p__capctrl__s2
100,model.10,0.003480001585558,,,,,,e3p__capctrl__s2
0,model.5,0.001234688097611,0.4825984835624695,0.0777816548943519,0.051544189453125,0.82666015625,0.0,e3p__pos-p3__s0
1,model.5,0.0052077677100896,0.4837375283241272,0.0923046246170997,0.0082550048828125,0.86865234375,5.859374869032763e-05,e3p__pos-p3__s0
0,model.5,0.0003266643325332,0.5211119651794434,0.0743035227060318,0.080078125,0.89697265625,0.0,e3p__pos-p3__s0
1,model.5,0.0065933442674577,0.5364546179771423,0.1064271926879882,0.0943603515625,0.96044921875,0.0,e3p__pos-p3__s0
2,model.5,-0.0068910662084817,0.5278671383857727,0.12332683801651,0.0111160278320312,0.9755859375,3.9062499126885086e-05,e3p__pos-p3__s0
3,model.5,0.0064483638852834,0.5366438031196594,0.1246480047702789,0.0133285522460937,0.9716796875,0.000136718750582,e3p__pos-p3__s0
4,model.5,-0.0079126702621579,0.5448703169822693,0.1303261369466781,0.009521484375,0.9892578125,0.0001171874973806,e3p__pos-p3__s0
5,model.5,0.0031201275996863,0.5468299388885498,0.1443174332380294,0.0074310302734375,0.984375,0.0002734375011641,e3p__pos-p3__s0
6,model.5,-3.390186247997917e-05,0.5510720610618591,0.1547531187534332,0.0041007995605468,0.99169921875,0.0005664062337018,e3p__pos-p3__s0
7,model.5,0.0001888179394882,0.5513631105422974,0.1498141586780548,0.008575439453125,0.99853515625,0.0005468750023283,e3p__pos-p3__s0
8,model.5,0.0009656004840508,0.5507240891456604,0.1454800218343734,0.0098190307617187,0.99169921875,0.000175781242433,e3p__pos-p3__s0
0,model.5,0.0009709870791994,0.489702820777893,0.0822861418128013,0.03436279296875,0.90087890625,0.0,e3p__pos-p3__s0
1,model.5,0.0047022267244756,0.4888335764408111,0.1000870913267135,0.0369873046875,0.87255859375,0.0,e3p__pos-p3__s0
2,model.5,-0.0065198307856917,0.4988883137702942,0.1092000007629394,0.01678466796875,0.9658203125,1.9531249563442543e-05,e3p__pos-p3__s0
3,model.5,0.0075067114084959,0.5103054642677307,0.1153793483972549,0.0200958251953125,0.96533203125,0.0,e3p__pos-p3__s0
4,model.5,-0.0074504953809082,0.5177189707756042,0.1321321427822113,0.0297088623046875,0.984375,3.9062499126885086e-05,e3p__pos-p3__s0
5,model.5,0.0054714339785277,0.5158981680870056,0.1228082925081253,0.013275146484375,0.98193359375,9.765624417923392e-05,e3p__pos-p3__s0
6,model.5,-0.0018483934691175,0.5204617381095886,0.1370719224214553,0.01751708984375,0.9931640625,0.0002148437488358,e3p__pos-p3__s0
7,model.5,-0.0005714604048989,0.5296738147735596,0.1465612947940826,0.0139541625976562,0.99755859375,0.000703124969732,e3p__pos-p3__s0
8,model.5,-5.368887286749668e-06,0.5315594673156738,0.1528469622135162,0.0074310302734375,0.99755859375,0.0008398437057621,e3p__pos-p3__s0
9,model.5,-0.0024336536880582,0.5351027846336365,0.1505695432424545,0.0094833374023437,0.99853515625,0.0007226562593132,e3p__pos-p3__s0
10,model.5,-0.0004938057390972,0.5323375463485718,0.1465503126382827,0.0137405395507812,0.9990234375,0.0012890624348074,e3p__pos-p3__s0
11,model.5,0.0014606800395995,0.5358321666717529,0.1493860483169555,0.018798828125,0.99658203125,0.00048828125,e3p__pos-p3__s0
12,model.5,-0.0023047910071909,0.5388016700744629,0.1653944551944732,0.0048675537109375,0.9990234375,0.0009179687476716,e3p__pos-p3__s0
13,model.5,0.0014456518692895,0.5422316789627075,0.1636420786380767,0.0056877136230468,0.99951171875,0.00146484375,e3p__pos-p3__s0
14,model.5,0.0002261534245917,0.5428428649902344,0.1598723828792572,0.015777587890625,0.99853515625,0.0015624999068677,e3p__pos-p3__s0
15,model.5,-0.0005214813863858,0.5398333668708801,0.1588480174541473,0.01666259765625,0.99853515625,0.0021679687779396,e3p__pos-p3__s0
16,model.5,-0.0015131287509575,0.5416298508644104,0.1624757647514343,0.0025310516357421,0.99853515625,0.0016015624860301,e3p__pos-p3__s0
17,model.5,0.0001348105433862,0.5460747480392456,0.1654872298240661,0.0100936889648437,0.99853515625,0.0021679687779396,e3p__pos-p3__s0
18,model.5,-0.001252670539543,0.5467011332511902,0.169159859418869,0.018402099609375,0.9990234375,0.0017968749161809,e3p__pos-p3__s0
19,model.5,0.0004522828385233,0.5548658967018127,0.196596473455429,0.049774169921875,1.0,0.003789062378928,e3p__pos-p3__s0
20,model.5,0.0023923164699226,0.5695302486419678,0.2163840383291244,0.057586669921875,0.99853515625,0.0054882811382412,e3p__pos-p3__s0
21,model.5,-0.0041812565177679,0.5649118423461914,0.2053244709968567,0.06292724609375,1.0,0.0114257810637354,e3p__pos-p3__s0
22,model.5,0.0009302933467552,0.5780178904533386,0.189414232969284,0.037750244140625,0.9990234375,0.0053906249813735,e3p__pos-p3__s0
23,model.5,0.0005236201104708,0.5721305012702942,0.2004709541797638,0.05072021484375,0.99951171875,0.0083984369412064,e3p__pos-p3__s0
24,model.5,-0.0007773903780616,0.5749247074127197,0.1987029612064361,0.0142822265625,1.0,0.007050781045109,e3p__pos-p3__s0
25,model.5,0.0005031881737522,0.571778416633606,0.2092878818511963,0.035614013671875,1.0,0.007851562462747,e3p__pos-p3__s0
26,model.5,0.0017686587525531,0.5749075412750244,0.2078715860843658,0.015960693359375,1.0,0.0081249997019767,e3p__pos-p3__s0
27,model.5,-0.0022487139794975,0.579823911190033,0.1920967251062393,0.0126266479492187,0.99951171875,0.0091210938990116,e3p__pos-p3__s0
28,model.5,0.000848599593155,0.5692444443702698,0.220819890499115,0.01861572265625,0.99951171875,0.008828124962747,e3p__pos-p3__s0
29,model.5,-0.0015290502924472,0.5756142735481262,0.2017302811145782,0.058013916015625,0.99951171875,0.0091210938990116,e3p__pos-p3__s0
30,model.5,-0.0002939253463409,0.5688570141792297,0.2025654166936874,0.038330078125,1.0,0.011171874590218,e3p__pos-p3__s0
31,model.5,0.0034503408242017,0.5745843052864075,0.1889955997467041,0.0074043273925781,0.99951171875,0.0082226563245058,e3p__pos-p3__s0
32,model.5,-0.0009514761040918,0.5795691013336182,0.2208047062158584,0.0231475830078125,1.0,0.0102343745529651,e3p__pos-p3__s0
33,model.5,-0.0003857532574329,0.5843415856361389,0.2029649317264557,0.0634765625,1.0,0.011171874590218,e3p__pos-p3__s0
34,model.5,0.0007503156084567,0.5873579978942871,0.1999184787273407,0.0241851806640625,1.0,0.0106250001117587,e3p__pos-p3__s0
35,model.5,0.0022843382321298,0.5816688537597656,0.2149460315704345,0.018646240234375,1.0,0.0114453118294477,e3p__pos-p3__s0
36,model.5,-0.0017451901221647,0.5828154683113098,0.2046473771333694,0.0489501953125,1.0,0.0139453122392296,e3p__pos-p3__s0
37,model.5,-0.0009082749602384,0.5781577229499817,0.218076080083847,0.039947509765625,1.0,0.0137499999254941,e3p__pos-p3__s0
38,model.5,-0.0002834498009178,0.5878216624259949,0.1973269283771515,0.04931640625,0.99951171875,0.0084570311009883,e3p__pos-p3__s0
39,model.5,0.0006437773117795,0.5893533229827881,0.1966569274663925,0.0482177734375,1.0,0.009707030840218,e3p__pos-p3__s0
40,model.5,-0.0005176007398404,0.5820817351341248,0.2110698074102401,0.026763916015625,1.0,0.0131640620529651,e3p__pos-p3__s0
41,model.5,0.0010468641994521,0.5771932005882263,0.2229617536067962,0.0330810546875,1.0,0.0143554685637354,e3p__pos-p3__s0
42,model.5,-0.0005912644555792,0.5788846611976624,0.2226905822753906,0.0496826171875,1.0,0.0165624991059303,e3p__pos-p3__s0
43,model.5,0.0019294370431452,0.5895381569862366,0.2128786891698837,0.0413818359375,1.0,0.0133203119039535,e3p__pos-p3__s0
44,model.5,-3.153978104819544e-05,0.5897416472434998,0.2088127583265304,0.07977294921875,1.0,0.0140039063990116,e3p__pos-p3__s0
45,model.5,-2.4382414267165583e-05,0.5885254740715027,0.2237821519374847,0.060638427734375,1.0,0.0139843747019767,e3p__pos-p3__s0
46,model.5,-0.0013487102696672,0.5921732187271118,0.2138161063194275,0.0592041015625,1.0,0.0117382807657122,e3p__pos-p3__s0
47,model.5,0.0017330751288682,0.5880544781684875,0.2197220474481582,0.06585693359375,1.0,0.0172460936009883,e3p__pos-p3__s0
48,model.5,0.0010914191370829,0.5923438668251038,0.2094561159610748,0.019500732421875,1.0,0.0162499994039535,e3p__pos-p3__s0
49,model.5,-0.0007278731791302,0.578121542930603,0.2352358400821685,0.06396484375,1.0,0.0252929683774709,e3p__pos-p3__s0
50,model.5,5.560887439060025e-05,0.5956077575683594,0.2031797766685485,0.0738525390625,1.0,0.0134960934519767,e3p__pos-p3__s0
51,model.5,-1.5182159586402122e-05,0.5896421670913696,0.2255547940731048,0.059539794921875,1.0,0.0162499994039535,e3p__pos-p3__s0
52,model.5,0.0010918801417574,0.5913001298904419,0.225849449634552,0.0149002075195312,1.0,0.0161718744784593,e3p__pos-p3__s0
53,model.5,0.003135833190754,0.5880782008171082,0.2147968560457229,0.0130233764648437,1.0,0.0159765612334013,e3p__pos-p3__s0
54,model.5,-0.0004050502902828,0.5952572226524353,0.2419758290052414,0.042327880859375,1.0,0.0179687496274709,e3p__pos-p3__s0
55,model.5,-0.0003031616215594,0.5995301604270935,0.2140773683786392,0.026153564453125,1.0,0.0152929686009883,e3p__pos-p3__s0
56,model.5,0.000921287224628,0.5971912145614624,0.2314523160457611,0.051666259765625,1.0,0.0183593742549419,e3p__pos-p3__s0
57,model.5,0.000941903446801,0.5868266224861145,0.2491657435894012,0.0703125,1.0,0.0233007799834013,e3p__pos-p3__s0
58,model.5,-0.0008626374765299,0.5924291014671326,0.2311797738075256,0.043212890625,1.0,0.0180468745529651,e3p__pos-p3__s0
59,model.5,-0.0001242942380486,0.593998372554779,0.2355036437511444,0.03143310546875,1.0,0.0203124992549419,e3p__pos-p3__s0
60,model.5,0.0008926782757043,0.5960954427719116,0.2433362007141113,0.051361083984375,1.0,0.0155468750745058,e3p__pos-p3__s0
61,model.5,0.0017004418186843,0.6054813265800476,0.2140867114067077,0.0076370239257812,1.0,0.0135742183774709,e3p__pos-p3__s0
62,model.5,6.98279109201394e-05,0.5947585105895996,0.2398521602153778,0.0106964111328125,1.0,0.0233203116804361,e3p__pos-p3__s0
63,model.5,-5.210993185755797e-05,0.6038368344306946,0.2106617838144302,0.02838134765625,1.0,0.0139453122392296,e3p__pos-p3__s0
64,model.5,0.0002917510573752,0.5973948240280151,0.2441117167472839,0.0699462890625,1.0,0.0212500002235174,e3p__pos-p3__s0
65,model.5,0.0002730049891397,0.5981752872467041,0.233022004365921,0.0271759033203125,1.0,0.0194921866059303,e3p__pos-p3__s0
66,model.5,0.0002332166477572,0.601828396320343,0.2384319603443145,0.0282135009765625,1.0,0.0180273428559303,e3p__pos-p3__s0
67,model.5,-0.0003163284563925,0.5964059829711914,0.2346862554550171,0.0269622802734375,1.0,0.0219531245529651,e3p__pos-p3__s0
68,model.5,0.0004656582605093,0.597457766532898,0.21607506275177,0.05224609375,1.0,0.0203906241804361,e3p__pos-p3__s0
69,model.5,0.0009644064703024,0.5979418754577637,0.2409422546625137,0.01763916015625,1.0,0.0174414049834013,e3p__pos-p3__s0
70,model.5,0.000721848278772,0.6047138571739197,0.2280801832675933,0.0823974609375,1.0,0.0187304690480232,e3p__pos-p3__s0
71,model.5,0.0006907624192535,0.602726936340332,0.2205896377563476,0.05059814453125,1.0,0.0228906236588954,e3p__pos-p3__s0
72,model.5,0.0005306758685037,0.6024569869041443,0.2374942451715469,0.02947998046875,1.0,0.0185546875,e3p__pos-p3__s0
73,model.5,0.0009633648442104,0.6019915342330933,0.233210802078247,0.0186920166015625,1.0,0.0203906241804361,e3p__pos-p3__s0
74,model.5,9.02209576452151e-05,0.6032819747924805,0.230019211769104,0.05572509765625,1.0,0.0192578118294477,e3p__pos-p3__s0
75,model.5,0.0001069427817128,0.6048821806907654,0.232392281293869,0.07452392578125,1.0,0.0179687496274709,e3p__pos-p3__s0
76,model.5,-0.0001324141339864,0.6129634976387024,0.2055540978908538,0.0163421630859375,1.0,0.0143749993294477,e3p__pos-p3__s0
77,model.5,0.0001824678620323,0.6044780611991882,0.2493797838687896,0.035736083984375,1.0,0.0161523427814245,e3p__pos-p3__s0
78,model.5,0.000717225309927,0.611612856388092,0.2198439687490463,0.0252685546875,1.0,0.0141210937872529,e3p__pos-p3__s0
79,model.5,0.0008551311329938,0.6068973541259766,0.2161464691162109,0.0836181640625,1.0,0.0197656247764825,e3p__pos-p3__s0
80,model.5,0.0012420177226886,0.6027621030807495,0.2292894572019577,0.044189453125,1.0,0.018652344122529,e3p__pos-p3__s0
81,model.5,0.0010003538336604,0.6090458631515503,0.2227042317390442,0.0177764892578125,1.0,0.0150976562872529,e3p__pos-p3__s0
82,model.5,-0.0001444683439331,0.6089895963668823,0.2298692464828491,0.06243896484375,1.0,0.0169140622019767,e3p__pos-p3__s0
83,model.5,-0.000400643912144,0.6112016439437866,0.2230633944272995,0.081787109375,1.0,0.0167578123509883,e3p__pos-p3__s0
84,model.5,-0.0004817475855816,0.6153951287269592,0.207500159740448,0.0268096923828125,1.0,0.0142382811754941,e3p__pos-p3__s0
85,model.5,0.0001159993553301,0.6095932126045227,0.2292262017726898,0.08648681640625,1.0,0.0179687496274709,e3p__pos-p3__s0
86,model.5,0.0002342297666473,0.6128118634223938,0.2075730413198471,0.0132217407226562,1.0,0.0146289058029651,e3p__pos-p3__s0
87,model.5,-0.0005109052290208,0.608354926109314,0.2313510775566101,0.020599365234375,1.0,0.0165624991059303,e3p__pos-p3__s0
88,model.5,-0.0006913263350725,0.6157777905464172,0.222026914358139,0.0704345703125,1.0,0.0148437498137354,e3p__pos-p3__s0
89,model.5,-0.000111774985271,0.6022762656211853,0.2518168091773987,0.080810546875,1.0,0.0164453126490116,e3p__pos-p3__s0
90,model.5,-0.0001824211794883,0.5774173736572266,0.2350445687770843,0.054901123046875,1.0,0.0297460928559303,e3p__pos-p3__s0
91,model.5,7.955370165291242e-06,0.5770155787467957,0.2573435008525848,0.10931396484375,1.0,0.0300781242549419,e3p__pos-p3__s0
92,model.5,-0.0003216264012735,0.5868175625801086,0.2510407567024231,0.06524658203125,1.0,0.0245312489569187,e3p__pos-p3__s0
93,model.5,-0.0004182107804808,0.6037208437919617,0.2295192182064056,0.10321044921875,1.0,0.0172656252980232,e3p__pos-p3__s0
94,model.5,-0.0004355287237558,0.5748196840286255,0.2282766103744506,0.1251220703125,1.0,0.0380859375,e3p__pos-p3__s0
95,model.5,-0.0003832071961369,0.6007313132286072,0.2415350973606109,0.080078125,1.0,0.02001953125,e3p__pos-p3__s0
96,model.5,-0.0004130189190618,0.6085140109062195,0.2065286040306091,0.093017578125,1.0,0.01513671875,e3p__pos-p3__s0
97,model.5,-0.0003260633675381,0.5788689851760864,0.2530220746994018,0.1319580078125,1.0,0.0354296863079071,e3p__pos-p3__s0
98,model.5,-0.000427820457844,0.6001604795455933,0.2422164380550384,0.102294921875,1.0,0.0213867183774709,e3p__pos-p3__s0
99,model.5,-0.0004189914907328,0.5811401009559631,0.2380848228931427,0.039794921875,1.0,0.0294531248509883,e3p__pos-p3__s0
100,model.5,-0.0004189914907328,0.5811401009559631,0.2380848228931427,0.039794921875,1.0,0.0294531248509883,e3p__pos-p3__s0
0,model.7,-9.39354649744928e-05,0.5027977824211121,0.080926701426506,0.1649169921875,0.8857421875,0.0,e3p__pos-p4__s0
1,model.7,-0.0059940638020634,0.5028248429298401,0.1206773221492767,0.07781982421875,0.9873046875,0.0001562499965075,e3p__pos-p4__s0
2,model.7,0.0022060445044189,0.5225671529769897,0.1878155618906021,0.019989013671875,0.99951171875,0.0046874997206032,e3p__pos-p4__s0
3,model.7,-0.000750106642954,0.5193074941635132,0.1833114624023437,0.0083465576171875,0.9990234375,0.0024999999441206,e3p__pos-p4__s0
4,model.7,0.0019606628920882,0.5257369875907898,0.2007501870393753,0.0191650390625,0.99951171875,0.0052343746647238,e3p__pos-p4__s0
5,model.7,-0.0008801500662229,0.5378682613372803,0.2056206315755844,0.0145034790039062,1.0,0.0089062498882412,e3p__pos-p4__s0
6,model.7,0.0031603972893208,0.5465575456619263,0.2053121030330658,0.0094146728515625,1.0,0.0123437494039535,e3p__pos-p4__s0
7,model.7,-0.0018644195515662,0.5437823534011841,0.2178347110748291,0.0021247863769531,1.0,0.0178124997764825,e3p__pos-p4__s0
8,model.7,0.0047367792576551,0.5482791066169739,0.2259544134140014,0.0065650939941406,1.0,0.0212500002235174,e3p__pos-p4__s0
9,model.7,-0.0060258693993091,0.5452848076820374,0.2392990291118621,0.0035514831542968,1.0,0.0355468727648258,e3p__pos-p4__s0
10,model.7,0.0050502670928835,0.5751217007637024,0.2363816648721695,0.017242431640625,1.0,0.0521093755960464,e3p__pos-p4__s0
11,model.7,0.0038565641734749,0.5797475576400757,0.2677451074123382,0.0043830871582031,1.0,0.0728906244039535,e3p__pos-p4__s0
12,model.7,-0.0041231699287891,0.5724783539772034,0.2762158513069153,0.00469970703125,1.0,0.0847656205296516,e3p__pos-p4__s0
13,model.7,0.000460117473267,0.5781517028808594,0.2683339715003967,0.0010080337524414,1.0,0.0863281264901161,e3p__pos-p4__s0
14,model.7,0.0071484111249446,0.5903255939483643,0.2759844362735748,0.0021324157714843,1.0,0.0755468755960464,e3p__pos-p4__s0
15,model.7,-0.0016372737009078,0.5594267845153809,0.2707423269748688,0.0016422271728515,1.0,0.1027343720197677,e3p__pos-p4__s0
16,model.7,0.0045823873952031,0.5660638809204102,0.2860240340232849,0.0029010772705078,1.0,0.0999218747019767,e3p__pos-p4__s0
17,model.7,0.0012913732789456,0.5815623998641968,0.2870115339756012,0.0020351409912109,1.0,0.0915624946355819,e3p__pos-p4__s0
18,model.7,0.0028198501095175,0.5749936103820801,0.280369758605957,0.0019416809082031,1.0,0.1039062440395355,e3p__pos-p4__s0
19,model.7,0.0039086448960006,0.5846894979476929,0.2888162434101105,0.0008864402770996,1.0,0.0962499976158142,e3p__pos-p4__s0
20,model.7,0.0042830226011574,0.5831239819526672,0.2896563112735748,7.784366607666016e-05,1.0,0.1004687473177909,e3p__pos-p4__s0
21,model.7,0.0044217095710337,0.5568811297416687,0.305165022611618,0.0006046295166015,1.0,0.1144531220197677,e3p__pos-p4__s0
22,model.7,-0.0023041893728077,0.5660059452056885,0.3081421852111816,0.0004565715789794,1.0,0.1052343696355819,e3p__pos-p4__s0
23,model.7,0.0008281120681203,0.554573655128479,0.2977851033210754,0.0005931854248046,1.0,0.1024999991059303,e3p__pos-p4__s0
24,model.7,0.0022898714523762,0.5549858808517456,0.2982165515422821,0.0001795291900634,1.0,0.1079687476158142,e3p__pos-p4__s0
25,model.7,0.0075372182764112,0.5608853101730347,0.3025319278240204,0.0021076202392578,1.0,0.1013281196355819,e3p__pos-p4__s0
26,model.7,0.004675499163568,0.570958137512207,0.3094304502010345,0.0009927749633789,1.0,0.1217968687415123,e3p__pos-p4__s0
27,model.7,0.000525927345734,0.5737621784210205,0.2833366990089416,0.000950813293457,1.0,0.1248437464237213,e3p__pos-p4__s0
28,model.7,0.0031151100993156,0.5712820291519165,0.3018656373023987,0.0004425048828125,1.0,0.1201562508940696,e3p__pos-p4__s0
29,model.7,0.0043375920504331,0.5591176748275757,0.3003891110420227,0.000826358795166,1.0,0.1315625011920929,e3p__pos-p4__s0
30,model.7,0.0051273200660943,0.5590612888336182,0.3016859591007232,0.0023059844970703,1.0,0.1290625035762787,e3p__pos-p4__s0
31,model.7,0.003674441948533,0.551325798034668,0.3061758279800415,0.0002359151840209,1.0,0.1123437508940696,e3p__pos-p4__s0
32,model.7,0.0052180276252329,0.5615464448928833,0.3055942058563232,0.000770092010498,1.0,0.1176562458276748,e3p__pos-p4__s0
33,model.7,0.0041827149689197,0.547986626625061,0.305534690618515,0.000300645828247,1.0,0.1309375017881393,e3p__pos-p4__s0
34,model.7,0.002702728845179,0.5515394806861877,0.3103978037834167,0.0001726150512695,1.0,0.1218749955296516,e3p__pos-p4__s0
35,model.7,0.0043770391494035,0.5538439750671387,0.315662682056427,0.0002868175506591,1.0,0.1376562416553497,e3p__pos-p4__s0
36,model.7,0.0050081307999789,0.535857617855072,0.3156388700008392,0.0003769397735595,1.0,0.1268749982118606,e3p__pos-p4__s0
37,model.7,0.0033469758927822,0.5455562472343445,0.3270268142223358,0.0003488063812255,1.0,0.1278906166553497,e3p__pos-p4__s0
38,model.7,0.0024950169026851,0.540330708026886,0.3114745616912842,0.0005884170532226,1.0,0.1346874982118606,e3p__pos-p4__s0
39,model.7,0.0042263194918632,0.5278651118278503,0.3026955425739288,0.0001609325408935,1.0,0.1227343752980232,e3p__pos-p4__s0
40,model.7,0.0035095550119876,0.5329229831695557,0.3241181373596191,0.0006771087646484,1.0,0.1383593678474426,e3p__pos-p4__s0
41,model.7,0.0051237978041172,0.5410063862800598,0.3186924755573272,7.331371307373047e-06,1.0,0.1294531226158142,e3p__pos-p4__s0
42,model.7,0.0068176062777638,0.5423039793968201,0.3066071271896362,3.516674041748047e-06,1.0,0.1254687458276748,e3p__pos-p4__s0
43,model.7,0.0069623803719878,0.5304612517356873,0.3039315342903137,8.547306060791016e-05,1.0,0.1292968690395355,e3p__pos-p4__s0
44,model.7,0.0048100058920681,0.5338301062583923,0.3069572746753692,0.0001252889633178,1.0,0.1251562535762787,e3p__pos-p4__s0
45,model.7,0.006189270876348,0.5280930995941162,0.31711345911026,1.710653305053711e-05,1.0,0.1325781196355819,e3p__pos-p4__s0
46,model.7,0.0088204396888613,0.5240700244903564,0.3138620257377624,0.0001123547554016,1.0,0.1330468654632568,e3p__pos-p4__s0
47,model.7,0.0076520359143614,0.5498946905136108,0.3217785358428955,0.0003354549407958,1.0,0.1310937404632568,e3p__pos-p4__s0
48,model.7,0.007359875831753,0.5417631268501282,0.3270964622497558,0.0001431703567504,1.0,0.1422656178474426,e3p__pos-p4__s0
49,model.7,0.00708092097193,0.5411772727966309,0.312549352645874,2.777576446533203e-05,1.0,0.1453906148672104,e3p__pos-p4__s0
50,model.7,0.009375580586493,0.5628888607025146,0.3261071443557739,0.0001022815704345,1.0,0.14453125,e3p__pos-p4__s0
51,model.7,0.0081271929666399,0.5458983778953552,0.3347386419773102,8.749961853027344e-05,1.0,0.1724218726158142,e3p__pos-p4__s0
52,model.7,0.0110678197816014,0.5406625866889954,0.3422327935695648,2.568960189819336e-05,1.0,0.162109375,e3p__pos-p4__s0
53,model.7,0.0064992574043571,0.5399124622344971,0.3276530802249908,7.659196853637695e-05,1.0,0.16015625,e3p__pos-p4__s0
54,model.7,0.0089636947959661,0.5418959259986877,0.3172821998596191,7.253885269165039e-05,1.0,0.1585156172513961,e3p__pos-p4__s0
55,model.7,0.0107621699571609,0.534062385559082,0.335498034954071,5.1021575927734375e-05,1.0,0.1622656285762787,e3p__pos-p4__s0
56,model.7,0.0117540759965777,0.5434868335723877,0.3336337804794311,2.229213714599609e-05,1.0,0.1528124958276748,e3p__pos-p4__s0
57,model.7,0.011189641430974,0.5332065224647522,0.323969304561615,5.960464477539062e-07,1.0,0.1595312505960464,e3p__pos-p4__s0
58,model.7,0.0104099409654736,0.5396003723144531,0.3311586380004883,3.6954879760742183e-06,1.0,0.1604687422513961,e3p__pos-p4__s0
59,model.7,0.0120329856872558,0.5339717268943787,0.3358556032180786,1.0311603546142578e-05,1.0,0.1742968708276748,e3p__pos-p4__s0
60,model.7,0.0122545016929507,0.5411905646324158,0.3437443375587463,5.143880844116211e-05,1.0,0.1925781220197677,e3p__pos-p4__s0
61,model.7,0.0147554939612746,0.548905611038208,0.3345689475536346,6.502866744995117e-05,1.0,0.1732031255960464,e3p__pos-p4__s0
62,model.7,0.016789685934782,0.5465237498283386,0.3348783254623413,2.6047229766845703e-05,1.0,0.1799218654632568,e3p__pos-p4__s0
63,model.7,0.0151757653802633,0.5382360816001892,0.3312625288963318,3.5643577575683594e-05,1.0,0.1729687452316284,e3p__pos-p4__s0
64,model.7,0.0150469625368714,0.5464827418327332,0.3356150984764099,1.1682510375976562e-05,1.0,0.1627343744039535,e3p__pos-p4__s0
65,model.7,0.0159532818943262,0.5465840101242065,0.3293024599552154,9.101629257202148e-05,1.0,0.1705468744039535,e3p__pos-p4__s0
66,model.7,0.0163869466632604,0.553163468837738,0.3270699977874756,2.1278858184814453e-05,1.0,0.1648437529802322,e3p__pos-p4__s0
67,model.7,0.0170402992516756,0.557069718837738,0.3182799220085144,5.227327346801758e-05,1.0,0.1724999994039535,e3p__pos-p4__s0
68,model.7,0.0173271615058183,0.5368878841400146,0.3184979557991028,8.612871170043945e-05,1.0,0.1524218767881393,e3p__pos-p4__s0
69,model.7,0.0189132466912269,0.5504400134086609,0.3205893039703369,9.387731552124023e-05,1.0,0.16796875,e3p__pos-p4__s0
70,model.7,0.0198332965373992,0.5552206635475159,0.3216322064399719,6.735324859619141e-06,1.0,0.151406243443489,e3p__pos-p4__s0
71,model.7,0.0214593429118394,0.5484592914581299,0.3219084143638611,5.364418029785156e-06,1.0,0.1519531160593032,e3p__pos-p4__s0
72,model.7,0.0222510453313589,0.5461804866790771,0.3288788199424743,1.5914440155029297e-05,1.0,0.1634375005960464,e3p__pos-p4__s0
73,model.7,0.0224256999790668,0.5337414145469666,0.3288114964962005,5.608797073364258e-05,1.0,0.1639843732118606,e3p__pos-p4__s0
74,model.7,0.0217598639428615,0.5477747917175293,0.3213264346122741,3.618001937866211e-05,1.0,0.1614062488079071,e3p__pos-p4__s0
75,model.7,0.0225559417158365,0.5386781096458435,0.3178732693195343,8.285045623779297e-06,1.0,0.1453906148672104,e3p__pos-p4__s0
76,model.7,0.023702522739768,0.5299625992774963,0.3339816331863403,5.066394805908203e-05,1.0,0.1536718755960464,e3p__pos-p4__s0
77,model.7,0.0243754647672176,0.5415164232254028,0.3316322565078735,4.887580871582031e-06,1.0,0.1596093773841858,e3p__pos-p4__s0
78,model.7,0.0253612492233514,0.5471877455711365,0.3266581296920776,0.0001097321510314,1.0,0.1482812464237213,e3p__pos-p4__s0
79,model.7,0.0275848302990198,0.5283422470092773,0.3178187608718872,7.969141006469727e-05,1.0,0.1517187505960464,e3p__pos-p4__s0
80,model.7,0.0281325094401836,0.5343536734580994,0.3279348015785217,4.410743713378906e-06,1.0,0.1487499922513961,e3p__pos-p4__s0
81,model.7,0.0278940889984369,0.538226306438446,0.3264411985874176,1.8656253814697266e-05,1.0,0.1426562517881393,e3p__pos-p4__s0
82,model.7,0.028593074530363,0.5447669625282288,0.3256743252277374,9.41753387451172e-06,1.0,0.1415624916553497,e3p__pos-p4__s0
83,model.7,0.0296565312892198,0.546007513999939,0.329645425081253,3.147125244140625e-05,1.0,0.1461718678474426,e3p__pos-p4__s0
84,model.7,0.0307380594313144,0.541922926902771,0.3288226127624511,2.4497509002685547e-05,1.0,0.1424999982118606,e3p__pos-p4__s0
85,model.7,0.0317951925098896,0.5388835072517395,0.3277443051338196,1.9073486328125e-05,1.0,0.1470312476158142,e3p__pos-p4__s0
86,model.7,0.032451331615448,0.5437849164009094,0.3264575600624084,5.269050598144531e-05,1.0,0.1307812482118606,e3p__pos-p4__s0
87,model.7,0.0331464037299156,0.5401413440704346,0.321809709072113,9.179115295410156e-06,1.0,0.1360937505960464,e3p__pos-p4__s0
88,model.7,0.0333149768412113,0.5420662760734558,0.3142405152320862,0.0001007318496704,1.0,0.1219531223177909,e3p__pos-p4__s0
89,model.7,0.0344781689345836,0.5407151579856873,0.3192681074142456,1.9073486328125e-05,1.0,0.1242187470197677,e3p__pos-p4__s0
90,model.7,0.0343991070985794,0.5312987565994263,0.3025738000869751,1.7642974853515625e-05,1.0,0.1251562535762787,e3p__pos-p4__s0
91,model.7,0.0345734804868698,0.5322386622428894,0.313540518283844,1.710653305053711e-05,1.0,0.1259374916553497,e3p__pos-p4__s0
92,model.7,0.0348415710031986,0.5316135883331299,0.3204141855239868,7.092952728271484e-06,1.0,0.1383593678474426,e3p__pos-p4__s0
93,model.7,0.0345701575279235,0.5405929684638977,0.3163055777549743,8.940696716308594e-06,1.0,0.1393750011920929,e3p__pos-p4__s0
94,model.7,0.0348809100687503,0.5253475904464722,0.3021249771118164,2.384185791015625e-06,1.0,0.1249218732118606,e3p__pos-p4__s0
95,model.7,0.0350034683942794,0.5352073311805725,0.3197076320648193,2.16364860534668e-05,1.0,0.1291406154632568,e3p__pos-p4__s0
96,model.7,0.0352515876293182,0.5339165925979614,0.3183944821357727,2.372264862060547e-05,1.0,0.1264062523841858,e3p__pos-p4__s0
97,model.7,0.035430084913969,0.5353662371635437,0.3099279105663299,6.67572021484375e-06,1.0,0.1309375017881393,e3p__pos-p4__s0
98,model.7,0.0354542396962642,0.5348246097564697,0.3049379587173462,4.589557647705078e-06,1.0,0.1274218708276748,e3p__pos-p4__s0
99,model.7,0.035573560744524,0.5277443528175354,0.3064667582511902,1.3947486877441406e-05,1.0,0.1298437416553497,e3p__pos-p4__s0
100,model.7,0.035573560744524,0.5277443528175354,0.3064667582511902,1.3947486877441406e-05,1.0,0.1298437416553497,e3p__pos-p4__s0
0,model.10,0.0018071121303364,0.5632843375205994,0.1918729543685913,5.066394805908203e-06,0.98486328125,0.0221874993294477,e3p__pos-postsppf__s0
1,model.10,0.0018071121303364,0.5632843375205994,0.1918729543685913,5.066394805908203e-06,0.98486328125,0.0221874993294477,e3p__pos-postsppf__s0
0,model.10,-0.000759711896535,0.503551185131073,0.0731944739818573,0.215576171875,0.7021484375,0.0,e3p__pos-postsppf__s0
1,model.10,0.0002364430401939,0.5332337617874146,0.2221399247646331,0.0096359252929687,0.9912109375,0.0049999998882412,e3p__pos-postsppf__s0
2,model.10,-0.0001990063901757,0.5413684248924255,0.2395761907100677,0.0082168579101562,0.98779296875,0.0059374999254941,e3p__pos-postsppf__s0
3,model.10,0.0010487436084076,0.5527588725090027,0.2594999670982361,0.0034427642822265,0.9970703125,0.0234375,e3p__pos-postsppf__s0
4,model.10,-0.0047203148715198,0.5904749631881714,0.2840597927570343,0.0001488924026489,0.998046875,0.0668749958276748,e3p__pos-postsppf__s0
5,model.10,-0.0010331319645047,0.6534937620162964,0.3137984871864319,7.152557373046875e-06,1.0,0.1278124898672104,e3p__pos-postsppf__s0
6,model.10,0.0004793931148014,0.664450466632843,0.2855075597763061,1.5914440155029297e-05,0.9990234375,0.1274999976158142,e3p__pos-postsppf__s0
7,model.10,-0.0014750788686797,0.6535860896110535,0.3047547936439514,0.0001713037490844,0.99951171875,0.1418749988079071,e3p__pos-postsppf__s0
8,model.10,0.0017285918584093,0.6749646067619324,0.2858326435089111,2.211332321166992e-05,0.99853515625,0.1034374982118606,e3p__pos-postsppf__s0
9,model.10,0.0004834435821976,0.67554771900177,0.2917707562446594,0.0002131462097167,0.99951171875,0.1334374994039535,e3p__pos-postsppf__s0
10,model.10,-0.0006690333248116,0.6648628115653992,0.2898021340370178,0.0007977485656738,1.0,0.1375000029802322,e3p__pos-postsppf__s0
11,model.10,-8.582400914747268e-05,0.6770036220550537,0.2825285196304321,0.0014610290527343,1.0,0.1009375005960464,e3p__pos-postsppf__s0
12,model.10,0.0020487939473241,0.6756852865219116,0.2794202268123626,0.0022258758544921,1.0,0.1031249985098838,e3p__pos-postsppf__s0
13,model.10,0.0006337169907055,0.6834429502487183,0.2820305228233337,0.0002715587615966,1.0,0.1178124994039535,e3p__pos-postsppf__s0
14,model.10,0.0002044564753305,0.670429527759552,0.2806043922901153,0.0002378225326538,1.0,0.1309375017881393,e3p__pos-postsppf__s0
15,model.10,-0.0019282948924228,0.6844039559364319,0.282080739736557,0.0003612041473388,1.0,0.1253124922513961,e3p__pos-postsppf__s0
16,model.10,-0.0003789212496485,0.6841371059417725,0.2787992656230926,4.649162292480469e-05,1.0,0.1106249988079071,e3p__pos-postsppf__s0
17,model.10,0.0006990153342485,0.6942574977874756,0.289381593465805,4.613399505615234e-05,1.0,0.1478125005960464,e3p__pos-postsppf__s0
18,model.10,0.0032566646113991,0.6781207323074341,0.271914005279541,1.5437602996826172e-05,1.0,0.1503124982118606,e3p__pos-postsppf__s0
19,model.10,-0.0014405230758711,0.6968029737472534,0.2595243453979492,0.00038743019104,0.99951171875,0.1203124970197677,e3p__pos-postsppf__s0
20,model.10,0.0007477643084712,0.6932117342948914,0.2793404459953308,6.020069122314453e-06,1.0,0.1449999958276748,e3p__pos-postsppf__s0
21,model.10,0.0018637109315022,0.6849892139434814,0.3091751933097839,2.6702880859375e-05,1.0,0.2012500017881393,e3p__pos-postsppf__s0
22,model.10,-0.0028503292705863,0.674254298210144,0.3241999447345733,1.8775463104248047e-05,1.0,0.2359374910593032,e3p__pos-postsppf__s0
23,model.10,0.0053997072391211,0.695503830909729,0.2723554372787475,2.1457672119140625e-06,1.0,0.1978124976158142,e3p__pos-postsppf__s0
24,model.10,-0.001146808033809,0.7475671172142029,0.2487299144268036,3.814697265625e-06,1.0,0.2431249916553497,e3p__pos-postsppf__s0
25,model.10,0.0027072362136095,0.734781801700592,0.2859802842140198,2.568960189819336e-05,1.0,0.2443749904632568,e3p__pos-postsppf__s0
26,model.10,0.0013106151018291,0.7129029035568237,0.2956636548042297,0.0002082586288452,1.0,0.2578125,e3p__pos-postsppf__s0
27,model.10,0.0005924062570556,0.7113009691238403,0.2724289894104004,1.710653305053711e-05,1.0,0.2687499821186065,e3p__pos-postsppf__s0
28,model.10,0.0039025305304676,0.7252862453460693,0.2461492717266082,1.156330108642578e-05,1.0,0.270312488079071,e3p__pos-postsppf__s0
29,model.10,0.0003259039949625,0.7398495078086853,0.2856111228466034,7.367134094238281e-05,1.0,0.2537499964237213,e3p__pos-postsppf__s0
30,model.10,-0.0004557498032227,0.7305561900138855,0.2946717739105224,0.0009889602661132,1.0,0.2725000083446502,e3p__pos-postsppf__s0
31,model.10,0.0002855302591342,0.738032341003418,0.2764731049537658,0.0006141662597656,1.0,0.25,e3p__pos-postsppf__s0
32,model.10,0.0005690915277227,0.7342546582221985,0.2605040669441223,0.0005593299865722,1.0,0.2393749952316284,e3p__pos-postsppf__s0
33,model.10,0.0011418936774134,0.7279781699180603,0.2700159847736358,0.0012397766113281,1.0,0.2593750059604645,e3p__pos-postsppf__s0
34,model.10,-0.0010425356449559,0.7448095679283142,0.2792921364307403,0.0005569458007812,1.0,0.2587499916553497,e3p__pos-postsppf__s0
35,model.10,0.003986622672528,0.7309067845344543,0.2699003219604492,0.0013046264648437,1.0,0.2584374845027923,e3p__pos-postsppf__s0
36,model.10,0.0004770909145008,0.7313584089279175,0.2618039846420288,0.000303030014038,1.0,0.2834374904632568,e3p__pos-postsppf__s0
37,model.10,-0.0006086482317186,0.7323142290115356,0.2792843580245971,0.0008425712585449,1.0,0.2631250023841858,e3p__pos-postsppf__s0
38,model.10,0.0025587235577404,0.7535668611526489,0.2479078322649002,0.0005569458007812,1.0,0.2890625,e3p__pos-postsppf__s0
39,model.10,-0.0002931459748651,0.7422953844070435,0.2721973657608032,7.599592208862305e-05,1.0,0.2712499797344208,e3p__pos-postsppf__s0
40,model.10,-0.0016545050311833,0.745691180229187,0.2725229263305664,0.0001596212387084,1.0,0.2615624964237213,e3p__pos-postsppf__s0
41,model.10,0.0008827677811495,0.7459688186645508,0.2779726386070251,0.0001355409622192,1.0,0.2359374910593032,e3p__pos-postsppf__s0
42,model.10,0.0007818870362825,0.738525390625,0.2707775831222534,0.0011472702026367,1.0,0.2765624821186065,e3p__pos-postsppf__s0
43,model.10,0.0008194257388822,0.7607713341712952,0.2527728676795959,0.0003919601440429,1.0,0.2715624868869781,e3p__pos-postsppf__s0
44,model.10,0.0026046868879348,0.7787618041038513,0.227356418967247,0.0016746520996093,1.0,0.2318749874830246,e3p__pos-postsppf__s0
45,model.10,0.0007402201299555,0.7655056118965149,0.2445669025182724,0.004486083984375,1.0,0.2671875059604645,e3p__pos-postsppf__s0
46,model.10,0.0042029842734336,0.7536503672599792,0.2843553721904754,0.0006666183471679,1.0,0.2946874797344208,e3p__pos-postsppf__s0
47,model.10,0.0039220117032527,0.7504671216011047,0.2998872995376587,3.5643577575683594e-05,1.0,0.3046875,e3p__pos-postsppf__s0
48,model.10,0.0034180216025561,0.7584291696548462,0.2596966028213501,4.649162292480469e-05,1.0,0.3243750035762787,e3p__pos-postsppf__s0
49,model.10,0.0041358890011906,0.7592617869377136,0.2865588665008545,0.000295877456665,1.0,0.3234374821186065,e3p__pos-postsppf__s0
50,model.10,0.0030255673918873,0.7507632374763489,0.2980102300643921,0.0003225803375244,1.0,0.3078124821186065,e3p__pos-postsppf__s0
51,model.10,0.0038907176349312,0.761301577091217,0.2818070650100708,3.2961368560791016e-05,1.0,0.3340624868869781,e3p__pos-postsppf__s0
52,model.10,0.0044720494188368,0.7386775016784668,0.2956570386886596,0.0002591609954833,1.0,0.3125,e3p__pos-postsppf__s0
53,model.10,0.0029656291007995,0.7554510831832886,0.252851277589798,5.185604095458984e-06,1.0,0.3725000023841858,e3p__pos-postsppf__s0
54,model.10,0.0028346285689622,0.7442498803138733,0.2289403975009918,1.233816146850586e-05,1.0,0.3946875035762787,e3p__pos-postsppf__s0
55,model.10,0.0023433465976268,0.7327267527580261,0.2944202423095703,0.0001366138458251,1.0,0.3621875047683716,e3p__pos-postsppf__s0
56,model.10,0.0006556224543601,0.7493189573287964,0.2868495583534241,7.271766662597656e-06,1.0,0.3528124988079071,e3p__pos-postsppf__s0
57,model.10,0.0003072909021284,0.710296630859375,0.2855752110481262,0.0001713037490844,1.0,0.3634375035762787,e3p__pos-postsppf__s0
58,model.10,0.0037237179931253,0.73089200258255,0.3028112053871155,1.3530254364013672e-05,1.0,0.3546874821186065,e3p__pos-postsppf__s0
59,model.10,0.0032897272612899,0.7175441384315491,0.2894983291625976,0.0004973411560058,1.0,0.3684374988079071,e3p__pos-postsppf__s0
60,model.10,0.0041045877151191,0.7488001585006714,0.2740757465362549,0.0008106231689453,1.0,0.3193749785423279,e3p__pos-postsppf__s0
61,model.10,0.0032297547440975,0.74513179063797,0.2946949005126953,0.0014553070068359,1.0,0.3387500047683716,e3p__pos-postsppf__s0
62,model.10,0.0016507708933204,0.7316386103630066,0.2857860028743744,0.0001465082168579,1.0,0.3762499988079071,e3p__pos-postsppf__s0
63,model.10,0.0013887246605008,0.7298352122306824,0.3007063269615173,0.0001047253608703,1.0,0.3456249833106994,e3p__pos-postsppf__s0
64,model.10,0.0031304066069424,0.7360121607780457,0.2876339554786682,0.0003275871276855,1.0,0.3353124856948852,e3p__pos-postsppf__s0
65,model.10,0.0036662810016423,0.7148656845092773,0.2857660353183746,0.0003473758697509,1.0,0.3403124809265136,e3p__pos-postsppf__s0
66,model.10,0.0021953724790364,0.738190233707428,0.276038110256195,2.7298927307128903e-05,1.0,0.3656249940395355,e3p__pos-postsppf__s0
67,model.10,0.0030688715633004,0.7427308559417725,0.252532422542572,0.0002323389053344,1.0,0.3231250047683716,e3p__pos-postsppf__s0
68,model.10,0.0020656308624893,0.7396259307861328,0.2819331288337707,0.0007319450378417,1.0,0.3471874892711639,e3p__pos-postsppf__s0
69,model.10,0.0019477505702525,0.7211841940879822,0.2798506617546081,0.0007238388061523,1.0,0.3271874785423279,e3p__pos-postsppf__s0
70,model.10,0.0026723269838839,0.7383712530136108,0.2637419402599334,0.0001454353332519,1.0,0.3418749868869781,e3p__pos-postsppf__s0
71,model.10,0.0034799103159457,0.7372815012931824,0.2829949855804443,0.0023784637451171,1.0,0.3199999928474426,e3p__pos-postsppf__s0
72,model.10,0.0035642785951495,0.7620999813079834,0.2589795589447021,0.0004339218139648,1.0,0.3149999976158142,e3p__pos-postsppf__s0
73,model.10,0.0031997570767998,0.7371250987052917,0.2770013809204101,0.0002572536468505,1.0,0.3453125059604645,e3p__pos-postsppf__s0
74,model.10,0.0040625422261655,0.7348297834396362,0.2697292566299438,0.0005154609680175,1.0,0.3287499845027923,e3p__pos-postsppf__s0
75,model.10,0.0043747629970312,0.7510231733322144,0.2435726374387741,0.0006117820739746,1.0,0.3815625011920929,e3p__pos-postsppf__s0
76,model.10,0.0035648720804601,0.764028012752533,0.270442396402359,0.0184326171875,1.0,0.3146874904632568,e3p__pos-postsppf__s0
77,model.10,0.0033497437834739,0.7464175224304199,0.2729193568229675,0.0046463012695312,1.0,0.3362500071525574,e3p__pos-postsppf__s0
78,model.10,0.0045408131554722,0.7476444840431213,0.2666488289833069,0.0114212036132812,1.0,0.3537499904632568,e3p__pos-postsppf__s0
79,model.10,0.0061003481969237,0.7512474060058594,0.2774686813354492,0.0217742919921875,1.0,0.3381249904632568,e3p__pos-postsppf__s0
80,model.10,0.0078163817524909,0.7500411868095398,0.2686007618904114,0.0139541625976562,1.0,0.3100000023841858,e3p__pos-postsppf__s0
81,model.10,0.0080459713935852,0.76933354139328,0.2595237493515014,0.0018892288208007,1.0,0.3506249785423279,e3p__pos-postsppf__s0
82,model.10,0.0079892203211784,0.7571980357170105,0.2805033028125763,0.0020751953125,1.0,0.3434374928474426,e3p__pos-postsppf__s0
83,model.10,0.0080037238076329,0.7438123822212219,0.2641619443893432,0.0008659362792968,1.0,0.3421874940395355,e3p__pos-postsppf__s0
84,model.10,0.0081282230094075,0.7639315128326416,0.2813133001327514,0.0069313049316406,1.0,0.3237499892711639,e3p__pos-postsppf__s0
85,model.10,0.0090029127895832,0.7454620003700256,0.2762314081192016,0.0037956237792968,1.0,0.3068749904632568,e3p__pos-postsppf__s0
86,model.10,0.008962282910943,0.7704502940177917,0.2790164351463318,0.00579833984375,1.0,0.3649999797344208,e3p__pos-postsppf__s0
87,model.10,0.0085533261299133,0.7453840374946594,0.2658970355987549,0.0081558227539062,1.0,0.3487499952316284,e3p__pos-postsppf__s0
88,model.10,0.0100126303732395,0.7424073815345764,0.294727087020874,0.0039291381835937,1.0,0.3268750011920929,e3p__pos-postsppf__s0
89,model.10,0.0101310117170214,0.74405837059021,0.262276142835617,0.0038394927978515,1.0,0.3412500023841858,e3p__pos-postsppf__s0
90,model.10,0.0105534512549638,0.7013782858848572,0.2643227875232696,0.0130691528320312,1.0,0.348437488079071,e3p__pos-postsppf__s0
91,model.10,0.0107747502624988,0.7412636280059814,0.2843015193939209,0.0192718505859375,1.0,0.3534374833106994,e3p__pos-postsppf__s0
92,model.10,0.0115826204419136,0.7499324083328247,0.271628737449646,0.0029354095458984,1.0,0.3115624785423279,e3p__pos-postsppf__s0
93,model.10,0.0123900976032018,0.7745574116706848,0.269187718629837,0.0161590576171875,1.0,0.3471874892711639,e3p__pos-postsppf__s0
94,model.10,0.0123960012570023,0.7201777696609497,0.2814726829528808,0.0101318359375,1.0,0.3149999976158142,e3p__pos-postsppf__s0
95,model.10,0.0125003401190042,0.7396823167800903,0.2694003283977508,0.0130691528320312,1.0,0.2965624928474426,e3p__pos-postsppf__s0
96,model.10,0.0131047563627362,0.7473471164703369,0.2664069533348083,0.0122909545898437,1.0,0.3509374856948852,e3p__pos-postsppf__s0
97,model.10,0.0132391545921564,0.7299344539642334,0.2755266427993774,0.021209716796875,1.0,0.3237499892711639,e3p__pos-postsppf__s0
98,model.10,0.0136174177750945,0.7541940808296204,0.258788138628006,0.012969970703125,1.0,0.3393749892711639,e3p__pos-postsppf__s0
99,model.10,0.0138244964182376,0.7539202570915222,0.2541059255599975,0.0282135009765625,1.0,0.3331249952316284,e3p__pos-postsppf__s0
100,model.10,0.0138244964182376,0.7539202570915222,0.2541059255599975,0.0282135009765625,1.0,0.3331249952316284,e3p__pos-postsppf__s0
0,model.9,-0.000387112959288,0.5542011260986328,0.1216917335987091,0.230712890625,0.9716796875,0.0,e3p__pos-presppf__s0
1,model.9,-0.0036506354808807,0.566359281539917,0.2428970783948898,0.03240966796875,0.99853515625,0.0109374998137354,e3p__pos-presppf__s0
2,model.9,0.0079778125509619,0.5662544369697571,0.2775622606277466,0.0016613006591796,0.99658203125,0.0212500002235174,e3p__pos-presppf__s0
3,model.9,-0.005614710971713,0.5663472414016724,0.3432178497314453,0.0002305507659912,1.0,0.1087500005960464,e3p__pos-presppf__s0
4,model.9,0.0001583650009706,0.5856239199638367,0.3377156853675842,0.000467300415039,1.0,0.1287499964237213,e3p__pos-presppf__s0
5,model.9,0.0029333636630326,0.5826388001441956,0.3453324437141418,0.0002913475036621,1.0,0.1493749916553497,e3p__pos-presppf__s0
6,model.9,0.0024858368560671,0.5976790189743042,0.3280379176139831,9.387731552124023e-05,1.0,0.1446875035762787,e3p__pos-presppf__s0
7,model.9,0.0030489796772599,0.5921423435211182,0.341874361038208,0.0003514289855957,1.0,0.1409374922513961,e3p__pos-presppf__s0
8,model.9,0.0030264987144619,0.5875297784805298,0.3295296430587768,0.0002532005310058,1.0,0.1303125023841858,e3p__pos-presppf__s0
9,model.9,0.0003004555474035,0.5946511626243591,0.3524726629257202,8.028745651245117e-05,1.0,0.1531250029802322,e3p__pos-presppf__s0
10,model.9,0.0009285746491514,0.6116399765014648,0.341228187084198,4.297494888305664e-05,0.99951171875,0.1449999958276748,e3p__pos-presppf__s0
11,model.9,0.0011729160323739,0.6081711649894714,0.3362931907176971,0.0001196265220642,0.99951171875,0.1481249928474426,e3p__pos-presppf__s0
12,model.9,-0.0006271540187299,0.5879141092300415,0.3461131453514099,0.0001177191734313,1.0,0.1693750023841858,e3p__pos-presppf__s0
13,model.9,-0.0002861785469576,0.596105694770813,0.3389249444007873,0.000300645828247,1.0,0.1656249910593032,e3p__pos-presppf__s0
14,model.9,0.0037930696271359,0.599817156791687,0.3326855301856994,0.0001243352890014,0.99951171875,0.1528124958276748,e3p__pos-presppf__s0
15,model.9,0.0016963355010375,0.6192623972892761,0.3441478312015533,0.0002251863479614,1.0,0.1634375005960464,e3p__pos-presppf__s0
16,model.9,0.001110891229473,0.6151496171951294,0.3491423726081848,5.877017974853516e-05,1.0,0.1993749886751175,e3p__pos-presppf__s0
17,model.9,0.0030505610629916,0.6294527053833008,0.3412370681762695,9.608268737792967e-05,1.0,0.1974999904632568,e3p__pos-presppf__s0
18,model.9,0.0019497491884976,0.630612850189209,0.3406290411949157,2.014636993408203e-05,1.0,0.2362499982118606,e3p__pos-presppf__s0
19,model.9,-0.0009990459075197,0.6309491395950317,0.3503207266330719,5.143880844116211e-05,1.0,0.2190624922513961,e3p__pos-presppf__s0
20,model.9,0.0041100429370999,0.6178168058395386,0.3504949808120727,3.170967102050781e-05,1.0,0.2074999958276748,e3p__pos-presppf__s0
21,model.9,0.0030886009335517,0.598336935043335,0.3573458790779114,9.995698928833008e-05,0.99951171875,0.2018750011920929,e3p__pos-presppf__s0
22,model.9,0.00344177801162,0.6163618564605713,0.3374469876289367,2.431869506835937e-05,1.0,0.1818749904632568,e3p__pos-presppf__s0
23,model.9,-0.0001155395875684,0.6178131699562073,0.3397621512413025,5.3882598876953125e-05,1.0,0.1765625029802322,e3p__pos-presppf__s0
24,model.9,0.0033994822297245,0.6202371120452881,0.3409682512283325,1.7940998077392578e-05,1.0,0.1909374892711639,e3p__pos-presppf__s0
25,model.9,0.007275060750544,0.6384308338165283,0.3550591170787811,5.346536636352539e-05,1.0,0.2409375011920929,e3p__pos-presppf__s0
26,model.9,0.0041106077842414,0.6054741740226746,0.3601534962654114,6.657838821411133e-05,1.0,0.25,e3p__pos-presppf__s0
27,model.9,-0.0004272016522008,0.6175372004508972,0.3405019044876098,0.0002166032791137,1.0,0.2303124964237213,e3p__pos-presppf__s0
28,model.9,0.0025699776597321,0.6238188743591309,0.3534325659275055,2.2470951080322266e-05,1.0,0.2371874898672104,e3p__pos-presppf__s0
29,model.9,0.0053714388050138,0.6090553998947144,0.3663845956325531,6.556510925292969e-05,1.0,0.2674999833106994,e3p__pos-presppf__s0
30,model.9,0.0063084000721573,0.6267265677452087,0.36212357878685,8.761882781982422e-06,1.0,0.2743749916553497,e3p__pos-presppf__s0
31,model.9,0.0064319605007767,0.6302323937416077,0.3531135022640228,2.16364860534668e-05,1.0,0.278124988079071,e3p__pos-presppf__s0
32,model.9,0.0047662393189966,0.619137167930603,0.369108647108078,6.556510925292969e-07,1.0,0.3375000059604645,e3p__pos-presppf__s0
33,model.9,0.006763860117644,0.6230500936508179,0.3773674368858337,6.258487701416016e-06,1.0,0.2956250011920929,e3p__pos-presppf__s0
34,model.9,0.0072572873905301,0.6312475204467773,0.3770536184310913,2.384185791015625e-07,1.0,0.3418749868869781,e3p__pos-presppf__s0
35,model.9,0.0074935797601938,0.6422938108444214,0.3757129311561584,3.5762786865234375e-07,1.0,0.3959375023841858,e3p__pos-presppf__s0
36,model.9,0.0101977922022342,0.6193293333053589,0.3909613490104675,7.748603820800781e-07,1.0,0.3956249952316284,e3p__pos-presppf__s0
37,model.9,0.008724900893867,0.6280476450920105,0.3811668753623962,5.364418029785156e-06,1.0,0.3515625,e3p__pos-presppf__s0
38,model.9,0.0084961960092186,0.6334295272827148,0.3706471920013428,0.000140905380249,1.0,0.3312499821186065,e3p__pos-presppf__s0
39,model.9,0.0074989502318203,0.6444923877716064,0.3580761551856994,0.0004289150238037,1.0,0.3153125047683716,e3p__pos-presppf__s0
40,model.9,0.008028557524085,0.6383448839187622,0.3760155439376831,0.0004076957702636,1.0,0.3443749845027923,e3p__pos-presppf__s0
41,model.9,0.0071306386962533,0.6636680960655212,0.367954283952713,0.000364065170288,1.0,0.3515625,e3p__pos-presppf__s0
42,model.9,0.0058987671509385,0.6496846079826355,0.3668454885482788,0.0001477003097534,1.0,0.3440625071525574,e3p__pos-presppf__s0
43,model.9,0.0074926274828612,0.6248425841331482,0.3798639178276062,7.367134094238281e-05,1.0,0.3768749833106994,e3p__pos-presppf__s0
44,model.9,0.0083156879991292,0.6425563097000122,0.367313027381897,4.112720489501953e-06,1.0,0.3312499821186065,e3p__pos-presppf__s0
45,model.9,0.0120904613286256,0.6204743385314941,0.3795456886291504,4.589557647705078e-06,1.0,0.3784374892711639,e3p__pos-presppf__s0
46,model.9,0.0111376531422138,0.5984436869621277,0.3924047946929931,1.895427703857422e-05,1.0,0.3868750035762787,e3p__pos-presppf__s0
47,model.9,0.0111974738538265,0.5904408693313599,0.3910405933856964,1.8775463104248047e-05,1.0,0.3599999845027923,e3p__pos-presppf__s0
48,model.9,0.0106483548879623,0.5974461436271667,0.3902466893196106,1.722574234008789e-05,1.0,0.3943749964237213,e3p__pos-presppf__s0
49,model.9,0.011576616205275,0.6043609380722046,0.3902740478515625,3.0994415283203125e-06,1.0,0.3918749988079071,e3p__pos-presppf__s0
50,model.9,0.012981766834855,0.6176887154579163,0.3955624997615814,4.351139068603516e-06,1.0,0.4121874868869781,e3p__pos-presppf__s0
51,model.9,0.0076835476793348,0.6267879605293274,0.3786545693874359,2.9206275939941406e-06,1.0,0.4090625047683716,e3p__pos-presppf__s0
52,model.9,0.0100341094657778,0.6302563548088074,0.3862560987472534,2.443790435791016e-06,1.0,0.4043749868869781,e3p__pos-presppf__s0
53,model.9,0.012381768785417,0.6192293763160706,0.392199695110321,1.9073486328125e-06,1.0,0.4071874916553497,e3p__pos-presppf__s0
54,model.9,0.010648158378899,0.6066602468490601,0.3949232697486877,2.1457672119140625e-06,1.0,0.4137499928474426,e3p__pos-presppf__s0
55,model.9,0.0108657069504261,0.6052350997924805,0.3932902812957763,5.841255187988281e-06,1.0,0.3853124976158142,e3p__pos-presppf__s0
56,model.9,0.0112851858139038,0.5926653146743774,0.3915911316871643,1.984834671020508e-05,1.0,0.3703124821186065,e3p__pos-presppf__s0
57,model.9,0.0104445666074752,0.6039690375328064,0.3864197432994842,4.649162292480469e-06,1.0,0.3846874833106994,e3p__pos-presppf__s0
58,model.9,0.0113269928842782,0.5856591463088989,0.3947421908378601,4.0531158447265625e-06,1.0,0.398749977350235,e3p__pos-presppf__s0
59,model.9,0.0122850742191076,0.585536003112793,0.4035404324531555,9.059906005859377e-06,1.0,0.4128125011920929,e3p__pos-presppf__s0
60,model.9,0.014205353334546,0.5821637511253357,0.3970969915390014,1.0728836059570312e-06,1.0,0.4171874821186065,e3p__pos-presppf__s0
61,model.9,0.0164418052881956,0.5783010721206665,0.3963553011417389,4.0531158447265625e-06,1.0,0.4081249833106994,e3p__pos-presppf__s0
62,model.9,0.0153195643797516,0.5851442813873291,0.3922362923622131,8.940696716308594e-07,1.0,0.4096874892711639,e3p__pos-presppf__s0
63,model.9,0.0152603415772318,0.6112472414970398,0.3878985047340393,5.960464477539064e-08,1.0,0.3943749964237213,e3p__pos-presppf__s0
64,model.9,0.0172168631106615,0.6288895010948181,0.3828758001327514,2.384185791015625e-07,1.0,0.3959375023841858,e3p__pos-presppf__s0
65,model.9,0.0170527342706918,0.602356493473053,0.3949586153030395,4.76837158203125e-07,1.0,0.4356249868869781,e3p__pos-presppf__s0
66,model.9,0.0173414163291454,0.5951847434043884,0.3956234455108642,5.960464477539064e-08,1.0,0.4121874868869781,e3p__pos-presppf__s0
67,model.9,0.0168642401695251,0.5844103097915649,0.3872430920600891,4.76837158203125e-07,1.0,0.4131249785423279,e3p__pos-presppf__s0
68,model.9,0.0165804233402013,0.5779178738594055,0.3949068486690521,4.76837158203125e-07,1.0,0.4056249856948852,e3p__pos-presppf__s0
69,model.9,0.0173748210072517,0.5767010450363159,0.4078619480133056,3.5762786865234375e-07,1.0,0.4365624785423279,e3p__pos-presppf__s0
70,model.9,0.020033698529005,0.5813192129135132,0.3927340507507324,7.152557373046875e-07,1.0,0.4050000011920929,e3p__pos-presppf__s0
71,model.9,0.0207567866891622,0.5895818471908569,0.3963443338871002,2.980232238769531e-07,1.0,0.4099999964237213,e3p__pos-presppf__s0
72,model.9,0.0211557373404502,0.6006903052330017,0.4024316668510437,5.960464477539062e-07,1.0,0.4328124821186065,e3p__pos-presppf__s0
73,model.9,0.0215307008475065,0.6068652868270874,0.3917449712753296,4.76837158203125e-07,1.0,0.4034374952316284,e3p__pos-presppf__s0
74,model.9,0.0229379441589117,0.5886057615280151,0.3962898254394531,4.76837158203125e-07,1.0,0.4328124821186065,e3p__pos-presppf__s0
75,model.9,0.021101240068674,0.6058697700500488,0.3962946534156799,1.788139343261719e-07,1.0,0.414374977350235,e3p__pos-presppf__s0
76,model.9,0.0207276884466409,0.6058099865913391,0.3899499177932739,5.960464477539064e-08,1.0,0.4121874868869781,e3p__pos-presppf__s0
77,model.9,0.0212249495089054,0.6047207713127136,0.397468626499176,1.132488250732422e-06,1.0,0.4284375011920929,e3p__pos-presppf__s0
78,model.9,0.0225520897656679,0.6038616895675659,0.3957602083683014,0.0,1.0,0.4215624928474426,e3p__pos-presppf__s0
79,model.9,0.0232014693319797,0.6042367219924927,0.3938253819942474,5.960464477539064e-08,1.0,0.4043749868869781,e3p__pos-presppf__s0
80,model.9,0.0244252625852823,0.5951427817344666,0.3971201181411743,8.940696716308594e-07,1.0,0.4206250011920929,e3p__pos-presppf__s0
81,model.9,0.0243363082408905,0.605160117149353,0.391295850276947,1.788139343261719e-07,1.0,0.3974999785423279,e3p__pos-presppf__s0
82,model.9,0.0249556563794612,0.5771365761756897,0.3964096903800964,1.1920928955078125e-07,1.0,0.3824999928474426,e3p__pos-presppf__s0
83,model.9,0.0254934318363666,0.5919787287712097,0.3973801136016845,2.980232238769531e-07,1.0,0.4099999964237213,e3p__pos-presppf__s0
84,model.9,0.0256101265549659,0.5994735360145569,0.3950274586677551,7.152557373046875e-07,1.0,0.4112499952316284,e3p__pos-presppf__s0
85,model.9,0.0262127183377742,0.6096819639205933,0.3932217061519623,1.430511474609375e-06,1.0,0.4331249892711639,e3p__pos-presppf__s0
86,model.9,0.0257372446358203,0.597609281539917,0.3879871368408203,1.1920928955078125e-07,1.0,0.395312488079071,e3p__pos-presppf__s0
87,model.9,0.0261077731847763,0.5912696719169617,0.3930933177471161,8.940696716308594e-07,1.0,0.4006249904632568,e3p__pos-presppf__s0
88,model.9,0.0262964721769094,0.5928525924682617,0.3941265046596527,1.7881393432617188e-06,1.0,0.3971875011920929,e3p__pos-presppf__s0
89,model.9,0.0261786896735429,0.5774916410446167,0.4053665399551391,9.5367431640625e-07,1.0,0.4184374809265136,e3p__pos-presppf__s0
90,model.9,0.0263929609209299,0.589519202709198,0.3880701065063476,4.172325134277344e-07,1.0,0.3924999833106994,e3p__pos-presppf__s0
91,model.9,0.0256753005087375,0.5799970626831055,0.4067252278327942,8.344650268554688e-07,1.0,0.4243749976158142,e3p__pos-presppf__s0
92,model.9,0.0259064175188541,0.569169819355011,0.4008861482143402,1.8477439880371092e-06,1.0,0.4390624761581421,e3p__pos-presppf__s0
93,model.9,0.0257951021194458,0.5794809460639954,0.3879830241203308,1.3709068298339844e-06,1.0,0.3868750035762787,e3p__pos-presppf__s0
94,model.9,0.0259207505732774,0.5860603451728821,0.3965759575366974,4.76837158203125e-07,1.0,0.3949999809265136,e3p__pos-presppf__s0
95,model.9,0.0259627941995859,0.5802152156829834,0.3996224105358124,1.5497207641601562e-06,1.0,0.4043749868869781,e3p__pos-presppf__s0
96,model.9,0.0259449109435081,0.5774919390678406,0.3914987742900848,2.384185791015625e-07,1.0,0.3784374892711639,e3p__pos-presppf__s0
97,model.9,0.0259753577411174,0.585399866104126,0.3999509513378143,5.602836608886719e-06,1.0,0.4215624928474426,e3p__pos-presppf__s0
98,model.9,0.0260752104222774,0.5808287262916565,0.3987208604812622,1.430511474609375e-06,1.0,0.3946875035762787,e3p__pos-presppf__s0
99,model.9,0.026198485866189,0.5790500640869141,0.4015365839004516,3.75509262084961e-06,1.0,0.4106249809265136,e3p__pos-presppf__s0
100,model.9,0.026198485866189,0.5790500640869141,0.4015365839004516,3.75509262084961e-06,1.0,0.4106249809265136,e3p__pos-presppf__s0
0,model.10,-0.0001558868389111,0.4979744851589203,0.0793671309947967,0.177001953125,0.7763671875,0.0,e4p__mosaic-close0__s0
1,model.10,0.0038032953161746,0.4844799637794494,0.1877929270267486,0.0032596588134765,0.99072265625,0.0078125,e4p__mosaic-close0__s0
2,model.10,-0.0039703617803752,0.4779552221298218,0.2239294648170471,0.004150390625,0.99755859375,0.0199999995529651,e4p__mosaic-close0__s0
3,model.10,0.0012750786263495,0.4975309669971466,0.2465883642435073,0.0014667510986328,0.99853515625,0.0190625004470348,e4p__mosaic-close0__s0
4,model.10,-0.0002209632511949,0.5087567567825317,0.242686927318573,0.0002359151840209,0.99853515625,0.030937498435378,e4p__mosaic-close0__s0
5,model.10,0.0005611907690763,0.507468044757843,0.2532453536987304,0.0003488063812255,0.99853515625,0.0246874988079071,e4p__mosaic-close0__s0
6,model.10,-0.000557487248443,0.5107812881469727,0.2561626434326172,0.0013303756713867,0.986328125,0.0203124992549419,e4p__mosaic-close0__s0
7,model.10,0.0022575987968593,0.505824089050293,0.2753165066242218,0.0009436607360839,0.99658203125,0.0293749999254941,e4p__mosaic-close0__s0
8,model.10,-0.0005444278940558,0.542784571647644,0.2441716790199279,0.000123381614685,0.99853515625,0.0531249977648258,e4p__mosaic-close0__s0
9,model.10,-0.0011461043031886,0.5305696725845337,0.2642282545566559,0.0019493103027343,0.99755859375,0.0409374982118606,e4p__mosaic-close0__s0
10,model.10,0.002365531399846,0.5534123778343201,0.2576967775821686,7.426738739013672e-05,0.99951171875,0.0578124970197677,e4p__mosaic-close0__s0
11,model.10,-0.002153547713533,0.5444549918174744,0.2829084992408752,4.410743713378906e-06,0.99755859375,0.0643749982118606,e4p__mosaic-close0__s0
12,model.10,0.0027923637535423,0.5670495629310608,0.2825090885162353,0.0001355409622192,1.0,0.0728124976158142,e4p__mosaic-close0__s0
13,model.10,-0.0001191298360936,0.5986307859420776,0.2582317590713501,2.5093555450439453e-05,1.0,0.1231249943375587,e4p__mosaic-close0__s0
14,model.10,0.0022095504682511,0.5935922861099243,0.3058252930641174,1.2993812561035156e-05,1.0,0.1112499982118606,e4p__mosaic-close0__s0
15,model.10,0.0016898786416277,0.5949186682701111,0.3103081583976745,8.416175842285156e-05,1.0,0.1065624952316284,e4p__mosaic-close0__s0
16,model.10,-0.0005548709887079,0.6101550459861755,0.2826123237609863,3.761053085327149e-05,1.0,0.1037499979138374,e4p__mosaic-close0__s0
17,model.10,0.0011559354607015,0.6241313815116882,0.2989660501480102,2.819299697875977e-05,0.99951171875,0.0912499949336052,e4p__mosaic-close0__s0
18,model.10,0.0011012091999873,0.6368557810783386,0.2809038758277893,2.8848648071289062e-05,0.99951171875,0.0934375002980232,e4p__mosaic-close0__s0
19,model.10,0.0014654274564236,0.6350812315940857,0.285990297794342,4.172325134277344e-07,1.0,0.074374996125698,e4p__mosaic-close0__s0
20,model.10,0.0010128609137609,0.6322010159492493,0.3073495030403137,4.869699478149414e-05,0.99951171875,0.0971874967217445,e4p__mosaic-close0__s0
21,model.10,0.0011211383389309,0.6261619329452515,0.280430406332016,0.0009546279907226,1.0,0.0890624970197677,e4p__mosaic-close0__s0
22,model.10,-0.0001912227744469,0.6427688598632812,0.2942377924919128,0.0003726482391357,1.0,0.0974999964237213,e4p__mosaic-close0__s0
23,model.10,0.000527968222741,0.6473990678787231,0.2773083448410034,0.0005335807800292,1.0,0.0881249979138374,e4p__mosaic-close0__s0
24,model.10,0.0028749825432896,0.6270745992660522,0.2904127836227417,0.0003981590270996,1.0,0.0943749994039535,e4p__mosaic-close0__s0
25,model.10,-0.0003161440545227,0.6560066342353821,0.2778186798095703,3.451108932495117e-05,0.99951171875,0.1024999991059303,e4p__mosaic-close0__s0
26,model.10,-0.0006100197788327,0.6338507533073425,0.3066070675849914,0.0001141428947448,1.0,0.1262499988079071,e4p__mosaic-close0__s0
27,model.10,0.0032569759059697,0.6205474734306335,0.2984623312950134,3.147125244140625e-05,1.0,0.1728124916553497,e4p__mosaic-close0__s0
28,model.10,-4.55973313364666e-05,0.6234156489372253,0.3034931421279907,2.3543834686279297e-05,1.0,0.1649999916553497,e4p__mosaic-close0__s0
29,model.10,0.0020720213651657,0.6213575601577759,0.2945572137832641,6.198883056640625e-06,1.0,0.1328125,e4p__mosaic-close0__s0
30,model.10,0.0033322947565466,0.6341084837913513,0.2965016365051269,0.0002453327178955,1.0,0.1831249892711639,e4p__mosaic-close0__s0
31,model.10,0.0002098261902574,0.6648074388504028,0.2791478633880615,2.0444393157958984e-05,1.0,0.170937493443489,e4p__mosaic-close0__s0
32,model.10,0.0011812642915174,0.6719077825546265,0.2847061157226562,0.0006694793701171,1.0,0.1737499982118606,e4p__mosaic-close0__s0
33,model.10,-0.001627726946026,0.6681985259056091,0.3122581243515014,0.0006070137023925,1.0,0.1937499940395355,e4p__mosaic-close0__s0
34,model.10,0.000476623798022,0.6801396012306213,0.2989659309387207,6.759166717529297e-05,1.0,0.2193749994039535,e4p__mosaic-close0__s0
35,model.10,0.0018793629715219,0.6572648286819458,0.2976504564285278,0.0003769397735595,1.0,0.2071874886751175,e4p__mosaic-close0__s0
36,model.10,0.0014152053045108,0.6585589647293091,0.3086043894290924,6.318092346191406e-06,1.0,0.1584374904632568,e4p__mosaic-close0__s0
37,model.10,0.0013416883302852,0.6663902997970581,0.3025708198547363,0.0001263618469238,1.0,0.1640625,e4p__mosaic-close0__s0
38,model.10,0.0020107361488044,0.6425127983093262,0.3027505874633789,0.0001535415649414,1.0,0.1937499940395355,e4p__mosaic-close0__s0
39,model.10,-0.0001858511532191,0.6601493954658508,0.3031758666038513,0.0002572536468505,1.0,0.1662499904632568,e4p__mosaic-close0__s0
40,model.10,0.0025011557154357,0.6598550081253052,0.3043141067028045,5.269050598144531e-05,1.0,0.2071874886751175,e4p__mosaic-close0__s0
41,model.10,0.0006075463606975,0.6363006830215454,0.3109090924263,0.0004239082336425,1.0,0.1681250035762787,e4p__mosaic-close0__s0
42,model.10,0.003185813082382,0.663084864616394,0.3028713762760162,4.166364669799805e-05,1.0,0.1618749946355819,e4p__mosaic-close0__s0
43,model.10,0.0043936977162957,0.6690511107444763,0.3051733076572418,3.618001937866211e-05,1.0,0.1881249994039535,e4p__mosaic-close0__s0
44,model.10,-7.247959001688287e-05,0.6703953146934509,0.2944445013999939,7.599592208862305e-05,1.0,0.1981249898672104,e4p__mosaic-close0__s0
45,model.10,0.0022892111446708,0.6890623569488525,0.2720969319343567,4.434585571289063e-05,1.0,0.2040624916553497,e4p__mosaic-close0__s0
46,model.10,0.0019643660634756,0.6857507228851318,0.3174986243247986,8.094310760498047e-05,1.0,0.2049999982118606,e4p__mosaic-close0__s0
47,model.10,0.0024854985531419,0.6508686542510986,0.3176205158233642,3.9458274841308594e-05,1.0,0.2581250071525574,e4p__mosaic-close0__s0
48,model.10,0.0024650082923471,0.6371059417724609,0.3345214128494262,1.9073486328125e-06,1.0,0.2487500011920929,e4p__mosaic-close0__s0
49,model.10,0.0037179852370172,0.6662258505821228,0.3168233335018158,1.5497207641601562e-06,1.0,0.2093749940395355,e4p__mosaic-close0__s0
50,model.10,0.0030819959938526,0.65265953540802,0.3372717797756195,6.204843521118164e-05,1.0,0.2621874809265136,e4p__mosaic-close0__s0
51,model.10,0.0027548905927687,0.6579093933105469,0.3190323114395141,0.0001263618469238,1.0,0.2396874874830246,e4p__mosaic-close0__s0
52,model.10,0.0043793963268399,0.6555051803588867,0.3311094045639038,0.0002018213272094,1.0,0.2443749904632568,e4p__mosaic-close0__s0
53,model.10,0.0043364660814404,0.6543310284614563,0.3134815990924835,0.0001559257507324,1.0,0.2481250017881393,e4p__mosaic-close0__s0
54,model.10,0.0041130562312901,0.652891218662262,0.3234443664550781,0.0002166032791137,1.0,0.270312488079071,e4p__mosaic-close0__s0
55,model.10,0.0031169387511909,0.6568429470062256,0.3263425827026367,0.0005273818969726,1.0,0.2578125,e4p__mosaic-close0__s0
56,model.10,0.0052838707342743,0.6438195705413818,0.3372799754142761,0.0001488924026489,1.0,0.2503125071525574,e4p__mosaic-close0__s0
57,model.10,0.0051362696103751,0.6559981107711792,0.3193888664245605,0.0002050399780273,1.0,0.2306249886751175,e4p__mosaic-close0__s0
58,model.10,0.0025660323444753,0.665110170841217,0.3402203023433685,0.0013093948364257,1.0,0.2984375059604645,e4p__mosaic-close0__s0
59,model.10,0.002577424282208,0.639074444770813,0.3300753533840179,0.0003225803375244,1.0,0.2746874988079071,e4p__mosaic-close0__s0
60,model.10,0.0030376394279301,0.6584039330482483,0.3453052639961242,0.0003175735473632,1.0,0.324999988079071,e4p__mosaic-close0__s0
61,model.10,0.0048309569247066,0.6748120188713074,0.3190425634384155,0.001011848449707,1.0,0.2674999833106994,e4p__mosaic-close0__s0
62,model.10,0.0050307158380746,0.6495530605316162,0.3330526649951935,0.0016489028930664,1.0,0.2856249809265136,e4p__mosaic-close0__s0
63,model.10,0.0041738026775419,0.6602873802185059,0.3009907901287079,0.0005836486816406,1.0,0.2737500071525574,e4p__mosaic-close0__s0
64,model.10,0.0078513026237487,0.6500190496444702,0.3313916623592376,4.506111145019531e-05,1.0,0.2621874809265136,e4p__mosaic-close0__s0
65,model.10,0.0087818428874015,0.6346964240074158,0.3151543140411377,0.0003125667572021,1.0,0.2506249845027923,e4p__mosaic-close0__s0
66,model.10,0.0082850409671664,0.6790002584457397,0.3189781010150909,1.519918441772461e-05,1.0,0.2787500023841858,e4p__mosaic-close0__s0
67,model.10,0.0079924575984478,0.6371996402740479,0.3355850875377655,1.6450881958007812e-05,1.0,0.2634374797344208,e4p__mosaic-close0__s0
68,model.10,0.0076204487122595,0.6392807960510254,0.3494310975074768,0.0006747245788574,1.0,0.2862499952316284,e4p__mosaic-close0__s0
69,model.10,0.0111116841435432,0.6397064924240112,0.3455652594566345,0.0003597736358642,1.0,0.2846874892711639,e4p__mosaic-close0__s0
70,model.10,0.0099919522181153,0.6322446465492249,0.3498214483261108,1.847743988037109e-05,1.0,0.2987499833106994,e4p__mosaic-close0__s0
71,model.10,0.0110183525830507,0.6340833306312561,0.3502174913883209,0.0001634359359741,1.0,0.3018749952316284,e4p__mosaic-close0__s0
72,model.10,0.0113326869904994,0.6400097608566284,0.3547988831996918,0.0004458427429199,1.0,0.2924999892711639,e4p__mosaic-close0__s0
73,model.10,0.0112667717039585,0.637572169303894,0.3471422791481018,0.000298261642456,1.0,0.2803125083446502,e4p__mosaic-close0__s0
74,model.10,0.0118629084900021,0.6626500487327576,0.3165891170501709,2.9802322387695312e-05,1.0,0.2803125083446502,e4p__mosaic-close0__s0
75,model.10,0.0130321262404322,0.6275136470794678,0.3495326936244964,0.0001114606857299,1.0,0.3109374940395355,e4p__mosaic-close0__s0
76,model.10,0.0153620224446058,0.6649336218833923,0.3324514925479889,9.840726852416992e-05,1.0,0.3090624809265136,e4p__mosaic-close0__s0
77,model.10,0.0154675152152776,0.6534562706947327,0.3319684565067291,2.688169479370117e-05,1.0,0.3274999856948852,e4p__mosaic-close0__s0
78,model.10,0.0169047527015209,0.6668609976768494,0.3209020793437958,0.0001196265220642,1.0,0.2840625047683716,e4p__mosaic-close0__s0
79,model.10,0.0170206446200609,0.6432318091392517,0.3440107405185699,0.0014781951904296,1.0,0.2765624821186065,e4p__mosaic-close0__s0
80,model.10,0.0184315703809261,0.6670120358467102,0.3272005319595337,0.0007352828979492,1.0,0.2953124940395355,e4p__mosaic-close0__s0
81,model.10,0.0177028756588697,0.6858239769935608,0.3299179971218109,0.0002033710479736,1.0,0.2996875047683716,e4p__mosaic-close0__s0
82,model.10,0.0197363831102848,0.6791033744812012,0.3115126490592956,0.0006213188171386,1.0,0.2996875047683716,e4p__mosaic-close0__s0
83,model.10,0.0211937166750431,0.6617112755775452,0.3304523527622223,0.002511978149414,1.0,0.2803125083446502,e4p__mosaic-close0__s0
84,model.10,0.0202887505292892,0.6623865962028503,0.3375065922737121,0.0004935264587402,1.0,0.3059374988079071,e4p__mosaic-close0__s0
85,model.10,0.0203418396413326,0.6574835181236267,0.3345677852630615,0.0018749237060546,1.0,0.28125,e4p__mosaic-close0__s0
86,model.10,0.0210077483206987,0.664297342300415,0.3375487327575683,0.000523567199707,1.0,0.3009375035762787,e4p__mosaic-close0__s0
87,model.10,0.0227509457617998,0.6508743166923523,0.3360426723957062,0.0013351440429687,1.0,0.2928124964237213,e4p__mosaic-close0__s0
88,model.10,0.0233545787632465,0.6572628617286682,0.3339973092079162,0.0010948181152343,1.0,0.2631250023841858,e4p__mosaic-close0__s0
89,model.10,0.0237762033939361,0.6527642607688904,0.3368412554264068,0.0017824172973632,1.0,0.2628124952316284,e4p__mosaic-close0__s0
90,model.10,0.0242352448403835,0.6577669978141785,0.3350307047367096,0.0011157989501953,1.0,0.3024999797344208,e4p__mosaic-close0__s0
91,model.10,0.0251481868326663,0.6474842429161072,0.3132625222206116,0.0011653900146484,1.0,0.2787500023841858,e4p__mosaic-close0__s0
92,model.10,0.025981780141592,0.64212965965271,0.3291404545307159,0.0013666152954101,1.0,0.2762500047683716,e4p__mosaic-close0__s0
93,model.10,0.0267956722527742,0.6426777243614197,0.3335742354393005,0.0008759498596191,1.0,0.2768749892711639,e4p__mosaic-close0__s0
94,model.10,0.027336424216628,0.6514121890068054,0.3303308486938476,0.0008525848388671,1.0,0.2765624821186065,e4p__mosaic-close0__s0
95,model.10,0.0276492107659578,0.6567075252532959,0.340248703956604,0.0005359649658203,1.0,0.28125,e4p__mosaic-close0__s0
96,model.10,0.0281202122569084,0.644517183303833,0.3176411986351013,0.0012063980102539,1.0,0.2674999833106994,e4p__mosaic-close0__s0
97,model.10,0.028129369020462,0.6407724022865295,0.3303261399269104,0.0006566047668457,1.0,0.2565625011920929,e4p__mosaic-close0__s0
98,model.10,0.0282985921949148,0.6292709112167358,0.3460409343242645,0.0003149509429931,1.0,0.2978124916553497,e4p__mosaic-close0__s0
99,model.10,0.0283889584243297,0.6569212079048157,0.330542504787445,0.0035247802734375,1.0,0.2628124952316284,e4p__mosaic-close0__s0
100,model.10,0.0283889584243297,0.6569212079048157,0.330542504787445,0.0035247802734375,1.0,0.2628124952316284,e4p__mosaic-close0__s0
0,model.10,-0.000759711896535,0.503551185131073,0.0731944739818573,0.215576171875,0.7021484375,0.0,e4p__mosaic-close50__s0
1,model.10,0.0002364430401939,0.5332337617874146,0.2221399247646331,0.0096359252929687,0.9912109375,0.0049999998882412,e4p__mosaic-close50__s0
2,model.10,-0.0001990063901757,0.5413684248924255,0.2395761907100677,0.0082168579101562,0.98779296875,0.0059374999254941,e4p__mosaic-close50__s0
3,model.10,0.0010487436084076,0.5527588725090027,0.2594999670982361,0.0034427642822265,0.9970703125,0.0234375,e4p__mosaic-close50__s0
4,model.10,-0.0047203148715198,0.5904749631881714,0.2840597927570343,0.0001488924026489,0.998046875,0.0668749958276748,e4p__mosaic-close50__s0
5,model.10,-0.0010331319645047,0.6534937620162964,0.3137984871864319,7.152557373046875e-06,1.0,0.1278124898672104,e4p__mosaic-close50__s0
6,model.10,0.0004793931148014,0.664450466632843,0.2855075597763061,1.5914440155029297e-05,0.9990234375,0.1274999976158142,e4p__mosaic-close50__s0
7,model.10,-0.0014750788686797,0.6535860896110535,0.3047547936439514,0.0001713037490844,0.99951171875,0.1418749988079071,e4p__mosaic-close50__s0
8,model.10,0.0017285918584093,0.6749646067619324,0.2858326435089111,2.211332321166992e-05,0.99853515625,0.1034374982118606,e4p__mosaic-close50__s0
9,model.10,0.0004834435821976,0.67554771900177,0.2917707562446594,0.0002131462097167,0.99951171875,0.1334374994039535,e4p__mosaic-close50__s0
10,model.10,-0.0006690333248116,0.6648628115653992,0.2898021340370178,0.0007977485656738,1.0,0.1375000029802322,e4p__mosaic-close50__s0
11,model.10,-8.582400914747268e-05,0.6770036220550537,0.2825285196304321,0.0014610290527343,1.0,0.1009375005960464,e4p__mosaic-close50__s0
12,model.10,0.0020487939473241,0.6756852865219116,0.2794202268123626,0.0022258758544921,1.0,0.1031249985098838,e4p__mosaic-close50__s0
13,model.10,0.0006337169907055,0.6834429502487183,0.2820305228233337,0.0002715587615966,1.0,0.1178124994039535,e4p__mosaic-close50__s0
14,model.10,0.0002044564753305,0.670429527759552,0.2806043922901153,0.0002378225326538,1.0,0.1309375017881393,e4p__mosaic-close50__s0
15,model.10,-0.0019282948924228,0.6844039559364319,0.282080739736557,0.0003612041473388,1.0,0.1253124922513961,e4p__mosaic-close50__s0
16,model.10,-0.0003789212496485,0.6841371059417725,0.2787992656230926,4.649162292480469e-05,1.0,0.1106249988079071,e4p__mosaic-close50__s0
17,model.10,0.0006990153342485,0.6942574977874756,0.289381593465805,4.613399505615234e-05,1.0,0.1478125005960464,e4p__mosaic-close50__s0
18,model.10,0.0032566646113991,0.6781207323074341,0.271914005279541,1.5437602996826172e-05,1.0,0.1503124982118606,e4p__mosaic-close50__s0
19,model.10,-0.0014405230758711,0.6968029737472534,0.2595243453979492,0.00038743019104,0.99951171875,0.1203124970197677,e4p__mosaic-close50__s0
20,model.10,0.0007477643084712,0.6932117342948914,0.2793404459953308,6.020069122314453e-06,1.0,0.1449999958276748,e4p__mosaic-close50__s0
21,model.10,0.0018637109315022,0.6849892139434814,0.3091751933097839,2.6702880859375e-05,1.0,0.2012500017881393,e4p__mosaic-close50__s0
22,model.10,-0.0028503292705863,0.674254298210144,0.3241999447345733,1.8775463104248047e-05,1.0,0.2359374910593032,e4p__mosaic-close50__s0
23,model.10,0.0053997072391211,0.695503830909729,0.2723554372787475,2.1457672119140625e-06,1.0,0.1978124976158142,e4p__mosaic-close50__s0
24,model.10,-0.001146808033809,0.7475671172142029,0.2487299144268036,3.814697265625e-06,1.0,0.2431249916553497,e4p__mosaic-close50__s0
25,model.10,0.0027072362136095,0.734781801700592,0.2859802842140198,2.568960189819336e-05,1.0,0.2443749904632568,e4p__mosaic-close50__s0
26,model.10,0.0013106151018291,0.7129029035568237,0.2956636548042297,0.0002082586288452,1.0,0.2578125,e4p__mosaic-close50__s0
27,model.10,0.0005924062570556,0.7113009691238403,0.2724289894104004,1.710653305053711e-05,1.0,0.2687499821186065,e4p__mosaic-close50__s0
28,model.10,0.0039025305304676,0.7252862453460693,0.2461492717266082,1.156330108642578e-05,1.0,0.270312488079071,e4p__mosaic-close50__s0
29,model.10,0.0003259039949625,0.7398495078086853,0.2856111228466034,7.367134094238281e-05,1.0,0.2537499964237213,e4p__mosaic-close50__s0
30,model.10,-0.0004557498032227,0.7305561900138855,0.2946717739105224,0.0009889602661132,1.0,0.2725000083446502,e4p__mosaic-close50__s0
31,model.10,0.0002855302591342,0.738032341003418,0.2764731049537658,0.0006141662597656,1.0,0.25,e4p__mosaic-close50__s0
32,model.10,0.0005690915277227,0.7342546582221985,0.2605040669441223,0.0005593299865722,1.0,0.2393749952316284,e4p__mosaic-close50__s0
33,model.10,0.0011418936774134,0.7279781699180603,0.2700159847736358,0.0012397766113281,1.0,0.2593750059604645,e4p__mosaic-close50__s0
34,model.10,-0.0010425356449559,0.7448095679283142,0.2792921364307403,0.0005569458007812,1.0,0.2587499916553497,e4p__mosaic-close50__s0
35,model.10,0.003986622672528,0.7309067845344543,0.2699003219604492,0.0013046264648437,1.0,0.2584374845027923,e4p__mosaic-close50__s0
36,model.10,0.0004770909145008,0.7313584089279175,0.2618039846420288,0.000303030014038,1.0,0.2834374904632568,e4p__mosaic-close50__s0
37,model.10,-0.0006086482317186,0.7323142290115356,0.2792843580245971,0.0008425712585449,1.0,0.2631250023841858,e4p__mosaic-close50__s0
38,model.10,0.0025587235577404,0.7535668611526489,0.2479078322649002,0.0005569458007812,1.0,0.2890625,e4p__mosaic-close50__s0
39,model.10,-0.0002931459748651,0.7422953844070435,0.2721973657608032,7.599592208862305e-05,1.0,0.2712499797344208,e4p__mosaic-close50__s0
40,model.10,-0.0016545050311833,0.745691180229187,0.2725229263305664,0.0001596212387084,1.0,0.2615624964237213,e4p__mosaic-close50__s0
41,model.10,0.0008827677811495,0.7459688186645508,0.2779726386070251,0.0001355409622192,1.0,0.2359374910593032,e4p__mosaic-close50__s0
42,model.10,0.0007818870362825,0.738525390625,0.2707775831222534,0.0011472702026367,1.0,0.2765624821186065,e4p__mosaic-close50__s0
43,model.10,0.0008194257388822,0.7607713341712952,0.2527728676795959,0.0003919601440429,1.0,0.2715624868869781,e4p__mosaic-close50__s0
44,model.10,0.0026046868879348,0.7787618041038513,0.227356418967247,0.0016746520996093,1.0,0.2318749874830246,e4p__mosaic-close50__s0
45,model.10,0.0007402201299555,0.7655056118965149,0.2445669025182724,0.004486083984375,1.0,0.2671875059604645,e4p__mosaic-close50__s0
46,model.10,0.0042029842734336,0.7536503672599792,0.2843553721904754,0.0006666183471679,1.0,0.2946874797344208,e4p__mosaic-close50__s0
47,model.10,0.0039220117032527,0.7504671216011047,0.2998872995376587,3.5643577575683594e-05,1.0,0.3046875,e4p__mosaic-close50__s0
48,model.10,0.0034180216025561,0.7584291696548462,0.2596966028213501,4.649162292480469e-05,1.0,0.3243750035762787,e4p__mosaic-close50__s0
49,model.10,0.0041358890011906,0.7592617869377136,0.2865588665008545,0.000295877456665,1.0,0.3234374821186065,e4p__mosaic-close50__s0
50,model.10,0.0047706761397421,0.7743443250656128,0.2705265879631042,0.00469970703125,1.0,0.3178125023841858,e4p__mosaic-close50__s0
51,model.10,0.0073833158239722,0.7571519017219543,0.2772433459758758,0.0010442733764648,1.0,0.3196874856948852,e4p__mosaic-close50__s0
52,model.10,0.0043911570683121,0.7517520189285278,0.2726296186447143,0.000889778137207,1.0,0.3621875047683716,e4p__mosaic-close50__s0
53,model.10,0.0022280465345829,0.7567052245140076,0.292823851108551,0.0004189014434814,1.0,0.3540624976158142,e4p__mosaic-close50__s0
54,model.10,0.0016526012914255,0.7904077172279358,0.2302682697772979,3.594160079956055e-05,1.0,0.3553124964237213,e4p__mosaic-close50__s0
55,model.10,0.0024613023269921,0.7545132040977478,0.2639825940132141,0.0001910924911499,1.0,0.3671875,e4p__mosaic-close50__s0
56,model.10,0.0031396751292049,0.7613305449485779,0.2928512692451477,0.0001780986785888,1.0,0.3606249988079071,e4p__mosaic-close50__s0
57,model.10,0.0019152355380356,0.765995442867279,0.2550157010555267,0.000106394290924,1.0,0.3521874845027923,e4p__mosaic-close50__s0
58,model.10,0.0029328761156648,0.7505500912666321,0.2945083379745483,3.75509262084961e-06,1.0,0.3218750059604645,e4p__mosaic-close50__s0
59,model.10,0.0035026140976697,0.7682963609695435,0.2798108756542206,0.0002233982086181,1.0,0.3353124856948852,e4p__mosaic-close50__s0
60,model.10,0.0023206253536045,0.766690194606781,0.2557188868522644,5.435943603515625e-05,1.0,0.3715624809265136,e4p__mosaic-close50__s0
61,model.10,0.0033055276144295,0.7767776250839233,0.2671899497509002,0.0019121170043945,1.0,0.359375,e4p__mosaic-close50__s0
62,model.10,0.0034104206133633,0.7585358023643494,0.29338139295578,5.4776668548583984e-05,1.0,0.3612499833106994,e4p__mosaic-close50__s0
63,model.10,0.0028231546748429,0.7722585797309875,0.2718967795372009,0.0010814666748046,1.0,0.3706249892711639,e4p__mosaic-close50__s0
64,model.10,0.0016613121842965,0.7666417360305786,0.2515316307544708,3.933906555175781e-06,1.0,0.3784374892711639,e4p__mosaic-close50__s0
65,model.10,0.0024705114774405,0.7533803582191467,0.2843539416790008,2.390146255493164e-05,1.0,0.375,e4p__mosaic-close50__s0
66,model.10,0.0034036303404718,0.7719398140907288,0.2349991798400879,0.0002305507659912,1.0,0.3643749952316284,e4p__mosaic-close50__s0
67,model.10,0.0039629754610359,0.7766356468200684,0.2680808901786804,0.0005617141723632,1.0,0.3043749928474426,e4p__mosaic-close50__s0
68,model.10,0.003680748399347,0.7853388786315918,0.2486406862735748,0.0002378225326538,1.0,0.3684374988079071,e4p__mosaic-close50__s0
69,model.10,0.0032478896901011,0.7594606876373291,0.2709594368934631,0.001591682434082,1.0,0.3446874916553497,e4p__mosaic-close50__s0
70,model.10,0.0046042329631745,0.7429633736610413,0.2578731179237366,0.0003225803375244,1.0,0.2990624904632568,e4p__mosaic-close50__s0
71,model.10,0.0059009287506341,0.7488332390785217,0.2722608745098114,0.0007495880126953,1.0,0.3771874904632568,e4p__mosaic-close50__s0
72,model.10,0.0064830686897039,0.7341685891151428,0.2508771419525146,0.0004711151123046,1.0,0.3615624904632568,e4p__mosaic-close50__s0
73,model.10,0.0053147808648645,0.7440226674079895,0.2611570954322815,0.0010604858398437,1.0,0.3071874976158142,e4p__mosaic-close50__s0
74,model.10,0.0062133581377565,0.7535634636878967,0.259248286485672,5.877017974853516e-05,1.0,0.3125,e4p__mosaic-close50__s0
75,model.10,0.007151321042329,0.7525843381881714,0.264775812625885,0.0002359151840209,1.0,0.3690624833106994,e4p__mosaic-close50__s0
76,model.10,0.006843495182693,0.763042151927948,0.2772493958473205,0.0006213188171386,1.0,0.3574999868869781,e4p__mosaic-close50__s0
77,model.10,0.0067875036038458,0.7420104742050171,0.2772414088249206,6.502866744995117e-05,1.0,0.348437488079071,e4p__mosaic-close50__s0
78,model.10,0.0084028895944356,0.7582883834838867,0.2752082347869873,0.0001881122589111,1.0,0.3412500023841858,e4p__mosaic-close50__s0
79,model.10,0.0086412020027637,0.7289729118347168,0.2651840448379516,0.0003514289855957,1.0,0.3206250071525574,e4p__mosaic-close50__s0
80,model.10,0.0095998458564281,0.7525059580802917,0.2821636199951172,0.0023784637451171,1.0,0.3143749833106994,e4p__mosaic-close50__s0
81,model.10,0.0096086869016289,0.7265508770942688,0.2849490940570831,3.170967102050781e-05,1.0,0.3693749904632568,e4p__mosaic-close50__s0
82,model.10,0.0103312386199831,0.7312396764755249,0.2688776850700378,0.0014781951904296,1.0,0.3368749916553497,e4p__mosaic-close50__s0
83,model.10,0.0095466673374176,0.7567690014839172,0.2626310884952545,0.0050811767578125,1.0,0.3387500047683716,e4p__mosaic-close50__s0
84,model.10,0.0106275314465165,0.7490139603614807,0.2853071391582489,0.0002591609954833,1.0,0.324999988079071,e4p__mosaic-close50__s0
85,model.10,0.0121423406526446,0.7594122886657715,0.2742639780044555,0.0001584291458129,1.0,0.3415624797344208,e4p__mosaic-close50__s0
86,model.10,0.0123437093570828,0.7416679263114929,0.3032595515251159,0.0031719207763671,1.0,0.3549999892711639,e4p__mosaic-close50__s0
87,model.10,0.0129677401855587,0.7302805781364441,0.275576651096344,0.0069847106933593,1.0,0.3109374940395355,e4p__mosaic-close50__s0
88,model.10,0.0139059005305171,0.7330978512763977,0.2735121250152588,0.0051803588867187,1.0,0.3090624809265136,e4p__mosaic-close50__s0
89,model.10,0.0138050578534603,0.7254566550254822,0.2865599989891052,0.0034027099609375,1.0,0.3390624821186065,e4p__mosaic-close50__s0
90,model.10,0.013901388272643,0.7704808712005615,0.2693054378032684,0.004180908203125,1.0,0.3362500071525574,e4p__mosaic-close50__s0
91,model.10,0.0148896360769867,0.7398859262466431,0.2873449623584747,0.0129241943359375,1.0,0.3206250071525574,e4p__mosaic-close50__s0
92,model.10,0.0148422876372933,0.7418097257614136,0.2856991291046142,0.0179901123046875,1.0,0.3218750059604645,e4p__mosaic-close50__s0
93,model.10,0.0156622417271137,0.7419613003730774,0.2757180631160736,0.0130691528320312,1.0,0.301562488079071,e4p__mosaic-close50__s0
94,model.10,0.016301741823554,0.7522879838943481,0.2737252116203308,0.0282745361328125,1.0,0.3449999988079071,e4p__mosaic-close50__s0
95,model.10,0.016662660986185,0.7384312748908997,0.2813774943351745,0.0066413879394531,1.0,0.3243750035762787,e4p__mosaic-close50__s0
96,model.10,0.0172657407820224,0.7416524887084961,0.266641229391098,0.0165252685546875,1.0,0.3309375047683716,e4p__mosaic-close50__s0
97,model.10,0.0171594489365816,0.7669351696968079,0.2723507881164551,0.0049629211425781,1.0,0.3621875047683716,e4p__mosaic-close50__s0
98,model.10,0.0173400864005088,0.7646193504333496,0.2685897350311279,0.0022602081298828,1.0,0.3434374928474426,e4p__mosaic-close50__s0
99,model.10,0.0171139240264892,0.7454519271850586,0.2383899688720703,0.004486083984375,1.0,0.3456249833106994,e4p__mosaic-close50__s0
100,model.10,0.0171139240264892,0.7454519271850586,0.2383899688720703,0.004486083984375,1.0,0.3456249833106994,e4p__mosaic-close50__s0
0,model.10,0.0024659722112119,0.5019969344139099,0.0903150737285614,0.19580078125,0.82568359375,0.0,e5p__postsppf-ep40__s0
1,model.10,0.0022202485706657,0.5482746958732605,0.2045224606990814,0.0280609130859375,0.99755859375,0.0046874997206032,e5p__postsppf-ep40__s0
2,model.10,-0.001893549808301,0.5469910502433777,0.2211620360612869,0.0070114135742187,0.98828125,0.0043750000186264,e5p__postsppf-ep40__s0
3,model.10,-0.0010142243700101,0.5651983618736267,0.2633662819862366,0.0044517517089843,0.99853515625,0.0365624986588954,e5p__postsppf-ep40__s0
4,model.10,0.002406837651506,0.5732536315917969,0.261612594127655,0.0017271041870117,1.0,0.0656249970197677,e5p__postsppf-ep40__s0
5,model.10,-0.00150516431313,0.6013739109039307,0.2782681882381439,0.0004618167877197,0.99951171875,0.0671874955296516,e5p__postsppf-ep40__s0
6,model.10,0.0011875983327627,0.6021110415458679,0.2921293079853058,0.0003800392150878,0.99853515625,0.0728124976158142,e5p__postsppf-ep40__s0
7,model.10,-0.0012447824701666,0.6164939999580383,0.2794551253318786,0.0012693405151367,0.99853515625,0.0737499967217445,e5p__postsppf-ep40__s0
8,model.10,0.0026711046230047,0.6228203177452087,0.2893180549144745,0.0003514289855957,0.99951171875,0.1128124967217445,e5p__postsppf-ep40__s0
9,model.10,0.0018677212065085,0.6198906898498535,0.2832282483577728,0.000251293182373,1.0,0.0990624949336052,e5p__postsppf-ep40__s0
10,model.10,-0.0016687749885022,0.6345202922821045,0.2675143778324127,0.0004746913909912,1.0,0.1096874997019767,e5p__postsppf-ep40__s0
11,model.10,0.0017029017908498,0.6464756727218628,0.2711718678474426,1.132488250732422e-05,0.99951171875,0.0943749994039535,e5p__postsppf-ep40__s0
12,model.10,-0.0011163552990183,0.6430290937423706,0.2786530554294586,0.0031967163085937,1.0,0.0893749967217445,e5p__postsppf-ep40__s0
13,model.10,0.0014796637697145,0.6544215083122253,0.2676344513893127,0.0002359151840209,1.0,0.0856250002980232,e5p__postsppf-ep40__s0
14,model.10,0.0003038664581254,0.6400694847106934,0.302891343832016,0.0004529953002929,1.0,0.0931250005960464,e5p__postsppf-ep40__s0
15,model.10,-0.0014344950905069,0.6260693073272705,0.2703510522842407,0.0006694793701171,1.0,0.1462499946355819,e5p__postsppf-ep40__s0
16,model.10,-0.0016375085106119,0.6513574123382568,0.2799865305423736,0.0002846717834472,0.99951171875,0.1253124922513961,e5p__postsppf-ep40__s0
17,model.10,-0.0001378927845507,0.683165967464447,0.262946605682373,0.0013990402221679,1.0,0.105624996125698,e5p__postsppf-ep40__s0
18,model.10,0.0042303968220949,0.6845043897628784,0.2447564899921417,0.0005884170532226,1.0,0.1465625017881393,e5p__postsppf-ep40__s0
19,model.10,-0.0001326362107647,0.6928678750991821,0.2640284895896911,0.0004158020019531,1.0,0.1359374970197677,e5p__postsppf-ep40__s0
20,model.10,-0.0007213411736302,0.7039275765419006,0.2739945948123932,5.269050598144531e-05,1.0,0.1481249928474426,e5p__postsppf-ep40__s0
21,model.10,0.0007447583484463,0.7081651091575623,0.2513026297092438,0.000467300415039,1.0,0.1321875005960464,e5p__postsppf-ep40__s0
22,model.10,0.0015123561024665,0.7057633996009827,0.2515238523483276,0.0023326873779296,1.0,0.1278124898672104,e5p__postsppf-ep40__s0
23,model.10,-0.0010098613565787,0.7134068012237549,0.2502070665359497,0.0036640167236328,1.0,0.1265624910593032,e5p__postsppf-ep40__s0
24,model.10,0.0012381651904433,0.7082162499427795,0.2550953030586242,0.0024528503417968,1.0,0.1503124982118606,e5p__postsppf-ep40__s0
25,model.10,0.000729956314899,0.705937922000885,0.241270512342453,0.0018386840820312,1.0,0.1393750011920929,e5p__postsppf-ep40__s0
26,model.10,-0.0015475291293114,0.7095531225204468,0.2563903927803039,0.011505126953125,1.0,0.1165625005960464,e5p__postsppf-ep40__s0
27,model.10,-0.0010999138467013,0.7048492431640625,0.2399363666772842,0.0024623870849609,1.0,0.1453125029802322,e5p__postsppf-ep40__s0
28,model.10,-0.0010390799725428,0.7231924533843994,0.2312442064285278,0.001169204711914,1.0,0.1428124904632568,e5p__postsppf-ep40__s0
29,model.10,0.000918109959457,0.7279142737388611,0.2193827331066131,0.0042648315429687,1.0,0.1584374904632568,e5p__postsppf-ep40__s0
30,model.10,0.0017671679379418,0.7327638864517212,0.235866367816925,0.0018386840820312,1.0,0.1196874976158142,e5p__postsppf-ep40__s0
31,model.10,0.0007808455848135,0.7297213673591614,0.2542383074760437,0.0039291381835937,1.0,0.1140624955296516,e5p__postsppf-ep40__s0
32,model.10,-0.0003383346484042,0.7301393151283264,0.231955200433731,0.0039443969726562,1.0,0.1393750011920929,e5p__postsppf-ep40__s0
33,model.10,-0.0002326819230802,0.7156009674072266,0.2215650677680969,0.0014781951904296,1.0,0.1696874946355819,e5p__postsppf-ep40__s0
34,model.10,-0.0002707693492993,0.7212821245193481,0.2323297262191772,0.0012493133544921,1.0,0.1734374910593032,e5p__postsppf-ep40__s0
35,model.10,-0.0004696892574429,0.7237020134925842,0.2440730780363083,0.0050811767578125,1.0,0.1565624922513961,e5p__postsppf-ep40__s0
36,model.10,-0.0005740881897509,0.7364324927330017,0.227091372013092,0.0001753568649291,1.0,0.1706250011920929,e5p__postsppf-ep40__s0
37,model.10,-0.0005326793179847,0.721796989440918,0.2476469874382019,0.0016813278198242,1.0,0.1365624964237213,e5p__postsppf-ep40__s0
38,model.10,-0.0005474821082316,0.7270007729530334,0.2592178881168365,0.0113296508789062,1.0,0.1284375041723251,e5p__postsppf-ep40__s0
39,model.10,-0.0004598685191012,0.7234678268432617,0.259850412607193,0.0065650939941406,1.0,0.1371874958276748,e5p__postsppf-ep40__s0
40,model.10,-0.0004598685191012,0.7234678268432617,0.259850412607193,0.0065650939941406,1.0,0.1371874958276748,e5p__postsppf-ep40__s0
0,model.10,-0.0005776562029495,0.5034329295158386,0.0855574607849121,0.1795654296875,0.7587890625,0.0,e5p__postsppf-ep60__s0
1,model.10,-0.0059478296898305,0.4941834807395935,0.1769563853740692,0.0113296508789062,0.96240234375,0.0018749999580904,e5p__postsppf-ep60__s0
2,model.10,0.0036819796077907,0.5501273274421692,0.2593560218811035,9.608268737792967e-05,0.99658203125,0.0634374991059303,e5p__postsppf-ep60__s0
3,model.10,-0.0020240896847099,0.5633646845817566,0.2455886602401733,0.0009255409240722,0.9990234375,0.0324999988079071,e5p__postsppf-ep60__s0
4,model.10,0.0016025949735194,0.579224169254303,0.2503635287284851,0.0002937316894531,0.99755859375,0.0337499976158142,e5p__postsppf-ep60__s0
5,model.10,0.0029005997348576,0.5867559909820557,0.2889561951160431,7.659196853637695e-05,0.998046875,0.0618749968707561,e5p__postsppf-ep60__s0
6,model.10,0.0008765450329519,0.5933599472045898,0.2983672022819519,2.819299697875977e-05,0.998046875,0.0843750014901161,e5p__postsppf-ep60__s0
7,model.10,-8.529997285222635e-05,0.6015200614929199,0.2986622452735901,7.390975952148437e-06,0.99853515625,0.0912499949336052,e5p__postsppf-ep60__s0
8,model.10,-0.0003477289283182,0.6040762066841125,0.2916648089885711,4.13060188293457e-05,0.99951171875,0.1003125011920929,e5p__postsppf-ep60__s0
9,model.10,0.002851199125871,0.6008169651031494,0.3041122257709503,9.316205978393556e-05,0.998046875,0.078125,e5p__postsppf-ep60__s0
10,model.10,0.0018140394240617,0.6265182495117188,0.2840755879878998,6.812810897827148e-05,0.99951171875,0.1418749988079071,e5p__postsppf-ep60__s0
11,model.10,5.8097295550396666e-05,0.6395018696784973,0.302855908870697,3.737211227416992e-05,1.0,0.1268749982118606,e5p__postsppf-ep60__s0
12,model.10,-0.0005841638194397,0.6435421705245972,0.2993803024291992,1.4185905456542969e-05,1.0,0.1334374994039535,e5p__postsppf-ep60__s0
13,model.10,-5.886009603273124e-05,0.6341983079910278,0.305663913488388,0.0006933212280273,0.99951171875,0.1146874949336052,e5p__postsppf-ep60__s0
14,model.10,0.0019421409815549,0.6576051115989685,0.3087854385375976,8.463859558105469e-06,0.99951171875,0.1262499988079071,e5p__postsppf-ep60__s0
15,model.10,0.002580760512501,0.6464666724205017,0.3177407681941986,0.0003542900085449,1.0,0.1499999910593032,e5p__postsppf-ep60__s0
16,model.10,0.0026208232156932,0.6764395833015442,0.3063599467277527,6.657838821411133e-05,1.0,0.1774999946355819,e5p__postsppf-ep60__s0
17,model.10,0.0017635201802477,0.6815720200538635,0.2933737635612488,0.0005335807800292,1.0,0.1628125011920929,e5p__postsppf-ep60__s0
18,model.10,-0.0019343845779076,0.6841253638267517,0.2693361639976501,0.0001753568649291,1.0,0.1659374982118606,e5p__postsppf-ep60__s0
19,model.10,0.0014959929976612,0.7045577168464661,0.283081591129303,1.2695789337158205e-05,0.99951171875,0.1234374940395355,e5p__postsppf-ep60__s0
20,model.10,0.0017603851156309,0.6996963620185852,0.291724145412445,0.00042724609375,1.0,0.1674999892711639,e5p__postsppf-ep60__s0
21,model.10,-0.0002956331591121,0.6995975375175476,0.2879486083984375,7.903575897216797e-05,1.0,0.1749999970197677,e5p__postsppf-ep60__s0
22,model.10,0.0030817524529993,0.678237795829773,0.3087805211544037,0.000123381614685,1.0,0.163124993443489,e5p__postsppf-ep60__s0
23,model.10,0.0030251666903495,0.6771515607833862,0.3227282166481018,6.35385513305664e-05,1.0,0.1956249922513961,e5p__postsppf-ep60__s0
24,model.10,0.0029393171425908,0.6855785846710205,0.2937463223934173,0.0002082586288452,1.0,0.1615625023841858,e5p__postsppf-ep60__s0
25,model.10,0.0028298406396061,0.6852178573608398,0.3173853456974029,3.427267074584961e-05,1.0,0.1946875005960464,e5p__postsppf-ep60__s0
26,model.10,0.0030904768500477,0.683364748954773,0.3091995120048523,0.0002672672271728,1.0,0.2046874910593032,e5p__postsppf-ep60__s0
27,model.10,0.0026104790158569,0.6944847106933594,0.2938809990882873,7.724761962890625e-05,1.0,0.1384374946355819,e5p__postsppf-ep60__s0
28,model.10,0.0035830349661409,0.6971049308776855,0.28410205245018,5.4776668548583984e-05,1.0,0.2128124982118606,e5p__postsppf-ep60__s0
29,model.10,0.0027988490182906,0.6846572756767273,0.2978478968143463,0.0003697872161865,1.0,0.2015624940395355,e5p__postsppf-ep60__s0
30,model.10,0.0035820184275507,0.6870397925376892,0.2802000045776367,0.0001031160354614,1.0,0.2271874994039535,e5p__postsppf-ep60__s0
31,model.10,0.0032894618343561,0.679664134979248,0.3123711943626404,0.0001910924911499,1.0,0.1987499892711639,e5p__postsppf-ep60__s0
32,model.10,0.0027567115612328,0.6884199976921082,0.280727207660675,0.0013561248779296,1.0,0.2184374928474426,e5p__postsppf-ep60__s0
33,model.10,0.0052573368884623,0.6886448264122009,0.3113887310028076,1.233816146850586e-05,1.0,0.2378124892711639,e5p__postsppf-ep60__s0
34,model.10,0.0039727929979562,0.6565601229667664,0.3404455780982971,2.110004425048828e-05,1.0,0.2899999916553497,e5p__postsppf-ep60__s0
35,model.10,0.0073410435579717,0.6843967437744141,0.3209224045276642,3.9458274841308594e-05,1.0,0.246874988079071,e5p__postsppf-ep60__s0
36,model.10,0.0067104971967637,0.6846948862075806,0.3283030688762665,7.086992263793945e-05,1.0,0.2478124946355819,e5p__postsppf-ep60__s0
37,model.10,0.0030730976723134,0.6994361877441406,0.3142812848091125,3.75509262084961e-06,1.0,0.3065624833106994,e5p__postsppf-ep60__s0
38,model.10,0.0058195325545966,0.6674167513847351,0.3130840361118316,4.887580871582031e-06,1.0,0.3096874952316284,e5p__postsppf-ep60__s0
39,model.10,0.0064370152540504,0.6810845732688904,0.3064873218536377,5.4776668548583984e-05,1.0,0.2865625023841858,e5p__postsppf-ep60__s0
40,model.10,0.0060021788813173,0.703030526638031,0.3104389905929565,0.0002341270446777,1.0,0.2696875035762787,e5p__postsppf-ep60__s0
41,model.10,0.0064907190389931,0.6895970106124878,0.3224491477012634,0.0003447532653808,1.0,0.2553125023841858,e5p__postsppf-ep60__s0
42,model.10,0.0068713203072547,0.6987122893333435,0.3192271590232849,5.3048133850097656e-05,1.0,0.2849999964237213,e5p__postsppf-ep60__s0
43,model.10,0.00722779892385,0.6496246457099915,0.3149892091751098,2.819299697875977e-05,1.0,0.249062493443489,e5p__postsppf-ep60__s0
44,model.10,0.006705573759973,0.686726987361908,0.3056740462779999,0.0001910924911499,1.0,0.3187499940395355,e5p__postsppf-ep60__s0
45,model.10,0.0094788912683725,0.6816046237945557,0.3043901324272156,0.0004458427429199,1.0,0.2837499976158142,e5p__postsppf-ep60__s0
46,model.10,0.0104663493111729,0.6430831551551819,0.3468338251113891,0.0001559257507324,1.0,0.3012499809265136,e5p__postsppf-ep60__s0
47,model.10,0.0097022727131843,0.658227801322937,0.3285466432571411,0.0001559257507324,1.0,0.3231250047683716,e5p__postsppf-ep60__s0
48,model.10,0.0108173228800296,0.6797276139259338,0.331800252199173,0.0001881122589111,1.0,0.2928124964237213,e5p__postsppf-ep60__s0
49,model.10,0.0116046415641903,0.6369249820709229,0.3289050459861755,0.0011968612670898,1.0,0.2934374809265136,e5p__postsppf-ep60__s0
50,model.10,0.0117751210927963,0.658696711063385,0.3080711960792541,0.0001323223114013,1.0,0.2924999892711639,e5p__postsppf-ep60__s0
51,model.10,0.0126180769875645,0.6301583051681519,0.3279944062232971,0.0002937316894531,1.0,0.2693749964237213,e5p__postsppf-ep60__s0
52,model.10,0.0135422404855489,0.6465651392936707,0.3397822976112366,0.0005073547363281,1.0,0.3018749952316284,e5p__postsppf-ep60__s0
53,model.10,0.014443926513195,0.654363751411438,0.3504242897033691,6.252527236938477e-05,1.0,0.3149999976158142,e5p__postsppf-ep60__s0
54,model.10,0.0147605696693062,0.6868656277656555,0.319452166557312,0.0001022815704345,1.0,0.2750000059604645,e5p__postsppf-ep60__s0
55,model.10,0.015541024506092,0.6611975431442261,0.3012563288211822,0.0022869110107421,1.0,0.2418749928474426,e5p__postsppf-ep60__s0
56,model.10,0.0159175992012023,0.6343559622764587,0.3466722369194031,0.0009145736694335,1.0,0.262499988079071,e5p__postsppf-ep60__s0
57,model.10,0.0163661651313304,0.6438076496124268,0.3031801283359527,0.0005273818969726,1.0,0.2903124988079071,e5p__postsppf-ep60__s0
58,model.10,0.0164645556360483,0.6513132452964783,0.3314316570758819,0.0003528594970703,1.0,0.246874988079071,e5p__postsppf-ep60__s0
59,model.10,0.0167165379971265,0.6543236374855042,0.328178197145462,0.0004546642303466,1.0,0.2874999940395355,e5p__postsppf-ep60__s0
60,model.10,0.0167165379971265,0.6543236374855042,0.328178197145462,0.0004546642303466,1.0,0.2874999940395355,e5p__postsppf-ep60__s0
0,model.10,-0.0017672234680503,0.5453897714614868,0.0694116652011871,0.30615234375,0.86474609375,0.0,e6p__lam-1e-4__s1
1,model.10,-0.0037243997212499,0.5304312109947205,0.1515494436025619,0.148681640625,0.9931640625,0.0034374999813735,e6p__lam-1e-4__s1
2,model.10,0.0007740330765955,0.5599411129951477,0.2627214789390564,0.0001333951950073,0.99755859375,0.0231250002980232,e6p__lam-1e-4__s1
3,model.10,-0.0012532245600596,0.5724969506263733,0.2755106687545776,0.001896858215332,0.99072265625,0.0149999996647238,e6p__lam-1e-4__s1
4,model.10,0.0013127741403877,0.6095405220985413,0.2431681603193283,0.0017271041870117,0.99658203125,0.0218749996274709,e6p__lam-1e-4__s1
5,model.10,-2.481350020389073e-05,0.6212761998176575,0.2468854933977127,0.0004205703735351,0.9951171875,0.0393749997019767,e6p__lam-1e-4__s1
6,model.10,0.0018492067465558,0.6372225284576416,0.2137849330902099,0.0026206970214843,0.994140625,0.0115625001490116,e6p__lam-1e-4__s1
7,model.10,0.0011197762796655,0.6447358727455139,0.2046364545822143,0.0110702514648437,0.9990234375,0.014687499962747,e6p__lam-1e-4__s1
8,model.10,-0.0003462305176071,0.6626415252685547,0.176080122590065,0.0119171142578125,0.99853515625,0.0087500000372529,e6p__lam-1e-4__s1
9,model.10,-0.0006703656399622,0.6860891580581665,0.1561225056648254,0.09075927734375,0.9814453125,0.000312499993015,e6p__lam-1e-4__s1
10,model.10,0.002030024304986,0.6868308186531067,0.1580360978841781,0.0089492797851562,0.99267578125,0.0056249997578561,e6p__lam-1e-4__s1
11,model.10,-0.0021263670641928,0.7002954483032227,0.1958802044391632,0.0010042190551757,0.98974609375,0.0071874996647238,e6p__lam-1e-4__s1
12,model.10,0.0019124811515212,0.7289382815361023,0.1751026213169098,0.0057754516601562,0.98974609375,0.0112499995157122,e6p__lam-1e-4__s1
13,model.10,-0.0010682062711566,0.7488488554954529,0.1276689767837524,0.047088623046875,0.98583984375,0.0012499999720603,e6p__lam-1e-4__s1
14,model.10,0.001069672522135,0.7571077346801758,0.1443631649017334,0.0236968994140625,0.990234375,0.002812499878928,e6p__lam-1e-4__s1
15,model.10,0.0009974343702197,0.7613714337348938,0.1436785161495208,0.03662109375,0.99365234375,0.0084374994039535,e6p__lam-1e-4__s1
16,model.10,-0.0007853102288208,0.7766280174255371,0.1324634104967117,0.026153564453125,0.98974609375,0.0049999998882412,e6p__lam-1e-4__s1
17,model.10,0.0012900944566354,0.7967759370803833,0.1130883395671844,0.09368896484375,0.99755859375,0.0121874995529651,e6p__lam-1e-4__s1
18,model.10,-0.0002969947527162,0.8197236657142639,0.1217418015003204,0.10577392578125,0.99365234375,0.0137499999254941,e6p__lam-1e-4__s1
19,model.10,0.0013505223905667,0.830128014087677,0.1061912178993225,0.12347412109375,0.99755859375,0.0168749988079071,e6p__lam-1e-4__s1
20,model.10,0.0002049247559625,0.85202956199646,0.1057586073875427,0.034942626953125,0.998046875,0.0287499986588954,e6p__lam-1e-4__s1
21,model.10,0.0014756247401237,0.8662576079368591,0.0818773657083511,0.12890625,0.99853515625,0.042187500745058,e6p__lam-1e-4__s1
22,model.10,-0.0016364427283406,0.8793006539344788,0.0850937068462371,0.07489013671875,0.99609375,0.0374999977648258,e6p__lam-1e-4__s1
23,model.10,-0.0007926216349005,0.867280125617981,0.1461216062307357,0.0147857666015625,0.99853515625,0.1084375008940696,e6p__lam-1e-4__s1
24,model.10,0.001463477849029,0.8946179151535034,0.1016378551721572,0.130615234375,0.99951171875,0.1206249967217445,e6p__lam-1e-4__s1
25,model.10,0.0043571135029196,0.8828684687614441,0.1266282647848129,0.0222930908203125,1.0,0.2953124940395355,e6p__lam-1e-4__s1
26,model.10,0.0005189942312426,0.8646966218948364,0.2036946564912796,0.0016040802001953,1.0,0.390937477350235,e6p__lam-1e-4__s1
27,model.10,0.0016125006368383,0.916662573814392,0.1118348762392997,0.0150146484375,1.0,0.3306249976158142,e6p__lam-1e-4__s1
28,model.10,0.001752569573,0.9206303954124452,0.121852658689022,0.040313720703125,1.0,0.3918749988079071,e6p__lam-1e-4__s1
29,model.10,0.0004102464299649,0.9369227290153505,0.0890273004770279,0.103759765625,1.0,0.4287499785423279,e6p__lam-1e-4__s1
30,model.10,0.0005180488806217,0.943781554698944,0.0813416019082069,0.1593017578125,1.0,0.4424999952316284,e6p__lam-1e-4__s1
31,model.10,0.0012310101883485,0.9549115300178528,0.0649297907948494,0.34765625,1.0,0.4840624928474426,e6p__lam-1e-4__s1
32,model.10,0.0028643568512052,0.953278124332428,0.0680757462978363,0.363525390625,1.0,0.5121874809265137,e6p__lam-1e-4__s1
33,model.10,0.0002274755825055,0.9352113008499146,0.0972982868552208,0.0101699829101562,1.0,0.5234375,e6p__lam-1e-4__s1
34,model.10,-0.0019762085285037,0.9430625438690186,0.0984207987785339,0.0863037109375,1.0,0.5274999737739563,e6p__lam-1e-4__s1
35,model.10,0.0004987380234524,0.9656704664230348,0.0570729076862335,0.1563720703125,1.0,0.6221874952316284,e6p__lam-1e-4__s1
36,model.10,0.0038709065411239,0.9319148063659668,0.1313141584396362,0.0247955322265625,1.0,0.5428124666213989,e6p__lam-1e-4__s1
37,model.10,0.0025320609565824,0.9263972043991088,0.1265285462141037,0.0059127807617187,1.0,0.5799999833106995,e6p__lam-1e-4__s1
38,model.10,0.0020134355872869,0.9522770643234252,0.0845090299844741,0.08477783203125,1.0,0.620312511920929,e6p__lam-1e-4__s1
39,model.10,-0.0002847104333341,0.9447158575057985,0.0892979353666305,0.12359619140625,1.0,0.6196874976158142,e6p__lam-1e-4__s1
40,model.10,-0.0005906295264139,0.9601768851280212,0.070711962878704,0.245849609375,1.0,0.6556249856948853,e6p__lam-1e-4__s1
41,model.10,0.0011713514104485,0.9641023278236388,0.0826862752437591,0.1478271484375,1.0,0.6965624690055847,e6p__lam-1e-4__s1
42,model.10,0.001767354318872,0.9609426856040956,0.0750132799148559,0.093505859375,1.0,0.698437511920929,e6p__lam-1e-4__s1
43,model.10,-0.0032057268545031,0.943769633769989,0.1148516535758972,0.048858642578125,1.0,0.6721875071525574,e6p__lam-1e-4__s1
44,model.10,0.0029187644831836,0.8980453014373779,0.1450225710868835,0.001810073852539,1.0,0.7024999856948853,e6p__lam-1e-4__s1
45,model.10,8.441169484285638e-05,0.9009138345718384,0.174092561006546,0.0015192031860351,1.0,0.6484375,e6p__lam-1e-4__s1
46,model.10,-0.0030256069730967,0.944585621356964,0.1065023615956306,0.0067710876464843,1.0,0.682812511920929,e6p__lam-1e-4__s1
47,model.10,0.0028678618837147,0.9470425844192504,0.1043480634689331,0.0208892822265625,1.0,0.6884374618530273,e6p__lam-1e-4__s1
48,model.10,0.0044929971918463,0.9446046948432922,0.0931751132011413,0.060211181640625,1.0,0.7112500071525574,e6p__lam-1e-4__s1
49,model.10,0.0024875178933143,0.9353504776954652,0.1424685716629028,0.0076065063476562,1.0,0.6931250095367432,e6p__lam-1e-4__s1
50,model.10,0.0026180420536547,0.9310396313667296,0.1488522887229919,0.0033512115478515,1.0,0.6659374833106995,e6p__lam-1e-4__s1
51,model.10,0.0019276551902294,0.9627411365509032,0.0770505145192146,0.142578125,1.0,0.7415624856948853,e6p__lam-1e-4__s1
52,model.10,0.000846290087793,0.9531208872795104,0.0931739956140518,0.053009033203125,1.0,0.7087500095367432,e6p__lam-1e-4__s1
53,model.10,0.0015448224730789,0.9593825936317444,0.0854757279157638,0.10650634765625,1.0,0.7228124737739563,e6p__lam-1e-4__s1
54,model.10,0.0021355752833187,0.9702332615852356,0.074946105480194,0.04779052734375,1.0,0.7815625071525574,e6p__lam-1e-4__s1
55,model.10,0.0039252573624253,0.96295166015625,0.0823818445205688,0.05059814453125,1.0,0.7556250095367432,e6p__lam-1e-4__s1
56,model.10,0.002692975802347,0.9537121653556824,0.1003018319606781,0.0091934204101562,1.0,0.739062488079071,e6p__lam-1e-4__s1
57,model.10,0.0009987786179408,0.9365922212600708,0.1363098919391632,0.0139541625976562,1.0,0.7425000071525574,e6p__lam-1e-4__s1
58,model.10,9.173100988846272e-05,0.9335006475448608,0.1280391216278076,0.0059127807617187,1.0,0.7615624666213989,e6p__lam-1e-4__s1
59,model.10,0.0021717436611652,0.9422529339790344,0.1118893548846244,0.0087127685546875,1.0,0.7537499666213989,e6p__lam-1e-4__s1
60,model.10,0.0042406753636896,0.9548602104187012,0.1042267382144928,0.0160980224609375,1.0,0.739062488079071,e6p__lam-1e-4__s1
61,model.10,0.0044891699217259,0.9256603717803956,0.1171964257955551,0.017181396484375,1.0,0.7603124976158142,e6p__lam-1e-4__s1
62,model.10,0.0036497747059911,0.96308696269989,0.0811248868703842,0.1981201171875,1.0,0.72718745470047,e6p__lam-1e-4__s1
63,model.10,0.0049067451618611,0.9414678812026978,0.1424545645713806,0.0089187622070312,1.0,0.7509374618530273,e6p__lam-1e-4__s1
64,model.10,0.0076482500880956,0.92523193359375,0.1128051131963729,0.0055351257324218,1.0,0.731249988079071,e6p__lam-1e-4__s1
65,model.10,0.0088432766497135,0.9363338947296144,0.1342570781707763,0.0072898864746093,1.0,0.7131249904632568,e6p__lam-1e-4__s1
66,model.10,0.0082470336928963,0.9530925750732422,0.1159170717000961,0.0121002197265625,1.0,0.7931249737739563,e6p__lam-1e-4__s1
67,model.10,0.0085186334326863,0.9658995866775512,0.0828445702791214,0.054901123046875,1.0,0.7684375047683716,e6p__lam-1e-4__s1
68,model.10,0.0081411739811301,0.9743974208831788,0.0644508898258209,0.1788330078125,1.0,0.7981249690055847,e6p__lam-1e-4__s1
69,model.10,0.0046447371132671,0.9446625113487244,0.1264007836580276,0.0180511474609375,1.0,0.7331249713897705,e6p__lam-1e-4__s1
70,model.10,0.0049242880195379,0.9522120356559752,0.1025753766298294,0.0128250122070312,1.0,0.7403124570846558,e6p__lam-1e-4__s1
71,model.10,0.0059388549998402,0.9469623565673828,0.1126470565795898,0.0114669799804687,1.0,0.7587499618530273,e6p__lam-1e-4__s1
72,model.10,0.00459985435009,0.9379132390022278,0.1378891468048095,0.012237548828125,1.0,0.71937495470047,e6p__lam-1e-4__s1
73,model.10,0.004750492516905,0.9262281060218812,0.1514433771371841,0.01177978515625,1.0,0.7215625047683716,e6p__lam-1e-4__s1
74,model.10,0.0055720354430377,0.9610902070999146,0.092610165476799,0.0191650390625,1.0,0.7612499594688416,e6p__lam-1e-4__s1
75,model.10,0.0075394422747194,0.9462372660636902,0.1125678271055221,0.03643798828125,1.0,0.71156245470047,e6p__lam-1e-4__s1
76,model.10,0.0081313680857419,0.9414605498313904,0.1231664642691612,0.0099334716796875,1.0,0.7184374928474426,e6p__lam-1e-4__s1
77,model.10,0.0068468386307358,0.935656189918518,0.1400180757045745,0.0200653076171875,1.0,0.6981250047683716,e6p__lam-1e-4__s1
78,model.10,0.0068529187701642,0.945381999015808,0.1325934827327728,0.02886962890625,1.0,0.7090624570846558,e6p__lam-1e-4__s1
79,model.10,0.0061727967113256,0.9463886022567748,0.1212475672364234,0.037750244140625,1.0,0.7315624952316284,e6p__lam-1e-4__s1
80,model.10,0.0077463914640247,0.9556972980499268,0.1088794320821762,0.057373046875,1.0,0.7378124594688416,e6p__lam-1e-4__s1
81,model.10,0.0068443268537521,0.929463803768158,0.1506923139095306,0.0137405395507812,1.0,0.7174999713897705,e6p__lam-1e-4__s1
82,model.10,0.0078364256769418,0.9356518387794496,0.1349981129169464,0.047607421875,1.0,0.690625011920929,e6p__lam-1e-4__s1
83,model.10,0.0092496173456311,0.9400524497032166,0.1139854937791824,0.0074310302734375,1.0,0.7306249737739563,e6p__lam-1e-4__s1
84,model.10,0.0104999728500843,0.9366666674613952,0.1337283849716186,0.05865478515625,1.0,0.7040624618530273,e6p__lam-1e-4__s1
85,model.10,0.0111944796517491,0.9411918520927428,0.1333120912313461,0.027374267578125,1.0,0.7199999690055847,e6p__lam-1e-4__s1
86,model.10,0.0127239720895886,0.9397539496421814,0.1404809951782226,0.0170440673828125,1.0,0.7365624904632568,e6p__lam-1e-4__s1
87,model.10,0.0119475554674863,0.9465550184249878,0.1299766451120376,0.033660888671875,1.0,0.6868749856948853,e6p__lam-1e-4__s1
88,model.10,0.0118098249658942,0.9565986394882202,0.0950749367475509,0.06842041015625,1.0,0.7149999737739563,e6p__lam-1e-4__s1
89,model.10,0.012598424218595,0.9430314302444458,0.1240472719073295,0.018402099609375,1.0,0.7199999690055847,e6p__lam-1e-4__s1
90,model.10,0.0134472884237766,0.9467912316322328,0.1211631074547767,0.11029052734375,1.0,0.6800000071525574,e6p__lam-1e-4__s1
91,model.10,0.013663213700056,0.9219916462898254,0.1590053141117096,0.0323486328125,1.0,0.6665624976158142,e6p__lam-1e-4__s1
92,model.10,0.0136152748018503,0.924062728881836,0.1507793068885803,0.0107345581054687,1.0,0.6859374642372131,e6p__lam-1e-4__s1
93,model.10,0.0138206584379076,0.9326297640800476,0.1031296700239181,0.0125274658203125,1.0,0.6862499713897705,e6p__lam-1e-4__s1
94,model.10,0.0140929771587252,0.9332494735717772,0.1427696645259857,0.0210113525390625,1.0,0.6993749737739563,e6p__lam-1e-4__s1
95,model.10,0.0143552208319306,0.9199363589286804,0.1416723430156707,0.020965576171875,1.0,0.6981250047683716,e6p__lam-1e-4__s1
96,model.10,0.0147976130247116,0.938057005405426,0.1187872290611267,0.0391845703125,1.0,0.7071874737739563,e6p__lam-1e-4__s1
97,model.10,0.0151217561215162,0.9457902312278748,0.1045371890068054,0.0238189697265625,1.0,0.675000011920929,e6p__lam-1e-4__s1
98,model.10,0.0151358461007475,0.9462738037109376,0.1163491010665893,0.024932861328125,1.0,0.7093749642372131,e6p__lam-1e-4__s1
99,model.10,0.015127875842154,0.9324198961257936,0.1376733481884002,0.0276947021484375,1.0,0.6631249785423279,e6p__lam-1e-4__s1
100,model.10,0.015127875842154,0.9324198961257936,0.1376733481884002,0.0276947021484375,1.0,0.6631249785423279,e6p__lam-1e-4__s1
0,model.10,-9.57832089625299e-05,0.515471875667572,0.0671469494700431,0.1534423828125,0.76123046875,0.0,e6p__lam-1e-4__s2
1,model.10,0.0022825119085609,0.5279923677444458,0.183595061302185,0.0256195068359375,0.91259765625,0.0,e6p__lam-1e-4__s2
2,model.10,-0.0050490726716816,0.5572900772094727,0.2361293137073516,0.0002099275588989,0.99072265625,0.0278124995529651,e6p__lam-1e-4__s2
3,model.10,0.0018466304754838,0.6041263937950134,0.2531524002552032,0.000295877456665,1.0,0.0478124991059303,e6p__lam-1e-4__s2
4,model.10,-0.0017655934207141,0.6185635924339294,0.2466738224029541,0.0053863525390625,0.9990234375,0.0290625002235174,e6p__lam-1e-4__s2
5,model.10,-0.0013246347662061,0.6397443413734436,0.2240858674049377,0.0056648254394531,0.99951171875,0.0340625010430812,e6p__lam-1e-4__s2
6,model.10,-0.0003926632052753,0.656636118888855,0.2115644067525863,0.0094833374023437,0.99560546875,0.0259374994784593,e6p__lam-1e-4__s2
7,model.10,0.0004979234072379,0.6949411034584045,0.2072910666465759,0.0016231536865234,0.99560546875,0.0162499994039535,e6p__lam-1e-4__s2
8,model.10,0.0003284263366367,0.7218812108039856,0.1615545749664306,0.0254669189453125,0.99951171875,0.0121874995529651,e6p__lam-1e-4__s2
9,model.10,-0.000582655891776,0.7321773171424866,0.138557031750679,0.045013427734375,0.99609375,0.0137499999254941,e6p__lam-1e-4__s2
10,model.10,0.0017204254399985,0.736793577671051,0.1308967918157577,0.08831787109375,0.99853515625,0.013124999590218,e6p__lam-1e-4__s2
11,model.10,-0.0017468038713559,0.7285957336425781,0.1722175180912017,0.020172119140625,0.99951171875,0.0281249992549419,e6p__lam-1e-4__s2
12,model.10,0.0003057861467823,0.755413830280304,0.1684537529945373,0.0023880004882812,0.9990234375,0.0193750001490116,e6p__lam-1e-4__s2
13,model.10,0.001917585148476,0.7795167565345764,0.1422188729047775,0.034088134765625,0.9970703125,0.0137499999254941,e6p__lam-1e-4__s2
14,model.10,0.0010255319066345,0.7932922840118408,0.141993835568428,0.0305633544921875,0.99951171875,0.0249999985098838,e6p__lam-1e-4__s2
15,model.10,-0.0010566829005256,0.8038003444671631,0.123939998447895,0.026611328125,0.998046875,0.0221874993294477,e6p__lam-1e-4__s2
16,model.10,0.0021901263389736,0.8179599046707153,0.1273623406887054,0.02655029296875,0.9970703125,0.0137499999254941,e6p__lam-1e-4__s2
17,model.10,-0.0024756747297942,0.8184354305267334,0.1157062351703643,0.0251312255859375,0.99853515625,0.0378124974668026,e6p__lam-1e-4__s2
18,model.10,0.0033858923707157,0.7781858444213867,0.2045200020074844,0.00323486328125,0.99951171875,0.0734374970197677,e6p__lam-1e-4__s2
19,model.10,0.0006477009737864,0.7767758965492249,0.2043997645378112,3.4809112548828125e-05,0.99951171875,0.1181249991059303,e6p__lam-1e-4__s2
20,model.10,-0.0007324295002035,0.8073347210884094,0.1882954835891723,0.023773193359375,1.0,0.0953124985098838,e6p__lam-1e-4__s2
21,model.10,0.0016280419658869,0.8105801343917847,0.1706925630569458,0.0055351257324218,0.9990234375,0.1096874997019767,e6p__lam-1e-4__s2
22,model.10,-0.0032786605879664,0.8030722737312317,0.1797062754631042,0.0052604675292968,1.0,0.1174999997019767,e6p__lam-1e-4__s2
23,model.10,0.0032241926528513,0.8573669195175171,0.1449821293354034,0.0240936279296875,0.99951171875,0.1446875035762787,e6p__lam-1e-4__s2
24,model.10,0.0013226843439042,0.8903326392173767,0.1067343428730964,0.2091064453125,1.0,0.1515624970197677,e6p__lam-1e-4__s2
25,model.10,-0.0003217401681467,0.9085304141044616,0.0815148055553436,0.28564453125,0.99951171875,0.1812499910593032,e6p__lam-1e-4__s2
26,model.10,-0.0022823303006589,0.9043303728103638,0.0886765867471695,0.280517578125,1.0,0.199999988079071,e6p__lam-1e-4__s2
27,model.10,-0.0017895676428452,0.8992123007774353,0.1346772611141204,0.0394287109375,1.0,0.2465624958276748,e6p__lam-1e-4__s2
28,model.10,0.0014046741416677,0.9027606248855592,0.1233840733766555,0.03912353515625,1.0,0.2949999868869781,e6p__lam-1e-4__s2
29,model.10,0.0015122491167858,0.9126105904579164,0.1156083643436431,0.093505859375,1.0,0.2515625059604645,e6p__lam-1e-4__s2
30,model.10,0.0008236187277361,0.9178560972213744,0.0956496000289917,0.156494140625,1.0,0.3343749940395355,e6p__lam-1e-4__s2
31,model.10,-0.0002037213998846,0.9047443866729736,0.1185470819473266,0.04217529296875,1.0,0.3340624868869781,e6p__lam-1e-4__s2
32,model.10,0.001222439459525,0.9128678441047668,0.1231681779026985,0.11419677734375,1.0,0.3237499892711639,e6p__lam-1e-4__s2
33,model.10,0.0005821150843985,0.9412961602211,0.0813718438148498,0.0855712890625,1.0,0.3809374868869781,e6p__lam-1e-4__s2
34,model.10,-0.0001305736077483,0.9454679489135742,0.0649511367082595,0.1676025390625,1.0,0.40625,e6p__lam-1e-4__s2
35,model.10,0.000649337132927,0.9512326717376708,0.0569353960454463,0.446044921875,1.0,0.4153124988079071,e6p__lam-1e-4__s2
36,model.10,0.0014224292244762,0.9664437770843506,0.0340484529733657,0.51953125,1.0,0.4546874761581421,e6p__lam-1e-4__s2
37,model.10,-0.0004851323610637,0.9540942311286926,0.0516963452100753,0.453369140625,1.0,0.4259375035762787,e6p__lam-1e-4__s2
38,model.10,0.0023364112712442,0.943750262260437,0.0833227112889289,0.061981201171875,1.0,0.5625,e6p__lam-1e-4__s2
39,model.10,0.0008293248829431,0.9636402130126952,0.0505905225872993,0.3564453125,1.0,0.5756250023841858,e6p__lam-1e-4__s2
40,model.10,-0.0005849270964972,0.9663740992546082,0.0442681834101676,0.44580078125,1.0,0.5556249618530273,e6p__lam-1e-4__s2
41,model.10,0.0016153953038156,0.9656594395637512,0.0550940446555614,0.1304931640625,1.0,0.5924999713897705,e6p__lam-1e-4__s2
42,model.10,0.0027387931477278,0.9040446877479552,0.1240497231483459,0.0007886886596679,1.0,0.6659374833106995,e6p__lam-1e-4__s2
43,model.10,0.0018829846521839,0.929990530014038,0.1344116628170013,0.06634521484375,1.0,0.6081249713897705,e6p__lam-1e-4__s2
44,model.10,0.0010521272197365,0.927083134651184,0.1448368728160858,0.001016616821289,1.0,0.651562511920929,e6p__lam-1e-4__s2
45,model.10,-0.0010758616263046,0.9402177333831788,0.120851069688797,0.0033760070800781,1.0,0.6153124570846558,e6p__lam-1e-4__s2
46,model.10,0.0001465189561713,0.941964328289032,0.1067981868982315,0.0164031982421875,1.0,0.6362499594688416,e6p__lam-1e-4__s2
47,model.10,0.0009189404663629,0.9562017321586608,0.085622638463974,0.01763916015625,1.0,0.6728124618530273,e6p__lam-1e-4__s2
48,model.10,-0.0006319233216345,0.934565007686615,0.0940959230065345,0.0045928955078125,1.0,0.6931250095367432,e6p__lam-1e-4__s2
49,model.10,0.0023245040792971,0.9458038806915284,0.1000357270240783,0.0045738220214843,1.0,0.6931250095367432,e6p__lam-1e-4__s2
50,model.10,-0.000711282948032,0.9511878490447998,0.1055093854665756,0.063720703125,1.0,0.6699999570846558,e6p__lam-1e-4__s2
51,model.10,-0.0021328257862478,0.951048731803894,0.1030710563063621,0.032958984375,1.0,0.6659374833106995,e6p__lam-1e-4__s2
52,model.10,-0.0006324845016933,0.9272720217704772,0.0996383875608444,0.000251293182373,1.0,0.7581250071525574,e6p__lam-1e-4__s2
53,model.10,-0.001130596618168,0.9575836062431335,0.0936195477843284,0.0225830078125,1.0,0.6943749785423279,e6p__lam-1e-4__s2
54,model.10,-0.0019233851926401,0.9356597661972046,0.1125830709934234,0.0067977905273437,1.0,0.75843745470047,e6p__lam-1e-4__s2
55,model.10,-0.000469846476335,0.9664224982261658,0.0770783051848411,0.089599609375,1.0,0.7649999856948853,e6p__lam-1e-4__s2
56,model.10,0.0005658878944814,0.9756271839141846,0.0514779463410377,0.1904296875,1.0,0.7562499642372131,e6p__lam-1e-4__s2
57,model.10,-0.0005020432290621,0.9656964540481568,0.0773816481232643,0.04949951171875,1.0,0.7734375,e6p__lam-1e-4__s2
58,model.10,-0.0006592702120542,0.9801548719406128,0.0458569452166557,0.237548828125,1.0,0.7803124785423279,e6p__lam-1e-4__s2
59,model.10,0.0001612815394764,0.9664571285247804,0.0675679147243499,0.0701904296875,1.0,0.7606250047683716,e6p__lam-1e-4__s2
60,model.10,0.000443511235062,0.9762849807739258,0.0541798844933509,0.1966552734375,1.0,0.7990624904632568,e6p__lam-1e-4__s2
61,model.10,0.0011752160498872,0.9628931879997252,0.0739223062992096,0.055206298828125,1.0,0.768750011920929,e6p__lam-1e-4__s2
62,model.10,0.000762264826335,0.9787472486495972,0.0459074899554252,0.2379150390625,1.0,0.8199999928474426,e6p__lam-1e-4__s2
63,model.10,0.0018813840579241,0.978184163570404,0.0567129254341125,0.09600830078125,1.0,0.8125,e6p__lam-1e-4__s2
64,model.10,0.0017794599989429,0.980021595954895,0.0411924496293067,0.306884765625,1.0,0.784375011920929,e6p__lam-1e-4__s2
65,model.10,0.0008082456770353,0.9810364246368408,0.0483056455850601,0.30419921875,1.0,0.8246874809265137,e6p__lam-1e-4__s2
66,model.10,0.0009132747654803,0.9755937457084656,0.0581302344799041,0.06451416015625,1.0,0.8234374523162842,e6p__lam-1e-4__s2
67,model.10,-0.0001931358128786,0.9668290615081788,0.0795590728521347,0.100341796875,1.0,0.792187511920929,e6p__lam-1e-4__s2
68,model.10,0.000896408164408,0.9694506525993348,0.0709405839443206,0.183349609375,1.0,0.7928124666213989,e6p__lam-1e-4__s2
69,model.10,0.0027935670223087,0.976974070072174,0.0568250305950641,0.227783203125,1.0,0.8031249642372131,e6p__lam-1e-4__s2
70,model.10,0.0009683826938271,0.9698631167411804,0.0828887894749641,0.158203125,1.0,0.8062499761581421,e6p__lam-1e-4__s2
71,model.10,-5.4887921578483656e-05,0.9567545652389526,0.1030895262956619,0.103759765625,1.0,0.7643749713897705,e6p__lam-1e-4__s2
72,model.10,-0.0012237906921654,0.9690977334976196,0.0794036537408828,0.054107666015625,1.0,0.793749988079071,e6p__lam-1e-4__s2
73,model.10,-4.646825345844263e-06,0.9674397110939026,0.0891673564910888,0.07147216796875,1.0,0.8112499713897705,e6p__lam-1e-4__s2
74,model.10,0.002320067724213,0.9789764285087584,0.0530737936496734,0.1319580078125,1.0,0.8340624570846558,e6p__lam-1e-4__s2
75,model.10,0.0004203093121759,0.974370002746582,0.0653164535760879,0.1177978515625,1.0,0.8128125071525574,e6p__lam-1e-4__s2
76,model.10,0.0011439010268077,0.9741034507751464,0.0753545388579368,0.185791015625,1.0,0.8087499737739563,e6p__lam-1e-4__s2
77,model.10,0.0006863294402137,0.9736036658287048,0.069703921675682,0.0970458984375,1.0,0.8068749904632568,e6p__lam-1e-4__s2
78,model.10,7.055402966216207e-05,0.975927233695984,0.0622859485447406,0.2486572265625,1.0,0.8018749952316284,e6p__lam-1e-4__s2
79,model.10,0.0003017524431925,0.9749680161476136,0.0657823681831359,0.2724609375,1.0,0.8009374737739563,e6p__lam-1e-4__s2
80,model.10,0.0007115033804439,0.9782134294509888,0.0496434085071086,0.234375,1.0,0.828125,e6p__lam-1e-4__s2
81,model.10,0.0010787434875965,0.980299711227417,0.0490464642643928,0.05877685546875,1.0,0.8331249952316284,e6p__lam-1e-4__s2
82,model.10,0.000964076607488,0.9844653606414796,0.0399914607405662,0.230712890625,1.0,0.8453124761581421,e6p__lam-1e-4__s2
83,model.10,0.0023928163573145,0.9829824566841124,0.042096234858036,0.264404296875,1.0,0.8199999928474426,e6p__lam-1e-4__s2
84,model.10,0.0022191519383341,0.9747280478477478,0.0617544837296009,0.0391845703125,1.0,0.8134374618530273,e6p__lam-1e-4__s2
85,model.10,0.0012880100402981,0.9674833416938782,0.0796627551317215,0.036895751953125,1.0,0.8096874952316284,e6p__lam-1e-4__s2
86,model.10,0.0015073033282533,0.9656806588172911,0.0789910331368446,0.03912353515625,1.0,0.7828124761581421,e6p__lam-1e-4__s2
87,model.10,0.001932266051881,0.9678994417190552,0.0868061184883117,0.047332763671875,1.0,0.796875,e6p__lam-1e-4__s2
88,model.10,0.001823219936341,0.9678272008895874,0.0785705894231796,0.0213623046875,1.0,0.785937488079071,e6p__lam-1e-4__s2
89,model.10,0.0028185020200908,0.9771097898483276,0.0506333261728286,0.446533203125,1.0,0.7918750047683716,e6p__lam-1e-4__s2
90,model.10,0.0032182873692363,0.9774789810180664,0.054923802614212,0.08050537109375,1.0,0.7774999737739563,e6p__lam-1e-4__s2
91,model.10,0.0033196466974914,0.9707395434379578,0.0686083808541297,0.1634521484375,1.0,0.7931249737739563,e6p__lam-1e-4__s2
92,model.10,0.0029311208054423,0.9787282347679138,0.0418700538575649,0.408935546875,1.0,0.785937488079071,e6p__lam-1e-4__s2
93,model.10,0.0037440687883645,0.9691859483718872,0.0643819868564605,0.044281005859375,1.0,0.7649999856948853,e6p__lam-1e-4__s2
94,model.10,0.0037247277796268,0.962909698486328,0.0670365393161773,0.08123779296875,1.0,0.7378124594688416,e6p__lam-1e-4__s2
95,model.10,0.0042281197383999,0.9720122814178468,0.0613867789506912,0.379150390625,1.0,0.7481249570846558,e6p__lam-1e-4__s2
96,model.10,0.0042435899376869,0.9726258516311646,0.0643661767244339,0.05645751953125,1.0,0.7615624666213989,e6p__lam-1e-4__s2
97,model.10,0.0045410329475998,0.9703044891357422,0.059803057461977,0.30322265625,1.0,0.7231249809265137,e6p__lam-1e-4__s2
98,model.10,0.0048444466665387,0.9621831774711608,0.0730138421058654,0.12249755859375,1.0,0.739062488079071,e6p__lam-1e-4__s2
99,model.10,0.005066973157227,0.970740020275116,0.0616013258695602,0.2252197265625,1.0,0.7306249737739563,e6p__lam-1e-4__s2
100,model.10,0.005066973157227,0.970740020275116,0.0616013258695602,0.2252197265625,1.0,0.7306249737739563,e6p__lam-1e-4__s2
0,model.10,0.0025189521256834,0.5202197432518005,0.0741587355732917,0.259765625,0.81103515625,0.0,e6p__lam-1e-5__s0
1,model.10,0.0056514521129429,0.5260608792304993,0.1590262800455093,0.0616455078125,0.98876953125,0.0021875000093132,e6p__lam-1e-5__s0
2,model.10,-0.003630080493167,0.5512179732322693,0.2690304815769195,0.0003998279571533,0.994140625,0.030937498435378,e6p__lam-1e-5__s0
3,model.10,0.0028335533570498,0.5725792646408081,0.2712875008583069,0.0003447532653808,1.0,0.0584375001490116,e6p__lam-1e-5__s0
4,model.10,-0.0001286383921978,0.5933462381362915,0.2588145136833191,0.0001132488250732,0.99951171875,0.0862499997019767,e6p__lam-1e-5__s0
5,model.10,0.0014532761415466,0.6048828959465027,0.2879647612571716,2.7954578399658203e-05,0.99951171875,0.0718749985098838,e6p__lam-1e-5__s0
6,model.10,0.0009026081534102,0.6016764044761658,0.2758753895759582,0.0002217292785644,0.99365234375,0.042187500745058,e6p__lam-1e-5__s0
7,model.10,-0.0001746435009408,0.6167235970497131,0.2585395276546478,6.657838821411133e-05,0.99853515625,0.0787499994039535,e6p__lam-1e-5__s0
8,model.10,0.0007827798253856,0.6207839250564575,0.2930699288845062,2.4497509002685547e-05,0.99755859375,0.0768750011920929,e6p__lam-1e-5__s0
9,model.10,0.0003152021381538,0.611899733543396,0.2651426196098327,9.244680404663086e-05,1.0,0.0696875005960464,e6p__lam-1e-5__s0
10,model.10,0.0002791419392451,0.6459455490112305,0.2437968552112579,4.76837158203125e-06,1.0,0.0887499973177909,e6p__lam-1e-5__s0
11,model.10,0.0013685184530913,0.6215298771858215,0.2722197771072387,0.0002050399780273,0.99951171875,0.0521874986588954,e6p__lam-1e-5__s0
12,model.10,-0.0016039558686316,0.6123703122138977,0.252582848072052,6.020069122314453e-06,1.0,0.0887499973177909,e6p__lam-1e-5__s0
13,model.10,-0.0018875026144087,0.6269943714141846,0.2454590797424316,7.62939453125e-06,0.99951171875,0.044999998062849,e6p__lam-1e-5__s0
14,model.10,0.0031460928730666,0.6195932030677795,0.2925315499305725,2.2470951080322266e-05,0.99755859375,0.0453124977648258,e6p__lam-1e-5__s0
15,model.10,-0.001372407306917,0.6293743252754211,0.2586008906364441,2.3543834686279297e-05,0.9990234375,0.105624996125698,e6p__lam-1e-5__s0
16,model.10,0.0020341488998383,0.6372013688087463,0.2836254239082336,0.0002050399780273,1.0,0.0959374979138374,e6p__lam-1e-5__s0
17,model.10,-0.0014673927798867,0.6326021552085876,0.2944592237472534,9.5367431640625e-07,0.99658203125,0.0724999979138374,e6p__lam-1e-5__s0
18,model.10,0.00140721432399,0.6261491775512695,0.2834777235984802,4.398822784423828e-05,0.99853515625,0.1168750002980232,e6p__lam-1e-5__s0
19,model.10,-0.0014761348720639,0.664155125617981,0.2814977169036865,2.586841583251953e-05,1.0,0.097812496125698,e6p__lam-1e-5__s0
20,model.10,-0.0005020451499149,0.669850766658783,0.2957505583763122,6.973743438720703e-06,1.0,0.1424999982118606,e6p__lam-1e-5__s0
21,model.10,-0.0005592848174273,0.6857275366783142,0.2706775665283203,6.854534149169922e-06,1.0,0.1312499940395355,e6p__lam-1e-5__s0
22,model.10,0.0014506434090435,0.6938209533691406,0.270438551902771,4.869699478149414e-05,1.0,0.1087500005960464,e6p__lam-1e-5__s0
23,model.10,0.0008469881140626,0.6847395300865173,0.2753465175628662,0.0012941360473632,1.0,0.1412499994039535,e6p__lam-1e-5__s0
24,model.10,0.0002236532745882,0.7064170837402344,0.2691369652748108,6.556510925292969e-05,1.0,0.1196874976158142,e6p__lam-1e-5__s0
25,model.10,0.0010394772980362,0.7052189707756042,0.2827741801738739,0.0004529953002929,1.0,0.1431249976158142,e6p__lam-1e-5__s0
26,model.10,0.0010214180219918,0.7284731864929199,0.2300579845905304,0.0080947875976562,1.0,0.1149999946355819,e6p__lam-1e-5__s0
27,model.10,0.0013691750355064,0.7228356003761292,0.2319755256175995,0.0050811767578125,1.0,0.105624996125698,e6p__lam-1e-5__s0
28,model.10,0.0017046123975887,0.7336376309394836,0.2415060698986053,0.0011606216430664,1.0,0.1221874952316284,e6p__lam-1e-5__s0
29,model.10,0.0013722861185669,0.7423799633979797,0.2410231679677963,0.0016546249389648,0.99951171875,0.1312499940395355,e6p__lam-1e-5__s0
30,model.10,0.0017645623302087,0.7094071507453918,0.2764158546924591,0.0004804134368896,1.0,0.1471875011920929,e6p__lam-1e-5__s0
31,model.10,0.0025460987817496,0.7338363528251648,0.2585248351097107,0.0001647472381591,1.0,0.1515624970197677,e6p__lam-1e-5__s0
32,model.10,0.0007658194517716,0.7283037900924683,0.262372612953186,0.0005817413330078,1.0,0.1615625023841858,e6p__lam-1e-5__s0
33,model.10,0.0018929791403934,0.7215850949287415,0.288606584072113,0.0002937316894531,1.0,0.1815624982118606,e6p__lam-1e-5__s0
34,model.10,0.0002084463631035,0.737303614616394,0.2846569418907165,0.0007581710815429,1.0,0.2018750011920929,e6p__lam-1e-5__s0
35,model.10,0.0029193044174462,0.7454673051834106,0.2634835541248321,0.0003626346588134,1.0,0.1609375029802322,e6p__lam-1e-5__s0
36,model.10,0.0029529887251555,0.7451938986778259,0.250729888677597,0.0008330345153808,1.0,0.1678124964237213,e6p__lam-1e-5__s0
37,model.10,-0.0014198133721947,0.7424859404563904,0.2758063673973083,0.0002937316894531,1.0,0.2137499898672104,e6p__lam-1e-5__s0
38,model.10,0.0008158635464496,0.7362363338470459,0.2569135427474975,0.0006189346313476,1.0,0.2081249952316284,e6p__lam-1e-5__s0
39,model.10,0.002875794423744,0.7338911294937134,0.268732875585556,0.0001344680786132,1.0,0.2006250023841858,e6p__lam-1e-5__s0
40,model.10,0.0011810648720711,0.7436614632606506,0.2663618624210357,0.0001442432403564,1.0,0.1946875005960464,e6p__lam-1e-5__s0
41,model.10,0.0050492379814386,0.758725643157959,0.2383441179990768,4.5418739318847656e-05,1.0,0.1762499958276748,e6p__lam-1e-5__s0
42,model.10,0.0043394532985985,0.7355007529258728,0.2831811904907226,0.000123381614685,1.0,0.2034374922513961,e6p__lam-1e-5__s0
43,model.10,0.00386429624632,0.760748565196991,0.2558542490005493,0.000298261642456,1.0,0.2074999958276748,e6p__lam-1e-5__s0
44,model.10,0.0028965997043997,0.7784991264343262,0.2626682221889496,0.0002378225326538,1.0,0.1881249994039535,e6p__lam-1e-5__s0
45,model.10,0.0016091391444206,0.7737209796905518,0.2617762684822082,0.0007643699645996,1.0,0.2331250011920929,e6p__lam-1e-5__s0
46,model.10,0.0026919350493699,0.779674232006073,0.2601182162761688,0.0008392333984375,1.0,0.231249988079071,e6p__lam-1e-5__s0
47,model.10,0.0033254730515182,0.7751614451408386,0.2519283592700958,0.0005526542663574,1.0,0.2328124940395355,e6p__lam-1e-5__s0
48,model.10,0.0038060690276324,0.7638375759124756,0.2549191117286682,0.0009965896606445,1.0,0.246874988079071,e6p__lam-1e-5__s0
49,model.10,0.0034677418880164,0.7568634748458862,0.2604516744613647,0.0008230209350585,1.0,0.249062493443489,e6p__lam-1e-5__s0
50,model.10,0.0052086017094552,0.7409738898277283,0.2939510941505432,3.218650817871094e-05,1.0,0.3168749809265136,e6p__lam-1e-5__s0
51,model.10,0.004936542827636,0.7722370624542236,0.2817896604537964,0.000130295753479,1.0,0.2993749976158142,e6p__lam-1e-5__s0
52,model.10,0.0055455286055803,0.7490987777709961,0.2860731482505798,1.7344951629638672e-05,1.0,0.3231250047683716,e6p__lam-1e-5__s0
53,model.10,0.0039869877509772,0.7640742063522339,0.2772790193557739,5.185604095458984e-06,1.0,0.3118749856948852,e6p__lam-1e-5__s0
54,model.10,0.0051356339827179,0.7253105640411377,0.3231923282146454,1.7642974853515625e-05,1.0,0.3381249904632568,e6p__lam-1e-5__s0
55,model.10,0.0037346817553043,0.7253639101982117,0.3259055912494659,7.033348083496094e-05,1.0,0.3546874821186065,e6p__lam-1e-5__s0
56,model.10,0.005628942977637,0.7568987011909485,0.2988908290863037,0.0001022815704345,1.0,0.3243750035762787,e6p__lam-1e-5__s0
57,model.10,0.0026125414296984,0.741968035697937,0.302804946899414,3.337860107421875e-06,1.0,0.317187488079071,e6p__lam-1e-5__s0
58,model.10,0.0039232708513736,0.7311360239982605,0.3132582604885101,1.4424324035644531e-05,1.0,0.3296875059604645,e6p__lam-1e-5__s0
59,model.10,0.0060255313292145,0.7288317084312439,0.3148173689842224,4.869699478149414e-05,1.0,0.3337499797344208,e6p__lam-1e-5__s0
60,model.10,0.0066145784221589,0.7171617746353149,0.3153420090675354,8.887052536010742e-05,1.0,0.34375,e6p__lam-1e-5__s0
61,model.10,0.0053334841504693,0.7288798093795776,0.3000780940055847,0.0001442432403564,1.0,0.3071874976158142,e6p__lam-1e-5__s0
62,model.10,0.0071917884051799,0.7427979707717896,0.3029767274856567,0.0001477003097534,1.0,0.3381249904632568,e6p__lam-1e-5__s0
63,model.10,0.005845183506608,0.7219393849372864,0.2956185042858124,0.0011377334594726,1.0,0.2843749821186065,e6p__lam-1e-5__s0
64,model.10,0.0073956749401986,0.709563672542572,0.309873878955841,0.0028228759765625,1.0,0.3296875059604645,e6p__lam-1e-5__s0
65,model.10,0.0064724944531917,0.7351319789886475,0.2799705564975738,0.0030517578125,1.0,0.2887499928474426,e6p__lam-1e-5__s0
66,model.10,0.00710408994928,0.7147710919380188,0.3063926100730896,0.0022602081298828,1.0,0.3199999928474426,e6p__lam-1e-5__s0
67,model.10,0.008878800086677,0.7349342703819275,0.2976852655410766,0.0068778991699218,1.0,0.3265624940395355,e6p__lam-1e-5__s0
68,model.10,0.0091502470895648,0.7583363652229309,0.2564813494682312,0.0063896179199218,1.0,0.3059374988079071,e6p__lam-1e-5__s0
69,model.10,0.0069122891873121,0.7399341464042664,0.2872403860092163,0.0032100677490234,1.0,0.3334375023841858,e6p__lam-1e-5__s0
70,model.10,0.0083489930257201,0.7633647918701172,0.2753123939037323,0.010650634765625,1.0,0.3468749821186065,e6p__lam-1e-5__s0
71,model.10,0.0086351092904806,0.7450986504554749,0.2732729911804199,0.0128707885742187,1.0,0.3265624940395355,e6p__lam-1e-5__s0
72,model.10,0.0090978452935814,0.769781768321991,0.2567522525787353,0.0054283142089843,1.0,0.3184374868869781,e6p__lam-1e-5__s0
73,model.10,0.0087139084935188,0.7619001865386963,0.2732766270637512,0.0070381164550781,1.0,0.3234374821186065,e6p__lam-1e-5__s0
74,model.10,0.010736808180809,0.7746738791465759,0.2599374055862427,0.0309600830078125,1.0,0.3309375047683716,e6p__lam-1e-5__s0
75,model.10,0.0117641044780612,0.763408899307251,0.2676596939563751,0.0141143798828125,1.0,0.3462499976158142,e6p__lam-1e-5__s0
76,model.10,0.0119005190208554,0.7881481051445007,0.2318781018257141,0.0048675537109375,1.0,0.3359375,e6p__lam-1e-5__s0
77,model.10,0.0132798738777637,0.76412034034729,0.2583484053611755,0.027740478515625,1.0,0.3599999845027923,e6p__lam-1e-5__s0
78,model.10,0.0145570272579789,0.7726773023605347,0.2710275650024414,0.008544921875,1.0,0.3381249904632568,e6p__lam-1e-5__s0
79,model.10,0.0141543196514248,0.7794285416603088,0.2609490156173706,0.051361083984375,1.0,0.3384374976158142,e6p__lam-1e-5__s0
80,model.10,0.0149324843659996,0.7856143116950989,0.257181167602539,0.0258026123046875,1.0,0.3506249785423279,e6p__lam-1e-5__s0
81,model.10,0.0162711720913648,0.7829389572143555,0.2542027831077575,0.029541015625,1.0,0.3390624821186065,e6p__lam-1e-5__s0
82,model.10,0.0161305405199527,0.7755911946296692,0.2626470029354095,0.014617919921875,1.0,0.3409374952316284,e6p__lam-1e-5__s0
83,model.10,0.017135988920927,0.7806934714317322,0.2614046931266784,0.03704833984375,1.0,0.3387500047683716,e6p__lam-1e-5__s0
84,model.10,0.0177124924957752,0.7845437526702881,0.2582978904247284,0.044921875,1.0,0.3487499952316284,e6p__lam-1e-5__s0
85,model.10,0.019102793186903,0.7742021083831787,0.2630965709686279,0.042633056640625,1.0,0.3356249928474426,e6p__lam-1e-5__s0
86,model.10,0.0201336611062288,0.7892633080482483,0.242487758398056,0.062103271484375,1.0,0.3556250035762787,e6p__lam-1e-5__s0
87,model.10,0.0200665760785341,0.8078625202178955,0.2418549954891204,0.04620361328125,1.0,0.3606249988079071,e6p__lam-1e-5__s0
88,model.10,0.0202949773520231,0.7725950479507446,0.2692821025848388,0.036285400390625,1.0,0.3568750023841858,e6p__lam-1e-5__s0
89,model.10,0.0205768644809722,0.7913225889205933,0.2329763174057006,0.0227203369140625,1.0,0.3243750035762787,e6p__lam-1e-5__s0
90,model.10,0.021862082183361,0.8086745738983154,0.2251017093658447,0.0328369140625,1.0,0.3303124904632568,e6p__lam-1e-5__s0
91,model.10,0.0228862296789884,0.76120924949646,0.2526874542236328,0.04595947265625,1.0,0.3231250047683716,e6p__lam-1e-5__s0
92,model.10,0.0234422776848077,0.8076836466789246,0.2317760586738586,0.0635986328125,1.0,0.3349999785423279,e6p__lam-1e-5__s0
93,model.10,0.0240292400121688,0.8086689710617065,0.22707100212574,0.034698486328125,1.0,0.3465625047683716,e6p__lam-1e-5__s0
94,model.10,0.0245406050235033,0.8022977113723755,0.2453390955924987,0.0706787109375,1.0,0.3403124809265136,e6p__lam-1e-5__s0
95,model.10,0.0246356427669525,0.8115078806877136,0.2254263162612915,0.0341796875,1.0,0.3274999856948852,e6p__lam-1e-5__s0
96,model.10,0.0247333496809005,0.813395082950592,0.2178807556629181,0.052520751953125,1.0,0.3462499976158142,e6p__lam-1e-5__s0
97,model.10,0.0246986728161573,0.7956584095954895,0.2539087831974029,0.0252227783203125,1.0,0.3512499928474426,e6p__lam-1e-5__s0
98,model.10,0.0250548981130123,0.7558062672615051,0.2330365777015686,0.053985595703125,1.0,0.3231250047683716,e6p__lam-1e-5__s0
99,model.10,0.0252489149570465,0.8202069401741028,0.2144266664981842,0.055816650390625,1.0,0.3028124868869781,e6p__lam-1e-5__s0
100,model.10,0.0252489149570465,0.8202069401741028,0.2144266664981842,0.055816650390625,1.0,0.3028124868869781,e6p__lam-1e-5__s0
0,model.10,-0.0006235120235942,0.4858032763004303,0.0760783031582832,0.19482421875,0.787109375,0.0,e7p__nwd-calib-norsl__s0
1,model.10,0.0022805491462349,0.5082181692123413,0.211220383644104,0.0018386840820312,0.9892578125,0.0175000000745058,e7p__nwd-calib-norsl__s0
2,model.10,-0.0030813158955425,0.5533716678619385,0.2792673707008362,0.000495433807373,0.99560546875,0.0462500005960464,e7p__nwd-calib-norsl__s0
3,model.10,0.0026279164012521,0.5683507919311523,0.2690442204475403,0.0004255771636962,0.9892578125,0.0199999995529651,e7p__nwd-calib-norsl__s0
4,model.10,-0.0030835708603262,0.5713165402412415,0.273983359336853,0.000180959701538,0.99658203125,0.0431249998509883,e7p__nwd-calib-norsl__s0
5,model.10,0.0031538887415081,0.5769440531730652,0.3014376163482666,1.2099742889404295e-05,0.9951171875,0.0565624982118606,e7p__nwd-calib-norsl__s0
6,model.10,-0.002864544512704,0.5823384523391724,0.2918989062309265,1.7762184143066406e-05,0.99951171875,0.0921875014901161,e7p__nwd-calib-norsl__s0
7,model.10,0.0017509708413854,0.6099045276641846,0.2870418131351471,1.430511474609375e-06,0.9990234375,0.1040624976158142,e7p__nwd-calib-norsl__s0
8,model.10,-1.3188563571020497e-05,0.6137546896934509,0.2908778190612793,5.364418029785156e-06,0.99853515625,0.0956249982118606,e7p__nwd-calib-norsl__s0
9,model.10,-0.0010600865352898,0.6100738644599915,0.2808867990970611,4.887580871582031e-06,0.9990234375,0.0953124985098838,e7p__nwd-calib-norsl__s0
10,model.10,0.0027309861034154,0.6120893955230713,0.2883107662200928,1.2934207916259766e-05,0.998046875,0.0943749994039535,e7p__nwd-calib-norsl__s0
11,model.10,-0.0004121215606573,0.6123259663581848,0.2943411469459533,0.0001454353332519,0.99853515625,0.0987499952316284,e7p__nwd-calib-norsl__s0
12,model.10,0.0022276693489402,0.620951235294342,0.2958215177059173,2.193450927734375e-05,0.99951171875,0.1128124967217445,e7p__nwd-calib-norsl__s0
13,model.10,0.0021287293639034,0.6358317136764526,0.2825079560279846,0.0002065896987915,0.99951171875,0.1209374964237213,e7p__nwd-calib-norsl__s0
14,model.10,0.0014205689076334,0.6504129767417908,0.310027539730072,3.3974647521972656e-05,0.99853515625,0.1112499982118606,e7p__nwd-calib-norsl__s0
15,model.10,0.0006932647665962,0.6566281914710999,0.2884697616100311,2.819299697875977e-05,0.9990234375,0.1340624988079071,e7p__nwd-calib-norsl__s0
16,model.10,0.0021366295404732,0.644822359085083,0.2925134897232055,8.684396743774414e-05,1.0,0.1024999991059303,e7p__nwd-calib-norsl__s0
17,model.10,0.0007665142184123,0.6595754623413086,0.293456107378006,6.556510925292969e-05,0.99951171875,0.1112499982118606,e7p__nwd-calib-norsl__s0
18,model.10,0.0023826970718801,0.665395975112915,0.2869227230548858,7.927417755126953e-06,0.99951171875,0.1203124970197677,e7p__nwd-calib-norsl__s0
19,model.10,0.0008194837719202,0.6839468479156494,0.279997318983078,3.737211227416992e-05,1.0,0.1290625035762787,e7p__nwd-calib-norsl__s0
20,model.10,0.0026953541673719,0.6753361225128174,0.2930939495563507,1.96695327758789e-06,1.0,0.1596874892711639,e7p__nwd-calib-norsl__s0
21,model.10,-0.0014182004379108,0.6834123134613037,0.2794869542121887,2.9087066650390625e-05,1.0,0.1571874916553497,e7p__nwd-calib-norsl__s0
22,model.10,0.002759676426649,0.681900143623352,0.3063226342201233,6.556510925292969e-05,1.0,0.1499999910593032,e7p__nwd-calib-norsl__s0
23,model.10,0.0033117060083895,0.7013584971427917,0.2934750020503998,3.88026237487793e-05,1.0,0.1893749982118606,e7p__nwd-calib-norsl__s0
24,model.10,0.0004126697022002,0.7149291634559631,0.2898991703987121,7.659196853637695e-05,1.0,0.2009374946355819,e7p__nwd-calib-norsl__s0
25,model.10,0.001906870980747,0.7216938734054565,0.3034718632698059,2.568960189819336e-05,1.0,0.2053124904632568,e7p__nwd-calib-norsl__s0
26,model.10,0.0030040186829864,0.6973676085472107,0.306414783000946,1.9371509552001957e-05,1.0,0.2096875011920929,e7p__nwd-calib-norsl__s0
27,model.10,0.0063913776539266,0.6958501935005188,0.2787765860557556,0.0001224279403686,1.0,0.2284374982118606,e7p__nwd-calib-norsl__s0
28,model.10,0.0030597958248108,0.7303974628448486,0.2761270403861999,7.033348083496094e-05,1.0,0.2718749940395355,e7p__nwd-calib-norsl__s0
29,model.10,0.004247058648616,0.7064816355705261,0.2986670434474945,7.545948028564453e-05,1.0,0.3337499797344208,e7p__nwd-calib-norsl__s0
30,model.10,0.0039682323113083,0.6902793049812317,0.3166332244873047,2.777576446533203e-05,1.0,0.3312499821186065,e7p__nwd-calib-norsl__s0
31,model.10,0.0024180400650948,0.7033261060714722,0.3066864907741546,5.364418029785156e-06,1.0,0.3065624833106994,e7p__nwd-calib-norsl__s0
32,model.10,0.0030049157794564,0.7083432078361511,0.3005284667015075,0.0001015067100524,1.0,0.3109374940395355,e7p__nwd-calib-norsl__s0
33,model.10,0.0054527577012777,0.698945164680481,0.3098190426826477,8.612871170043945e-05,1.0,0.3515625,e7p__nwd-calib-norsl__s0
34,model.10,0.0046186889521777,0.7291426062583923,0.2996339201927185,0.0010604858398437,1.0,0.3184374868869781,e7p__nwd-calib-norsl__s0
35,model.10,0.0041445293463766,0.7402334213256836,0.2917979061603546,0.0002287626266479,1.0,0.3324999809265136,e7p__nwd-calib-norsl__s0
36,model.10,0.0059865824878215,0.7304254174232483,0.2922166287899017,0.0001572370529174,1.0,0.3656249940395355,e7p__nwd-calib-norsl__s0
37,model.10,0.0069955205544829,0.7278925776481628,0.3050898909568786,0.0018310546875,1.0,0.3343749940395355,e7p__nwd-calib-norsl__s0
38,model.10,0.0078425146639347,0.7353297472000122,0.2925089597702026,0.0008759498596191,1.0,0.3646875023841858,e7p__nwd-calib-norsl__s0
39,model.10,0.0048345811665058,0.719913899898529,0.3117073178291321,0.0003275871276855,1.0,0.3743749856948852,e7p__nwd-calib-norsl__s0
40,model.10,0.0046552559360861,0.7079097032546997,0.3165098130702972,2.712011337280273e-05,1.0,0.4028124809265136,e7p__nwd-calib-norsl__s0
41,model.10,0.0035625458694994,0.7209559679031372,0.3182359933853149,7.426738739013672e-05,1.0,0.3799999952316284,e7p__nwd-calib-norsl__s0
42,model.10,0.005028732586652,0.7009610533714294,0.2999024391174316,3.1948089599609375e-05,1.0,0.3912499845027923,e7p__nwd-calib-norsl__s0
43,model.10,0.0082527371123433,0.7115083932876587,0.3090876340866089,0.0002397298812866,1.0,0.3787499964237213,e7p__nwd-calib-norsl__s0
44,model.10,0.007512810640037,0.7274417877197266,0.3147078156471252,1.138448715209961e-05,1.0,0.3693749904632568,e7p__nwd-calib-norsl__s0
45,model.10,0.0079484581947326,0.7089088559150696,0.3419742584228515,0.0,1.0,0.3865624964237213,e7p__nwd-calib-norsl__s0
46,model.10,0.0081132836639881,0.6927902698516846,0.3517643213272095,9.316205978393556e-05,1.0,0.3684374988079071,e7p__nwd-calib-norsl__s0
47,model.10,0.0066637252457439,0.704899787902832,0.3398537635803222,3.75509262084961e-06,1.0,0.3924999833106994,e7p__nwd-calib-norsl__s0
48,model.10,0.0091967685148119,0.699192464351654,0.332450658082962,6.67572021484375e-06,1.0,0.3890624940395355,e7p__nwd-calib-norsl__s0
49,model.10,0.0086822789162397,0.6967825889587402,0.3422041535377502,1.0311603546142578e-05,1.0,0.4149999916553497,e7p__nwd-calib-norsl__s0
50,model.10,0.0110792340710759,0.6847699880599976,0.356176882982254,1.7642974853515625e-05,1.0,0.3871874809265136,e7p__nwd-calib-norsl__s0
51,model.10,0.0095241609960794,0.6823058724403381,0.3576465249061584,3.337860107421875e-06,1.0,0.3884374797344208,e7p__nwd-calib-norsl__s0
52,model.10,0.0074880798347294,0.668788731098175,0.3605906963348388,2.6226043701171875e-06,1.0,0.426562488079071,e7p__nwd-calib-norsl__s0
53,model.10,0.0059145973064005,0.6961287260055542,0.3411154747009277,3.874301910400391e-06,1.0,0.4259375035762787,e7p__nwd-calib-norsl__s0
54,model.10,0.0102663980796933,0.6812178492546082,0.3494529128074646,8.940696716308594e-06,1.0,0.4306249916553497,e7p__nwd-calib-norsl__s0
55,model.10,0.0111574120819568,0.6717187166213989,0.3672198951244354,3.4809112548828125e-05,1.0,0.4293749928474426,e7p__nwd-calib-norsl__s0
56,model.10,0.0111067527905106,0.6680908203125,0.3616133034229278,1.1682510375976562e-05,1.0,0.4568749964237213,e7p__nwd-calib-norsl__s0
57,model.10,0.0119256749749183,0.6476958990097046,0.3629749417304992,1.1920928955078125e-07,1.0,0.3700000047683716,e7p__nwd-calib-norsl__s0
58,model.10,0.0128551814705133,0.6500186920166016,0.3794350624084472,1.788139343261719e-07,1.0,0.4381249845027923,e7p__nwd-calib-norsl__s0
59,model.10,0.0137946428731083,0.6223468780517578,0.3749984800815582,7.808208465576172e-06,1.0,0.4334374964237213,e7p__nwd-calib-norsl__s0
60,model.10,0.0138623202219605,0.6312533617019653,0.3845094740390777,3.534555435180664e-05,1.0,0.4171874821186065,e7p__nwd-calib-norsl__s0
61,model.10,0.0121618611738085,0.6285844445228577,0.3807668387889862,1.0132789611816406e-06,1.0,0.4128125011920929,e7p__nwd-calib-norsl__s0
62,model.10,0.0119529012590646,0.6262480020523071,0.3753505051136017,1.132488250732422e-05,1.0,0.4153124988079071,e7p__nwd-calib-norsl__s0
63,model.10,0.0113439466804265,0.6337477564811707,0.3768861889839172,4.887580871582031e-06,1.0,0.4131249785423279,e7p__nwd-calib-norsl__s0
64,model.10,0.0140440724790096,0.6476376056671143,0.3639211058616638,1.1920928955078123e-05,1.0,0.4015624821186065,e7p__nwd-calib-norsl__s0
65,model.10,0.0150645561516284,0.637737512588501,0.3537631630897522,1.2814998626708984e-05,1.0,0.4056249856948852,e7p__nwd-calib-norsl__s0
66,model.10,0.0157041531056165,0.6365934610366821,0.3872515857219696,3.516674041748047e-06,1.0,0.4431249797344208,e7p__nwd-calib-norsl__s0
67,model.10,0.0170126166194677,0.6337311863899231,0.3722094595432281,7.152557373046875e-07,1.0,0.395312488079071,e7p__nwd-calib-norsl__s0
68,model.10,0.0179994590580463,0.6148471832275391,0.3707123100757599,1.1920928955078125e-07,1.0,0.4012500047683716,e7p__nwd-calib-norsl__s0
69,model.10,0.0194825679063797,0.5940521359443665,0.3679689466953277,9.357929229736328e-06,1.0,0.3834374845027923,e7p__nwd-calib-norsl__s0
70,model.10,0.0177202895283699,0.6404485702514648,0.3557906150817871,5.227327346801758e-05,1.0,0.3659375011920929,e7p__nwd-calib-norsl__s0
71,model.10,0.0178686194121837,0.6354030966758728,0.3707224130630493,4.410743713378906e-06,1.0,0.4199999868869781,e7p__nwd-calib-norsl__s0
72,model.10,0.017344644293189,0.646386981010437,0.3798762559890747,5.066394805908203e-05,1.0,0.4153124988079071,e7p__nwd-calib-norsl__s0
73,model.10,0.0181670673191547,0.6190285086631775,0.3866367936134338,7.724761962890625e-05,1.0,0.3931249976158142,e7p__nwd-calib-norsl__s0
74,model.10,0.0191098041832447,0.6251122355461121,0.376807153224945,2.7298927307128903e-05,1.0,0.3824999928474426,e7p__nwd-calib-norsl__s0
75,model.10,0.0199695322662591,0.6506893634796143,0.3629465699195862,6.866455078125e-05,1.0,0.3584374785423279,e7p__nwd-calib-norsl__s0
76,model.10,0.0219951700419187,0.6271564960479736,0.3732819557189941,1.4483928680419922e-05,1.0,0.4165624976158142,e7p__nwd-calib-norsl__s0
77,model.10,0.0223134960979223,0.622799813747406,0.3816064000129699,4.947185516357422e-06,1.0,0.4018749892711639,e7p__nwd-calib-norsl__s0
78,model.10,0.0227765571326017,0.6387962698936462,0.3657775521278381,8.684396743774414e-05,1.0,0.4018749892711639,e7p__nwd-calib-norsl__s0
79,model.10,0.023349268361926,0.6409843564033508,0.3639420866966247,2.86102294921875e-06,1.0,0.3946875035762787,e7p__nwd-calib-norsl__s0
80,model.10,0.0240946505218744,0.6207500696182251,0.3572597503662109,0.0001726150512695,1.0,0.3728124797344208,e7p__nwd-calib-norsl__s0
81,model.10,0.0242535546422004,0.6545884013175964,0.360623300075531,9.685754776000977e-05,1.0,0.3546874821186065,e7p__nwd-calib-norsl__s0
82,model.10,0.0255992524325847,0.6362048387527466,0.3638874292373657,7.426738739013672e-05,1.0,0.3840624988079071,e7p__nwd-calib-norsl__s0
83,model.10,0.0252587832510471,0.6302509307861328,0.3769956827163696,0.0002002716064453,1.0,0.3549999892711639,e7p__nwd-calib-norsl__s0
84,model.10,0.0252774190157651,0.6315358877182007,0.3604871034622192,9.459257125854492e-05,1.0,0.3846874833106994,e7p__nwd-calib-norsl__s0
85,model.10,0.0266831368207931,0.6018494367599487,0.3729170858860016,2.4139881134033203e-05,1.0,0.3793749809265136,e7p__nwd-calib-norsl__s0
86,model.10,0.0269144997000694,0.6575536727905273,0.3635603189468384,0.0002018213272094,1.0,0.4178124964237213,e7p__nwd-calib-norsl__s0
87,model.10,0.0275438353419303,0.614614725112915,0.3812639713287353,3.510713577270508e-05,1.0,0.390625,e7p__nwd-calib-norsl__s0
88,model.10,0.0284261349588632,0.6217597723007202,0.3716349303722381,2.5093555450439453e-05,1.0,0.3643749952316284,e7p__nwd-calib-norsl__s0
89,model.10,0.0284672603011131,0.6163753867149353,0.3709699511528015,0.0001896619796752,1.0,0.3606249988079071,e7p__nwd-calib-norsl__s0
90,model.10,0.0288333892822265,0.635732114315033,0.3555891513824463,0.0001141428947448,1.0,0.3715624809265136,e7p__nwd-calib-norsl__s0
91,model.10,0.0294231344014406,0.6324169635772705,0.3607458472251892,4.76837158203125e-06,1.0,0.3346875011920929,e7p__nwd-calib-norsl__s0
92,model.10,0.0298379380255937,0.6431124210357666,0.3370614051818847,0.0001622438430786,1.0,0.3578124940395355,e7p__nwd-calib-norsl__s0
93,model.10,0.0302653778344392,0.6306066513061523,0.3520683050155639,1.3649463653564451e-05,1.0,0.3849999904632568,e7p__nwd-calib-norsl__s0
94,model.10,0.0305905304849147,0.6274662613868713,0.356312096118927,0.0003407001495361,1.0,0.309374988079071,e7p__nwd-calib-norsl__s0
95,model.10,0.0310519412159919,0.6349812746047974,0.3551039695739746,0.0001263618469238,1.0,0.3937499821186065,e7p__nwd-calib-norsl__s0
96,model.10,0.0312417764216661,0.6406334042549133,0.362191379070282,4.911422729492188e-05,1.0,0.3743749856948852,e7p__nwd-calib-norsl__s0
97,model.10,0.0315459445118904,0.6191441416740417,0.350690484046936,0.000521183013916,1.0,0.3540624976158142,e7p__nwd-calib-norsl__s0
98,model.10,0.0318006090819835,0.6197496056556702,0.3481271266937256,5.692243576049805e-05,1.0,0.414374977350235,e7p__nwd-calib-norsl__s0
99,model.10,0.031845137476921,0.6354819536209106,0.3442960679531097,1.925230026245117e-05,1.0,0.3693749904632568,e7p__nwd-calib-norsl__s0
100,model.10,0.031845137476921,0.6354819536209106,0.3442960679531097,1.925230026245117e-05,1.0,0.3693749904632568,e7p__nwd-calib-norsl__s0
0,model.10,-0.0007590033346787,0.513500988483429,0.0649595856666565,0.252685546875,0.73291015625,0.0,e7p__nwd-sizegate__s0
1,model.10,-0.0017252234974876,0.5120636820793152,0.1542323529720306,0.0034561157226562,0.939453125,0.0046874997206032,e7p__nwd-sizegate__s0
2,model.10,-0.0021997429430484,0.5017972588539124,0.1796176731586456,0.0341796875,0.97509765625,0.0,e7p__nwd-sizegate__s0
3,model.10,0.001809483510442,0.5113711953163147,0.2303012013435363,0.0033245086669921,0.99609375,0.0074999998323619,e7p__nwd-sizegate__s0
4,model.10,-0.0012770096072927,0.5653886795043945,0.2468713521957397,1.9073486328125e-05,0.9833984375,0.0409374982118606,e7p__nwd-sizegate__s0
5,model.10,-0.0017940653488039,0.5951797962188721,0.2363550513982772,0.0021820068359375,0.98828125,0.0115625001490116,e7p__nwd-sizegate__s0
6,model.10,-0.0012685023248195,0.6199137568473816,0.2209774553775787,0.017578125,0.98583984375,0.0012499999720603,e7p__nwd-sizegate__s0
7,model.10,0.004218921996653,0.632381796836853,0.1911063194274902,0.0095977783203125,0.990234375,0.0040624998509883,e7p__nwd-sizegate__s0
8,model.10,0.0009193988516926,0.6769102215766907,0.1867417395114898,0.0012998580932617,0.99853515625,0.0278124995529651,e7p__nwd-sizegate__s0
9,model.10,-0.0011383111122995,0.6882548928260803,0.1683270037174224,0.004486083984375,0.99462890625,0.0134374992921948,e7p__nwd-sizegate__s0
10,model.10,-0.000857948733028,0.7042191624641418,0.1613080948591232,0.05572509765625,0.9970703125,0.0056249997578561,e7p__nwd-sizegate__s0
11,model.10,-0.0002891826443374,0.7473464608192444,0.120455265045166,0.187744140625,0.99169921875,0.0046874997206032,e7p__nwd-sizegate__s0
12,model.10,-0.000289397110464,0.7505483627319336,0.1318888366222381,0.12890625,0.99169921875,0.0106250001117587,e7p__nwd-sizegate__s0
13,model.10,0.0026002244558185,0.7322782874107361,0.1753253638744354,0.0199127197265625,0.99755859375,0.0484374985098838,e7p__nwd-sizegate__s0
14,model.10,-0.0012858462287113,0.7341981530189514,0.2367196232080459,0.0091934204101562,0.9990234375,0.0549999997019767,e7p__nwd-sizegate__s0
15,model.10,-0.0001791316608432,0.7510207891464233,0.1955330073833465,0.0032482147216796,0.99951171875,0.0553124994039535,e7p__nwd-sizegate__s0
16,model.10,-0.0006719044176861,0.7731980681419373,0.1621561050415039,0.04620361328125,0.99951171875,0.0524999983608722,e7p__nwd-sizegate__s0
17,model.10,-0.0003563424688763,0.793262779712677,0.1452013254165649,0.17041015625,0.9990234375,0.0659374967217445,e7p__nwd-sizegate__s0
18,model.10,0.0014471622416749,0.775894820690155,0.1579449772834777,0.031982421875,0.99951171875,0.0853125005960464,e7p__nwd-sizegate__s0
19,model.10,-0.0033175044227391,0.8073063492774963,0.1494832038879394,0.2012939453125,0.99951171875,0.0768750011920929,e7p__nwd-sizegate__s0
20,model.10,0.0006285368581302,0.7991816401481628,0.1858875155448913,0.0064620971679687,0.99951171875,0.0784374997019767,e7p__nwd-sizegate__s0
21,model.10,0.0023708203807473,0.8360441327095032,0.1683535873889923,0.0055999755859375,0.99951171875,0.1149999946355819,e7p__nwd-sizegate__s0
22,model.10,-0.0034842453896999,0.8205828666687012,0.1780405640602111,0.0012550354003906,0.99951171875,0.1409374922513961,e7p__nwd-sizegate__s0
23,model.10,0.0004072783049196,0.8099677562713623,0.1839039921760559,0.0056419372558593,1.0,0.1856250017881393,e7p__nwd-sizegate__s0
24,model.10,-0.0027302699163556,0.8448222875595093,0.1496453881263733,0.0088119506835937,1.0,0.1546874940395355,e7p__nwd-sizegate__s0
25,model.10,0.000324424210703,0.8148373961448669,0.2051512002944946,0.0018177032470703,1.0,0.1959374994039535,e7p__nwd-sizegate__s0
26,model.10,-0.0041499724611639,0.8328917622566223,0.1864310055971145,0.0006046295166015,1.0,0.1896874904632568,e7p__nwd-sizegate__s0
27,model.10,-0.0023689595982432,0.8149140477180481,0.2002498656511306,0.0026531219482421,1.0,0.2837499976158142,e7p__nwd-sizegate__s0
28,model.10,0.0020495862700045,0.8605368137359619,0.1549797356128692,0.0150146484375,1.0,0.2415625005960464,e7p__nwd-sizegate__s0
29,model.10,0.0003893196699209,0.8559579253196716,0.1640530228614807,0.0068511962890625,1.0,0.2237499952316284,e7p__nwd-sizegate__s0
30,model.10,-0.0002575771359261,0.8747875094413757,0.1424047648906707,0.018585205078125,1.0,0.2503125071525574,e7p__nwd-sizegate__s0
31,model.10,0.0005509650800377,0.8899297714233398,0.1135648190975189,0.06732177734375,0.99951171875,0.2549999952316284,e7p__nwd-sizegate__s0
32,model.10,0.0006317113875411,0.892586886882782,0.1200714260339737,0.04620361328125,1.0,0.2690624892711639,e7p__nwd-sizegate__s0
33,model.10,-0.0002379392681177,0.904099941253662,0.0786837786436081,0.145263671875,1.0,0.2725000083446502,e7p__nwd-sizegate__s0
34,model.10,-0.0022172501776367,0.912922501564026,0.1011515334248542,0.138427734375,1.0,0.2515625059604645,e7p__nwd-sizegate__s0
35,model.10,0.0007392598199658,0.9243809580802916,0.0971693247556686,0.0273284912109375,1.0,0.3018749952316284,e7p__nwd-sizegate__s0
36,model.10,-0.0005418955697678,0.9328938126564026,0.0854380279779434,0.10504150390625,1.0,0.3609375059604645,e7p__nwd-sizegate__s0
37,model.10,-0.0001059363639797,0.9386119842529296,0.0815605968236923,0.11981201171875,1.0,0.3443749845027923,e7p__nwd-sizegate__s0
38,model.10,0.0007775207050144,0.9416606426239014,0.0633928179740905,0.277587890625,1.0,0.3465625047683716,e7p__nwd-sizegate__s0
39,model.10,0.0005879211239516,0.9424226880073548,0.075284905731678,0.2587890625,1.0,0.4224999845027923,e7p__nwd-sizegate__s0
40,model.10,-0.00035406940151,0.9394835233688354,0.085503950715065,0.1517333984375,1.0,0.4359374940395355,e7p__nwd-sizegate__s0
41,model.10,-0.0021084891632199,0.9415316581726074,0.0830965191125869,0.1378173828125,1.0,0.4490624964237213,e7p__nwd-sizegate__s0
42,model.10,-0.0057303719222545,0.9360055327415466,0.093437373638153,0.06781005859375,1.0,0.4840624928474426,e7p__nwd-sizegate__s0
43,model.10,-0.0014321058988571,0.9093455076217652,0.1540079414844513,0.0018606185913085,1.0,0.5634374618530273,e7p__nwd-sizegate__s0
44,model.10,-0.0024796044453978,0.893941342830658,0.1412096470594406,0.0199432373046875,1.0,0.5493749976158142,e7p__nwd-sizegate__s0
45,model.10,-0.0047964253462851,0.8860558271408081,0.1675661504268646,0.004608154296875,1.0,0.5865625143051147,e7p__nwd-sizegate__s0
46,model.10,0.0025270029436796,0.8758366107940674,0.2060680091381073,0.0008230209350585,1.0,0.5590624809265137,e7p__nwd-sizegate__s0
47,model.10,-0.0009171885321848,0.8653202056884766,0.2254033386707306,0.0020198822021484,1.0,0.567187488079071,e7p__nwd-sizegate__s0
48,model.10,-0.0005409011500887,0.8718221187591553,0.2178459167480468,0.0003800392150878,1.0,0.5240625143051147,e7p__nwd-sizegate__s0
49,model.10,0.0009056171402335,0.8753877282142639,0.1974234133958816,0.0009927749633789,1.0,0.6081249713897705,e7p__nwd-sizegate__s0
50,model.10,-0.0016513222362846,0.8833428621292114,0.2051312923431396,0.0018177032470703,1.0,0.5428124666213989,e7p__nwd-sizegate__s0
51,model.10,-0.0019811789970844,0.8741590976715088,0.2078988850116729,0.0003697872161865,1.0,0.5949999690055847,e7p__nwd-sizegate__s0
52,model.10,-0.0005752898287028,0.9082828164100648,0.1604887545108795,0.0066680908203125,1.0,0.5556249618530273,e7p__nwd-sizegate__s0
53,model.10,-0.0028498189058154,0.8939173817634583,0.168920949101448,0.0006337165832519,1.0,0.6446874737739563,e7p__nwd-sizegate__s0
54,model.10,-0.0018269300926476,0.9000291228294373,0.1361331045627594,0.008880615234375,1.0,0.620312511920929,e7p__nwd-sizegate__s0
55,model.10,0.0011357137700542,0.9246459007263184,0.1404826641082763,0.0001205205917358,1.0,0.6256250143051147,e7p__nwd-sizegate__s0
56,model.10,0.0007705058669671,0.924171268939972,0.1469148695468902,0.0121917724609375,1.0,0.6078124642372131,e7p__nwd-sizegate__s0
57,model.10,-0.0021880408748984,0.9197153449058532,0.1322639882564544,0.035064697265625,1.0,0.6043750047683716,e7p__nwd-sizegate__s0
58,model.10,-0.0032573041971772,0.910173773765564,0.1586156040430069,0.0023326873779296,1.0,0.6265624761581421,e7p__nwd-sizegate__s0
59,model.10,-0.0019799962174147,0.9061097502708436,0.2051583677530288,0.0001263618469238,1.0,0.6087499856948853,e7p__nwd-sizegate__s0
60,model.10,-0.0019702487625181,0.9071795344352722,0.1833900809288025,0.001011848449707,1.0,0.5956249833106995,e7p__nwd-sizegate__s0
61,model.10,0.0001730974036036,0.9154464602470398,0.159831017255783,0.0008106231689453,1.0,0.6431249976158142,e7p__nwd-sizegate__s0
62,model.10,-0.0019500382477417,0.9112805128097534,0.1711739301681518,0.0023326873779296,1.0,0.6321874856948853,e7p__nwd-sizegate__s0
63,model.10,-0.0052350279875099,0.8969569802284241,0.1831859350204467,0.0089187622070312,1.0,0.6278125047683716,e7p__nwd-sizegate__s0
64,model.10,-0.0025539293419569,0.9056069850921632,0.1602382361888885,0.0012598037719726,1.0,0.651562511920929,e7p__nwd-sizegate__s0
65,model.10,-0.0019448584644123,0.886464536190033,0.1702867001295089,0.0015487670898437,1.0,0.6128124594688416,e7p__nwd-sizegate__s0
66,model.10,-0.0011407360434532,0.901679515838623,0.1656633913516998,0.0010366439819335,1.0,0.6571874618530273,e7p__nwd-sizegate__s0
67,model.10,-0.0006621248321607,0.9091145396232604,0.1691641807556152,0.0069847106933593,1.0,0.6506249904632568,e7p__nwd-sizegate__s0
68,model.10,-0.0026949543971568,0.9077386856079102,0.1625021547079086,0.0022697448730468,1.0,0.6478124856948853,e7p__nwd-sizegate__s0
69,model.10,-0.0026487568393349,0.916488766670227,0.1382152438163757,0.0058670043945312,1.0,0.6384375095367432,e7p__nwd-sizegate__s0
70,model.10,-0.002848902484402,0.9146841764450072,0.1690033823251724,0.0054893493652343,1.0,0.6418749690055847,e7p__nwd-sizegate__s0
71,model.10,-0.0034551341086626,0.9323434829711914,0.1340847909450531,0.0073165893554687,1.0,0.660937488079071,e7p__nwd-sizegate__s0
72,model.10,-0.0027540128212422,0.9247368574142456,0.1246025264263153,0.01751708984375,1.0,0.6865624785423279,e7p__nwd-sizegate__s0
73,model.10,-0.0032547642476856,0.9083005785942078,0.1840717941522598,0.0023136138916015,1.0,0.6787499785423279,e7p__nwd-sizegate__s0
74,model.10,-0.0044475449249148,0.9259812831878662,0.1326273083686828,0.015838623046875,1.0,0.6674999594688416,e7p__nwd-sizegate__s0
75,model.10,-0.0052769645117223,0.916998565196991,0.1274092495441436,0.03338623046875,1.0,0.6787499785423279,e7p__nwd-sizegate__s0
76,model.10,-0.0067318817600607,0.9394457936286926,0.114088550209999,0.049041748046875,1.0,0.6971874833106995,e7p__nwd-sizegate__s0
77,model.10,-0.0049690632149577,0.9279237985610962,0.1557621955871582,0.0057754516601562,1.0,0.6990624666213989,e7p__nwd-sizegate__s0
78,model.10,-0.0045101284049451,0.9247312545776368,0.1469468474388122,0.03460693359375,1.0,0.6787499785423279,e7p__nwd-sizegate__s0
79,model.10,-0.003650466678664,0.9449060559272766,0.1243212074041366,0.049591064453125,1.0,0.6865624785423279,e7p__nwd-sizegate__s0
80,model.10,-0.004071504343301,0.9286620616912842,0.1434022039175033,0.014556884765625,1.0,0.69593745470047,e7p__nwd-sizegate__s0
81,model.10,-0.0043425681069493,0.9442256093025208,0.1271923184394836,0.029815673828125,1.0,0.6840624809265137,e7p__nwd-sizegate__s0
82,model.10,-0.0050290203653275,0.9114091992378236,0.1727183014154434,0.001220703125,1.0,0.6803125143051147,e7p__nwd-sizegate__s0
83,model.10,-0.0062165562994778,0.929904282093048,0.134036898612976,0.0256195068359375,1.0,0.6524999737739563,e7p__nwd-sizegate__s0
84,model.10,-0.0055653774179518,0.8980129957199097,0.165055900812149,0.0068244934082031,1.0,0.682812511920929,e7p__nwd-sizegate__s0
85,model.10,-0.0066058039665222,0.925715148448944,0.1508482694625854,0.0044326782226562,1.0,0.6840624809265137,e7p__nwd-sizegate__s0
86,model.10,-0.0060422783717513,0.926672637462616,0.1530759632587433,0.0083160400390625,1.0,0.6865624785423279,e7p__nwd-sizegate__s0
87,model.10,-0.0069159157574176,0.9124612212181092,0.1730028688907623,0.0063896179199218,1.0,0.6931250095367432,e7p__nwd-sizegate__s0
88,model.10,-0.0062478738836944,0.9371086955070496,0.127368152141571,0.0079345703125,1.0,0.6624999642372131,e7p__nwd-sizegate__s0
89,model.10,-0.0064922417514026,0.9023417234420776,0.1805843263864517,0.008575439453125,1.0,0.7003124952316284,e7p__nwd-sizegate__s0
90,model.10,-0.0066123893484473,0.9307856559753418,0.1321198642253875,0.04296875,1.0,0.6534374952316284,e7p__nwd-sizegate__s0
91,model.10,-0.0068391864188015,0.9342739582061768,0.1262313425540924,0.0050811767578125,1.0,0.6909374594688416,e7p__nwd-sizegate__s0
92,model.10,-0.0071555413305759,0.9218189120292664,0.1551881432533264,0.0057525634765625,1.0,0.6896874904632568,e7p__nwd-sizegate__s0
93,model.10,-0.0076562971808016,0.950831651687622,0.1077004373073577,0.020294189453125,1.0,0.667187511920929,e7p__nwd-sizegate__s0
94,model.10,-0.0081973858177661,0.9310437440872192,0.1169657409191131,0.029541015625,1.0,0.6378124952316284,e7p__nwd-sizegate__s0
95,model.10,-0.0086957886815071,0.9201630353927612,0.1298722773790359,0.021331787109375,1.0,0.651562511920929,e7p__nwd-sizegate__s0
96,model.10,-0.008785055950284,0.93016254901886,0.120892509818077,0.01861572265625,1.0,0.6821874976158142,e7p__nwd-sizegate__s0
97,model.10,-0.0087326308712363,0.9167391061782836,0.1377318054437637,0.0048866271972656,1.0,0.6528124809265137,e7p__nwd-sizegate__s0
98,model.10,-0.0090135168284177,0.9285237789154052,0.117202989757061,0.052825927734375,1.0,0.6399999856948853,e7p__nwd-sizegate__s0
99,model.10,-0.0090712243691086,0.94612056016922,0.1134350299835205,0.0243377685546875,1.0,0.7003124952316284,e7p__nwd-sizegate__s0
100,model.10,-0.0090712243691086,0.94612056016922,0.1134350299835205,0.0243377685546875,1.0,0.7003124952316284,e7p__nwd-sizegate__s0
0,model.10,0.0010906391544267,0.5093271732330322,0.0944307446479797,0.1866455078125,0.83642578125,0.0,e2p__postsppf__s1
1,model.10,-0.0002078609686577,0.5069857835769653,0.1471340954303741,0.08978271484375,0.9697265625,0.0,e2p__postsppf__s1
2,model.10,-0.0009318655356764,0.5046465992927551,0.1888309270143509,0.0090560913085937,0.97412109375,0.0006249999860301,e2p__postsppf__s1
3,model.10,0.0023156064562499,0.4982158839702606,0.2142596840858459,0.0054054260253906,0.98095703125,0.0040624998509883,e2p__postsppf__s1
4,model.10,-0.001503016334027,0.5210017561912537,0.2231088131666183,0.003854751586914,0.97998046875,0.0046874997206032,e2p__postsppf__s1
5,model.10,0.0018171964911743,0.5501518249511719,0.245760828256607,0.0039596557617187,0.994140625,0.0084374994039535,e2p__postsppf__s1
6,model.10,0.0009940706659108,0.5747650861740112,0.2816967368125915,0.0017957687377929,0.99951171875,0.0531249977648258,e2p__postsppf__s1
7,model.10,-0.0004350479866843,0.5943125486373901,0.2796094417572021,0.0009040832519531,1.0,0.0621875002980232,e2p__postsppf__s1
8,model.10,0.0003329962491989,0.5974159836769104,0.2868465185165405,0.0007319450378417,1.0,0.0518749989569187,e2p__postsppf__s1
9,model.10,-0.0015672399895265,0.611107587814331,0.2775535583496094,0.0015125274658203,0.99951171875,0.0709374994039535,e2p__postsppf__s1
10,model.10,-2.3292945115827024e-05,0.6125732064247131,0.2858902513980865,0.0017004013061523,1.0,0.0759374946355819,e2p__postsppf__s1
11,model.10,0.0010873118881136,0.6054947376251221,0.2869472801685333,0.0002217292785644,1.0,0.0965624973177909,e2p__postsppf__s1
12,model.10,-0.0013579803053289,0.6176464557647705,0.2832286059856415,0.0001088976860046,0.99951171875,0.0968749970197677,e2p__postsppf__s1
13,model.10,5.4036434448789805e-05,0.6167068481445312,0.2886006832122803,0.0002434253692626,0.99951171875,0.0775000005960464,e2p__postsppf__s1
14,model.10,-0.0008330729906447,0.6564456224441528,0.2926473617553711,0.0005092620849609,1.0,0.109375,e2p__postsppf__s1
15,model.10,0.0048216739669442,0.6592174172401428,0.3093778192996979,1.2636184692382812e-05,1.0,0.1628125011920929,e2p__postsppf__s1
16,model.10,-0.0020910988096147,0.6483103036880493,0.2976998090744018,0.0001511573791503,1.0,0.2034374922513961,e2p__postsppf__s1
17,model.10,-0.0010030791163444,0.6555917859077454,0.2909518778324127,1.2099742889404295e-05,1.0,0.2259375005960464,e2p__postsppf__s1
18,model.10,0.0025038083549588,0.6533297300338745,0.3084426820278168,8.046627044677734e-06,1.0,0.2003124952316284,e2p__postsppf__s1
19,model.10,-0.0029746443033218,0.6591102480888367,0.3178834319114685,3.618001937866211e-05,1.0,0.2184374928474426,e2p__postsppf__s1
20,model.10,-0.00084715266712,0.6735976934432983,0.3038580417633056,2.026557922363281e-06,1.0,0.2587499916553497,e2p__postsppf__s1
21,model.10,-0.0003702516842167,0.678657054901123,0.2990244626998901,2.390146255493164e-05,1.0,0.1737499982118606,e2p__postsppf__s1
22,model.10,0.0014837215421721,0.7054896950721741,0.3005105853080749,1.2695789337158205e-05,1.0,0.1921875029802322,e2p__postsppf__s1
23,model.10,-0.0004087057895958,0.7073612809181213,0.3053345382213592,2.682209014892578e-06,1.0,0.2134374976158142,e2p__postsppf__s1
24,model.10,-0.0006012768717482,0.7036967277526855,0.3190857172012329,3.534555435180664e-05,1.0,0.2365624904632568,e2p__postsppf__s1
25,model.10,0.0004847095406148,0.6940096616744995,0.2973977327346802,9.894371032714844e-06,1.0,0.2290624976158142,e2p__postsppf__s1
26,model.10,-0.0002937115496024,0.7067474722862244,0.2945722341537475,0.000251293182373,1.0,0.1756249964237213,e2p__postsppf__s1
27,model.10,-0.0023416900075972,0.7041509747505188,0.2936558127403259,1.2993812561035156e-05,1.0,0.2181250005960464,e2p__postsppf__s1
28,model.10,-0.0002575617399998,0.6943600177764893,0.3252385854721069,3.975629806518555e-05,1.0,0.2331250011920929,e2p__postsppf__s1
29,model.10,-0.0010038616601377,0.7067592740058899,0.296722263097763,1.430511474609375e-06,1.0,0.2043749988079071,e2p__postsppf__s1
30,model.10,0.0028336003888398,0.7072640657424927,0.2948716878890991,0.0001150369644165,1.0,0.2337500005960464,e2p__postsppf__s1
31,model.10,0.0025741492863744,0.7213824987411499,0.2896909117698669,8.463859558105469e-06,1.0,0.2146874964237213,e2p__postsppf__s1
32,model.10,-0.0011158944107592,0.7262089252471924,0.2886124849319458,0.000180959701538,1.0,0.2128124982118606,e2p__postsppf__s1
33,model.10,-0.0011863230029121,0.6967964172363281,0.3230375051498413,4.57763671875e-05,1.0,0.2662499845027923,e2p__postsppf__s1
34,model.10,-0.0006543063209392,0.7129362225532532,0.3017900586128235,3.737211227416992e-05,1.0,0.2562499940395355,e2p__postsppf__s1
35,model.10,-0.0020012066233903,0.6948347091674805,0.3106037974357605,5.561113357543945e-05,1.0,0.2481250017881393,e2p__postsppf__s1
36,model.10,0.0020546442829072,0.710131049156189,0.3182267248630523,4.684925079345703e-05,1.0,0.2671875059604645,e2p__postsppf__s1
37,model.10,-7.06932696630247e-05,0.7281857132911682,0.2910655438899994,2.443790435791016e-06,1.0,0.2874999940395355,e2p__postsppf__s1
38,model.10,-0.0004654801741708,0.6881750226020813,0.3100452423095703,1.6987323760986328e-05,1.0,0.2687499821186065,e2p__postsppf__s1
39,model.10,0.0033207014203071,0.6980280876159668,0.3091914057731628,1.1205673217773438e-05,1.0,0.2699999809265136,e2p__postsppf__s1
40,model.10,0.0014382258523255,0.7030784487724304,0.306704580783844,5.143880844116211e-05,1.0,0.2743749916553497,e2p__postsppf__s1
41,model.10,-0.0013727629557251,0.7158595323562622,0.2928853332996368,0.0001293420791625,1.0,0.2543749809265136,e2p__postsppf__s1
42,model.10,-0.0004304957983549,0.7123730182647705,0.2966945171356201,1.788139343261719e-07,1.0,0.2606250047683716,e2p__postsppf__s1
43,model.10,0.0033365238923579,0.7037307620048523,0.3111331462860107,3.319978713989258e-05,1.0,0.2834374904632568,e2p__postsppf__s1
44,model.10,0.0012750439345836,0.7123110890388489,0.2941233515739441,3.820657730102539e-05,1.0,0.2721875011920929,e2p__postsppf__s1
45,model.10,-0.0022693576756864,0.6984185576438904,0.3254052996635437,0.0001366138458251,1.0,0.2693749964237213,e2p__postsppf__s1
46,model.10,-0.0029828487895429,0.7080938816070557,0.2793270349502563,5.692243576049805e-05,1.0,0.3059374988079071,e2p__postsppf__s1
47,model.10,2.1175495930947363e-05,0.6861253380775452,0.3288652598857879,7.033348083496094e-06,1.0,0.2906250059604645,e2p__postsppf__s1
48,model.10,0.0004408454988151,0.6886642575263977,0.31449955701828,9.5367431640625e-05,1.0,0.3075000047683716,e2p__postsppf__s1
49,model.10,-0.000211588689126,0.6800096035003662,0.3171329498291015,9.953975677490234e-06,1.0,0.3059374988079071,e2p__postsppf__s1
50,model.10,0.0005371769075281,0.7023385167121887,0.3180708289146423,0.0002251863479614,1.0,0.3178125023841858,e2p__postsppf__s1
51,model.10,9.574587238603272e-06,0.6835655570030212,0.3214249610900879,0.0001686811447143,1.0,0.2790624797344208,e2p__postsppf__s1
52,model.10,0.00214563915506,0.7103666663169861,0.3208079934120178,7.748603820800781e-07,1.0,0.2971875071525574,e2p__postsppf__s1
53,model.10,-0.0006129046087153,0.7008535861968994,0.322420060634613,0.0001205205917358,1.0,0.2953124940395355,e2p__postsppf__s1
54,model.10,-0.0017763982759788,0.6927366256713867,0.3270944356918335,0.0002472400665283,1.0,0.3028124868869781,e2p__postsppf__s1
55,model.10,0.0002258089807583,0.7275229692459106,0.2739128172397613,9.459257125854492e-05,1.0,0.2965624928474426,e2p__postsppf__s1
56,model.10,0.0009448719210922,0.7061613202095032,0.3095413446426391,0.0004355907440185,1.0,0.2853125035762787,e2p__postsppf__s1
57,model.10,0.0002246664662379,0.7085124254226685,0.3120587766170501,4.649162292480469e-05,1.0,0.2971875071525574,e2p__postsppf__s1
58,model.10,-0.001764599001035,0.7123962044715881,0.2970103621482849,8.684396743774414e-05,1.0,0.3112500011920929,e2p__postsppf__s1
59,model.10,-0.0004475693567655,0.7155168056488037,0.3011307120323181,0.0001293420791625,1.0,0.3137499988079071,e2p__postsppf__s1
60,model.10,0.0004969405126757,0.7199792265892029,0.3115631341934204,0.0003302097320556,1.0,0.2771874964237213,e2p__postsppf__s1
61,model.10,0.0011498138774186,0.7144457101821899,0.3033385872840881,0.0007410049438476,1.0,0.3121874928474426,e2p__postsppf__s1
62,model.10,2.436239446979016e-05,0.738644540309906,0.2796009182929992,0.0003697872161865,1.0,0.2971875071525574,e2p__postsppf__s1
63,model.10,0.0006770655163563,0.7336075901985168,0.2832983434200287,0.0001660585403442,1.0,0.3087500035762787,e2p__postsppf__s1
64,model.10,0.0004822413902729,0.7394768595695496,0.2821828722953796,0.0008459091186523,1.0,0.2956250011920929,e2p__postsppf__s1
65,model.10,0.0001418689353158,0.7556827664375305,0.2840423583984375,0.0001780986785888,1.0,0.2996875047683716,e2p__postsppf__s1
66,model.10,-0.0008136281976476,0.7349438071250916,0.2915612161159515,0.0002359151840209,1.0,0.3343749940395355,e2p__postsppf__s1
67,model.10,-0.0006346887093968,0.7196321487426758,0.2876101732254028,0.0005931854248046,1.0,0.3128125071525574,e2p__postsppf__s1
68,model.10,-0.0001158914528787,0.7204964756965637,0.3104052543640136,0.0006237030029296,1.0,0.2946874797344208,e2p__postsppf__s1
69,model.10,-0.0003564629878383,0.7240535020828247,0.30979984998703,0.0005745887756347,1.0,0.2974999845027923,e2p__postsppf__s1
70,model.10,0.00073746626731,0.7268559336662292,0.2858650088310241,0.0001123547554016,1.0,0.3703124821186065,e2p__postsppf__s1
71,model.10,0.0020827611442655,0.7284914255142212,0.3226570188999176,0.0004477500915527,1.0,0.3368749916553497,e2p__postsppf__s1
72,model.10,0.0015355083160102,0.7199493050575256,0.3059877157211303,0.0003981590270996,1.0,0.3637499809265136,e2p__postsppf__s1
73,model.10,0.0012993075652047,0.7175489068031311,0.2935747802257538,0.001713752746582,1.0,0.3284375071525574,e2p__postsppf__s1
74,model.10,0.0004854636208619,0.7356391549110413,0.3033407330513,5.4776668548583984e-05,1.0,0.3559374809265136,e2p__postsppf__s1
75,model.10,0.0010249884799122,0.7178709506988525,0.316895455121994,0.0013151168823242,1.0,0.3515625,e2p__postsppf__s1
76,model.10,0.000316435995046,0.7570709586143494,0.2816666960716247,0.0003054141998291,1.0,0.3524999916553497,e2p__postsppf__s1
77,model.10,0.0002660924510564,0.7272939682006836,0.3062167763710022,0.0004076957702636,1.0,0.3468749821186065,e2p__postsppf__s1
78,model.10,0.0009234430035576,0.7527438402175903,0.3010179400444031,0.0009622573852539,1.0,0.3368749916553497,e2p__postsppf__s1
79,model.10,0.001227181055583,0.7341139912605286,0.3261550366878509,0.0002033710479736,1.0,0.3509374856948852,e2p__postsppf__s1
80,model.10,0.0012734992196783,0.7430905103683472,0.2999880909919739,6.556510925292969e-06,1.0,0.3378124833106994,e2p__postsppf__s1
81,model.10,0.0007142139947973,0.7325167655944824,0.310871422290802,8.153915405273438e-05,1.0,0.3234374821186065,e2p__postsppf__s1
82,model.10,0.000950536923483,0.7168987989425659,0.3396281003952026,0.0006537437438964,1.0,0.3928124904632568,e2p__postsppf__s1
83,model.10,0.0005064589786343,0.7389993071556091,0.3008079528808594,3.0994415283203125e-06,1.0,0.3434374928474426,e2p__postsppf__s1
84,model.10,0.0009966361103579,0.7483539581298828,0.2832258641719818,0.0001740455627441,1.0,0.3143749833106994,e2p__postsppf__s1
85,model.10,0.0009599759359844,0.7370136976242065,0.3141332864761352,0.0001523494720458,1.0,0.3487499952316284,e2p__postsppf__s1
86,model.10,0.0019858661107718,0.7292517423629761,0.3050090670585632,7.086992263793945e-05,1.0,0.3312499821186065,e2p__postsppf__s1
87,model.10,0.0014784381492063,0.7189140319824219,0.3158715367317199,6.711483001708984e-05,1.0,0.3459374904632568,e2p__postsppf__s1
88,model.10,0.001001188182272,0.7231870293617249,0.2931642532348633,5.3048133850097656e-05,1.0,0.3178125023841858,e2p__postsppf__s1
89,model.10,0.0013869905378669,0.7224121689796448,0.3025107979774475,6.204843521118164e-05,1.0,0.3234374821186065,e2p__postsppf__s1
90,model.10,0.001777711440809,0.7524016499519348,0.2957191467285156,5.9664249420166016e-05,1.0,0.3021875023841858,e2p__postsppf__s1
91,model.10,0.0019695332739502,0.7354438900947571,0.2993272542953491,0.0008559226989746,1.0,0.3365624845027923,e2p__postsppf__s1
92,model.10,0.0020409799180924,0.7266413569450378,0.3120765686035156,6.920099258422852e-05,1.0,0.3199999928474426,e2p__postsppf__s1
93,model.10,0.002001179382205,0.7486544847488403,0.283049076795578,9.608268737792967e-05,1.0,0.3462499976158142,e2p__postsppf__s1
94,model.10,0.0019732122309505,0.7320044040679932,0.2973045706748962,1.6987323760986328e-05,1.0,0.3231250047683716,e2p__postsppf__s1
95,model.10,0.0026852332521229,0.7206792831420898,0.3082091808319092,4.756450653076172e-05,1.0,0.3340624868869781,e2p__postsppf__s1
96,model.10,0.002866385038942,0.74925696849823,0.2859087586402893,0.0001634359359741,1.0,0.3393749892711639,e2p__postsppf__s1
97,model.10,0.0029097399674355,0.727047324180603,0.308599442243576,0.0005679130554199,1.0,0.3346875011920929,e2p__postsppf__s1
98,model.10,0.0030677593313157,0.7429159283638,0.314139574766159,3.451108932495117e-05,1.0,0.356249988079071,e2p__postsppf__s1
99,model.10,0.0032430321443825,0.7549850344657898,0.2973504960536957,0.0001956224441528,1.0,0.3371874988079071,e2p__postsppf__s1
100,model.10,0.0032430321443825,0.7549850344657898,0.2973504960536957,0.0001956224441528,1.0,0.3371874988079071,e2p__postsppf__s1
0,model.10,1.5602414350723848e-05,0.4829925000667572,0.0761381089687347,0.227783203125,0.83349609375,0.0,e2p__postsppf__s2
1,model.10,-0.0056798197329044,0.5219807028770447,0.2162876427173614,0.07696533203125,0.99658203125,0.0084374994039535,e2p__postsppf__s2
2,model.10,0.0009192946599796,0.5488703846931458,0.2390675991773605,0.0034160614013671,0.98095703125,0.0228124987334013,e2p__postsppf__s2
3,model.10,-0.0013050611596554,0.5260111689567566,0.2383596748113632,0.0049629211425781,0.99755859375,0.0096875000745058,e2p__postsppf__s2
4,model.10,0.0017188894562423,0.5247082710266113,0.2222199141979217,0.0135345458984375,0.99365234375,0.0106250001117587,e2p__postsppf__s2
5,model.10,-0.0029745067004114,0.5435464382171631,0.2396602630615234,0.0041656494140625,0.99462890625,0.0090624997392296,e2p__postsppf__s2
6,model.10,0.0042637498117983,0.5251269340515137,0.2492299228906631,0.0046272277832031,0.99951171875,0.0140624996274709,e2p__postsppf__s2
7,model.10,-0.0002079308178508,0.5318439602851868,0.2551754117012024,0.000521183013916,0.99951171875,0.0587499998509883,e2p__postsppf__s2
8,model.10,0.002921592677012,0.5575544834136963,0.2687890529632568,0.0002002716064453,0.99951171875,0.0640624985098838,e2p__postsppf__s2
9,model.10,-0.0013745288597419,0.5892112851142883,0.2918701469898224,0.0010204315185546,0.99853515625,0.0674999952316284,e2p__postsppf__s2
10,model.10,0.0006178952171467,0.5774907469749451,0.2964656352996826,0.0006313323974609,1.0,0.1099999994039535,e2p__postsppf__s2
11,model.10,0.0003896823909599,0.5903716683387756,0.2688154578208923,0.0001767873764038,0.99951171875,0.1028124988079071,e2p__postsppf__s2
12,model.10,-0.0002051500196103,0.5977259874343872,0.2679868936538696,0.0007295608520507,0.99951171875,0.0909374952316284,e2p__postsppf__s2
13,model.10,0.0011635976843535,0.5942491292953491,0.2926295399665832,0.0031242370605468,0.9990234375,0.0518749989569187,e2p__postsppf__s2
14,model.10,0.0024272708687931,0.6028890609741211,0.2622383832931518,0.0004339218139648,1.0,0.0718749985098838,e2p__postsppf__s2
15,model.10,-0.0025817959103733,0.5912530422210693,0.2518897354602813,0.0016231536865234,1.0,0.0959374979138374,e2p__postsppf__s2
16,model.10,0.0009691989980638,0.580302894115448,0.2875570654869079,0.001810073852539,1.0,0.0981249958276748,e2p__postsppf__s2
17,model.10,0.0011570530477911,0.5799368619918823,0.2694781422615051,0.0006566047668457,0.9990234375,0.1103124991059303,e2p__postsppf__s2
18,model.10,-0.0028625119011849,0.5854794979095459,0.2937799096107483,8.887052536010742e-05,1.0,0.0906249955296516,e2p__postsppf__s2
19,model.10,0.0006886000046506,0.6083762049674988,0.3063370585441589,4.0531158447265625e-06,0.99951171875,0.0909374952316284,e2p__postsppf__s2
20,model.10,-0.0001639407128095,0.6008182168006897,0.2766656875610351,0.000476598739624,0.99951171875,0.1103124991059303,e2p__postsppf__s2
21,model.10,-0.0012752838665619,0.587160587310791,0.3024072051048279,4.649162292480469e-05,0.9990234375,0.0981249958276748,e2p__postsppf__s2
22,model.10,0.0031949791591614,0.5831056833267212,0.3247679471969604,2.568960189819336e-05,1.0,0.1284375041723251,e2p__postsppf__s2
23,model.10,-0.0039768954738974,0.6065982580184937,0.2993266880512237,7.987022399902344e-06,0.9990234375,0.1218749955296516,e2p__postsppf__s2
24,model.10,-0.0027894510421901,0.5887226462364197,0.3252751529216766,3.594160079956055e-05,1.0,0.1681250035762787,e2p__postsppf__s2
25,model.10,0.0029055951163172,0.5984998345375061,0.2741948664188385,5.9664249420166016e-05,0.99951171875,0.1793749928474426,e2p__postsppf__s2
26,model.10,0.0003182126965839,0.6122215986251831,0.3113294839859009,0.000251293182373,1.0,0.1359374970197677,e2p__postsppf__s2
27,model.10,0.0005044207791797,0.6176605224609375,0.3173432052135467,7.867813110351562e-06,1.0,0.1843750029802322,e2p__postsppf__s2
28,model.10,0.0028146470431238,0.6205433011054993,0.3136532008647918,2.193450927734375e-05,1.0,0.1243750005960464,e2p__postsppf__s2
29,model.10,-0.002254469320178,0.640890896320343,0.3166893124580383,1.633167266845703e-05,1.0,0.1343749910593032,e2p__postsppf__s2
30,model.10,-2.6578323740977797e-05,0.6211080551147461,0.3267855048179626,0.0004239082336425,1.0,0.1424999982118606,e2p__postsppf__s2
31,model.10,0.0027698094490915,0.6309089064598083,0.3196460008621216,4.649162292480469e-05,1.0,0.1296875029802322,e2p__postsppf__s2
32,model.10,-0.0020753077697008,0.6327406764030457,0.3045281171798706,9.834766387939451e-06,1.0,0.1184374988079071,e2p__postsppf__s2
33,model.10,-3.743200431927107e-05,0.6156671643257141,0.3024551570415497,0.0003199577331542,1.0,0.1568749994039535,e2p__postsppf__s2
34,model.10,0.0028989205602556,0.6361122131347656,0.2884064316749573,5.066394805908203e-06,1.0,0.1850000023841858,e2p__postsppf__s2
35,model.10,0.0017351659480482,0.6408201456069946,0.2766372561454773,4.76837158203125e-07,1.0,0.1856250017881393,e2p__postsppf__s2
36,model.10,-0.0008236708235926,0.6020230054855347,0.3384043872356415,2.646446228027344e-05,1.0,0.194374993443489,e2p__postsppf__s2
37,model.10,-0.0006284989067353,0.6267275214195251,0.3050786554813385,3.2782554626464844e-06,1.0,0.2062499970197677,e2p__postsppf__s2
38,model.10,0.0009094793931581,0.635212779045105,0.3043519854545593,1.3113021850585938e-05,1.0,0.1715624928474426,e2p__postsppf__s2
39,model.10,0.0006795207154937,0.6355574131011963,0.3280843496322632,1.0788440704345705e-05,1.0,0.1953125,e2p__postsppf__s2
40,model.10,-0.0010225421283394,0.6320760846138,0.3156595826148987,1.0371208190917969e-05,1.0,0.1574999988079071,e2p__postsppf__s2
41,model.10,0.0001823078055167,0.6431286334991455,0.3196765780448913,2.54511833190918e-05,1.0,0.1656249910593032,e2p__postsppf__s2
42,model.10,0.0003458584833424,0.633860170841217,0.32135009765625,7.599592208862305e-05,1.0,0.1706250011920929,e2p__postsppf__s2
43,model.10,-0.0006345746223814,0.6502314805984497,0.294329285621643,1.728534698486328e-06,1.0,0.1893749982118606,e2p__postsppf__s2
44,model.10,-0.0006182909128256,0.6611176133155823,0.3006211221218109,1.0848045349121094e-05,1.0,0.1990624964237213,e2p__postsppf__s2
45,model.10,-0.0005645447527058,0.6527062654495239,0.297599732875824,5.364418029785156e-07,1.0,0.2159374952316284,e2p__postsppf__s2
46,model.10,0.0014405167894437,0.6537864804267883,0.313920646905899,0.0005397796630859,1.0,0.1884374916553497,e2p__postsppf__s2
47,model.10,0.0010303144808858,0.6501201391220093,0.3199093639850616,6.35385513305664e-05,1.0,0.1981249898672104,e2p__postsppf__s2
48,model.10,0.000431270658737,0.6753614544868469,0.2604782283306122,2.6226043701171875e-06,1.0,0.1896874904632568,e2p__postsppf__s2
49,model.10,0.0004381857288535,0.638736367225647,0.3024914562702179,0.0001442432403564,1.0,0.2124999910593032,e2p__postsppf__s2
50,model.10,-6.0809448768850416e-05,0.6523991227149963,0.2989242970943451,3.349781036376953e-05,1.0,0.155312493443489,e2p__postsppf__s2
51,model.10,0.0012640997301787,0.6556679606437683,0.3138552606105804,5.346536636352539e-05,1.0,0.1578124910593032,e2p__postsppf__s2
52,model.10,-0.0002568058553151,0.6445304751396179,0.3014588952064514,4.434585571289063e-05,1.0,0.2003124952316284,e2p__postsppf__s2
53,model.10,-0.0002906017471104,0.6509492993354797,0.3077017068862915,8.887052536010742e-05,1.0,0.1821874976158142,e2p__postsppf__s2
54,model.10,-0.0002863382687792,0.6492998600006104,0.2968043088912964,3.761053085327149e-05,1.0,0.2159374952316284,e2p__postsppf__s2
55,model.10,-0.0004939343780279,0.6551483273506165,0.3130484819412231,0.0001273155212402,1.0,0.1856250017881393,e2p__postsppf__s2
56,model.10,0.0017528889002278,0.6532391309738159,0.3351026773452759,6.157159805297852e-05,1.0,0.1890624910593032,e2p__postsppf__s2
57,model.10,0.0017028938746079,0.6679977178573608,0.2965258955955505,4.410743713378906e-06,1.0,0.1781249940395355,e2p__postsppf__s2
58,model.10,0.0007243328145705,0.6697794198989868,0.2950265109539032,9.834766387939451e-06,1.0,0.1759374886751175,e2p__postsppf__s2
59,model.10,-0.0001439374318579,0.679684042930603,0.304106593132019,1.0132789611816406e-06,1.0,0.1875,e2p__postsppf__s2
60,model.10,-0.0002668075321707,0.6470481753349304,0.3126887083053589,0.0001559257507324,1.0,0.2025000005960464,e2p__postsppf__s2
61,model.10,0.0006838956614956,0.6594664454460144,0.3112455308437347,0.0002737045288085,1.0,0.1837499886751175,e2p__postsppf__s2
62,model.10,0.0001530937879579,0.6602815389633179,0.2884825468063354,8.761882781982422e-06,1.0,0.217812493443489,e2p__postsppf__s2
63,model.10,0.0024979838635772,0.6564323902130127,0.3033889830112457,4.83393669128418e-05,1.0,0.2084375023841858,e2p__postsppf__s2
64,model.10,0.0028365771286189,0.6691099405288696,0.2952736914157867,1.5795230865478516e-05,1.0,0.2081249952316284,e2p__postsppf__s2
65,model.10,-0.0001586963480804,0.6737444996833801,0.3034687042236328,0.0002591609954833,1.0,0.2512499988079071,e2p__postsppf__s2
66,model.10,0.0005968167679384,0.6738055944442749,0.2919292449951172,0.0005035400390625,1.0,0.233437493443489,e2p__postsppf__s2
67,model.10,0.0024833756033331,0.6613480448722839,0.3170927762985229,2.372264862060547e-05,1.0,0.2328124940395355,e2p__postsppf__s2
68,model.10,0.000441951357061,0.6873487830162048,0.3080210387706756,7.748603820800781e-07,1.0,0.2203124910593032,e2p__postsppf__s2
69,model.10,0.0004040933854412,0.6805756092071533,0.2885998487472534,9.316205978393556e-05,1.0,0.225624993443489,e2p__postsppf__s2
70,model.10,0.0012264493852853,0.6791131496429443,0.2819749414920807,1.8477439880371092e-06,1.0,0.2456249892711639,e2p__postsppf__s2
71,model.10,0.0033842553384602,0.6794518828392029,0.3207283616065979,0.0009398460388183,1.0,0.209999993443489,e2p__postsppf__s2
72,model.10,0.0022697432432323,0.68553227186203,0.3042882978916168,6.252527236938477e-05,1.0,0.2481250017881393,e2p__postsppf__s2
73,model.10,0.0017195612890645,0.6777128577232361,0.3222520351409912,3.159046173095703e-06,1.0,0.223437488079071,e2p__postsppf__s2
74,model.10,0.0004877647734247,0.6954246163368225,0.2946380972862243,2.562999725341797e-06,1.0,0.1996874958276748,e2p__postsppf__s2
75,model.10,0.000286587543087,0.675247848033905,0.3066778481006622,8.344650268554688e-07,1.0,0.2271874994039535,e2p__postsppf__s2
76,model.10,0.0015529125230386,0.6833025813102722,0.3157205581665039,1.5497207641601562e-06,1.0,0.2043749988079071,e2p__postsppf__s2
77,model.10,0.001105592935346,0.6586933732032776,0.2995296716690063,0.0002359151840209,1.0,0.2199999988079071,e2p__postsppf__s2
78,model.10,0.0002641100436449,0.6906646490097046,0.2913539409637451,8.285045623779297e-05,1.0,0.2318749874830246,e2p__postsppf__s2
79,model.10,0.0016804633196443,0.659584641456604,0.3128298819065094,1.9073486328125e-06,1.0,0.2434374988079071,e2p__postsppf__s2
80,model.10,0.0017834411701187,0.6775259971618652,0.272196501493454,0.0006165504455566,1.0,0.2296874970197677,e2p__postsppf__s2
81,model.10,0.0017168029444292,0.6691278219223022,0.3005223274230957,3.11732292175293e-05,1.0,0.2446874976158142,e2p__postsppf__s2
82,model.10,0.0019836737774312,0.6701167225837708,0.2775097489356994,0.0001159310340881,1.0,0.2765624821186065,e2p__postsppf__s2
83,model.10,0.0026390159036964,0.6732218861579895,0.3151443600654602,0.0002323389053344,1.0,0.2590624988079071,e2p__postsppf__s2
84,model.10,0.0027614505961537,0.6718603372573853,0.3182464838027954,4.363059997558594e-05,1.0,0.2778124809265136,e2p__postsppf__s2
85,model.10,0.0029226918704807,0.685979425907135,0.2897117137908935,5.900859832763672e-06,1.0,0.2562499940395355,e2p__postsppf__s2
86,model.10,0.0030553024262189,0.6632443070411682,0.322399228811264,5.269050598144531e-05,1.0,0.2231249958276748,e2p__postsppf__s2
87,model.10,0.0024203900247812,0.6639793515205383,0.3173614144325256,4.684925079345703e-05,1.0,0.2471874952316284,e2p__postsppf__s2
88,model.10,0.0026594384107738,0.6809186935424805,0.302222728729248,1.2516975402832031e-06,1.0,0.2690624892711639,e2p__postsppf__s2
89,model.10,0.0026898947544395,0.6592109799385071,0.3268997073173523,6.35385513305664e-05,1.0,0.2262499928474426,e2p__postsppf__s2
90,model.10,0.0031959905754774,0.6791218519210815,0.3121530711650848,6.496906280517578e-06,1.0,0.2474999874830246,e2p__postsppf__s2
91,model.10,0.0042475662194192,0.6648081541061401,0.310849666595459,6.556510925292969e-07,1.0,0.2121874988079071,e2p__postsppf__s2
92,model.10,0.0048036337830126,0.6745182871818542,0.3116913437843323,1.806020736694336e-05,1.0,0.2268749922513961,e2p__postsppf__s2
93,model.10,0.0054249791428446,0.6762522459030151,0.3146373927593231,0.0002694129943847,1.0,0.209999993443489,e2p__postsppf__s2
94,model.10,0.0057208021171391,0.6713921427726746,0.2889919877052307,0.0004255771636962,1.0,0.2209374904632568,e2p__postsppf__s2
95,model.10,0.0061468472704291,0.6662291288375854,0.3052648901939392,5.692243576049805e-05,1.0,0.2362499982118606,e2p__postsppf__s2
96,model.10,0.0066093993373215,0.6712969541549683,0.3031807839870453,7.808208465576172e-06,1.0,0.2396874874830246,e2p__postsppf__s2
97,model.10,0.006814831867814,0.6763864159584045,0.3277908563613891,6.401538848876953e-05,1.0,0.2321874946355819,e2p__postsppf__s2
98,model.10,0.0072005088441073,0.674240231513977,0.2934988737106323,5.3882598876953125e-05,1.0,0.2246875017881393,e2p__postsppf__s2
99,model.10,0.0074186227284371,0.6790273785591125,0.3196822106838226,2.819299697875977e-05,1.0,0.2159374952316284,e2p__postsppf__s2
100,model.10,0.0074186227284371,0.6790273785591125,0.3196822106838226,2.819299697875977e-05,1.0,0.2159374952316284,e2p__postsppf__s2
0,model.10,-0.0008752560825087,0.5474736094474792,0.0807662084698677,0.1766357421875,0.873046875,0.0,e2p__postsppf__s3
1,model.10,-0.0029950682073831,0.5446447134017944,0.2079196870326995,0.0030879974365234,0.96923828125,0.0015624999068677,e2p__postsppf__s3
2,model.10,0.0007005092338658,0.550977885723114,0.2293280065059662,4.166364669799805e-05,0.98388671875,0.0246874988079071,e2p__postsppf__s3
3,model.10,0.0005334941088221,0.5656430721282959,0.2593626976013183,0.0006513595581054,0.99169921875,0.0218749996274709,e2p__postsppf__s3
4,model.10,-8.78509454196319e-05,0.5850619673728943,0.2301848530769348,0.0001559257507324,0.99560546875,0.0274999998509883,e2p__postsppf__s3
5,model.10,0.0008484435966238,0.6032093167304993,0.2608326077461242,3.0934810638427734e-05,0.99609375,0.0287499986588954,e2p__postsppf__s3
6,model.10,-0.0004540419322438,0.6169831156730652,0.2487141340970993,0.0044670104980468,0.99853515625,0.0240624994039535,e2p__postsppf__s3
7,model.10,0.00092706119176,0.6544075012207031,0.2290096580982208,1.7762184143066406e-05,0.99951171875,0.0265624988824129,e2p__postsppf__s3
8,model.10,0.0008356717298738,0.6518589854240417,0.2327485531568527,0.0006904602050781,0.99951171875,0.0465625002980232,e2p__postsppf__s3
9,model.10,-0.0021097289863973,0.6440041065216064,0.250878244638443,0.0010480880737304,0.99951171875,0.0778125002980232,e2p__postsppf__s3
10,model.10,0.0040203495882451,0.6628775000572205,0.2561693787574768,0.0006265640258789,1.0,0.0790624991059303,e2p__postsppf__s3
11,model.10,-0.0007997711654752,0.7079908847808838,0.2404123693704605,0.0017890930175781,1.0,0.0681250020861625,e2p__postsppf__s3
12,model.10,0.0018111768877133,0.6996287107467651,0.2728170752525329,0.0035934448242187,1.0,0.0871874988079071,e2p__postsppf__s3
13,model.10,0.0012704987311735,0.7162765860557556,0.2220057249069214,0.0013513565063476,1.0,0.0756249949336052,e2p__postsppf__s3
14,model.10,0.0014075859216973,0.7055583000183105,0.247719407081604,0.0001499652862548,1.0,0.1087500005960464,e2p__postsppf__s3
15,model.10,0.0025927671231329,0.7176408171653748,0.2351656258106231,0.01837158203125,1.0,0.0850000008940696,e2p__postsppf__s3
16,model.10,-0.0001515547628514,0.7346559166908264,0.2455288767814636,0.0015363693237304,1.0,0.1509374976158142,e2p__postsppf__s3
17,model.10,0.0010291325161233,0.7263549566268921,0.2531457543373108,0.0036067962646484,1.0,0.1687500029802322,e2p__postsppf__s3
18,model.10,0.00131232640706,0.7402075529098511,0.2436838448047638,0.0006046295166015,1.0,0.1518749892711639,e2p__postsppf__s3
19,model.10,0.0010131063172593,0.7486271262168884,0.2538086175918579,0.0007524490356445,0.99951171875,0.1299999952316284,e2p__postsppf__s3
20,model.10,0.0030589215457439,0.7286185026168823,0.2620867192745209,0.0070648193359375,1.0,0.1487499922513961,e2p__postsppf__s3
21,model.10,0.0003023752360604,0.7196832895278931,0.2873923778533935,0.0003125667572021,1.0,0.1568749994039535,e2p__postsppf__s3
22,model.10,0.0032928206492215,0.7103315591812134,0.2927704751491546,7.31348991394043e-05,1.0,0.1987499892711639,e2p__postsppf__s3
23,model.10,-0.0004221138951834,0.6990760564804077,0.3236169517040252,3.427267074584961e-05,1.0,0.2071874886751175,e2p__postsppf__s3
24,model.10,8.052799239521846e-05,0.7017784118652344,0.2773602604866028,5.1021575927734375e-05,1.0,0.2012500017881393,e2p__postsppf__s3
25,model.10,0.0020714907441288,0.7185912728309631,0.2909869849681854,3.5762786865234375e-07,1.0,0.1846874952316284,e2p__postsppf__s3
26,model.10,0.0014383015222847,0.7044387459754944,0.296417772769928,0.00083589553833,1.0,0.1774999946355819,e2p__postsppf__s3
27,model.10,0.0016452047275379,0.741779625415802,0.2651671767234802,7.599592208862305e-05,1.0,0.1768749952316284,e2p__postsppf__s3
28,model.10,0.0024336560163646,0.7250898480415344,0.2790124714374542,5.692243576049805e-05,1.0,0.1790625005960464,e2p__postsppf__s3
29,model.10,0.0030121442396193,0.7493387460708618,0.2707636058330536,1.132488250732422e-05,1.0,0.2096875011920929,e2p__postsppf__s3
30,model.10,0.0043971021659672,0.7390573620796204,0.299641340970993,0.0004389286041259,1.0,0.2325000017881393,e2p__postsppf__s3
31,model.10,-0.0015740864910185,0.7272259593009949,0.2867933511734009,1.7881393432617188e-06,1.0,0.2296874970197677,e2p__postsppf__s3
32,model.10,0.0031608119606971,0.729293167591095,0.2780490219593048,1.0609626770019531e-05,1.0,0.2371874898672104,e2p__postsppf__s3
33,model.10,0.0024096332490444,0.7480499148368835,0.2893280386924743,0.0003354549407958,1.0,0.2637499868869781,e2p__postsppf__s3
34,model.10,-0.0007040768978185,0.7466926574707031,0.295170247554779,0.0005617141723632,1.0,0.2981249988079071,e2p__postsppf__s3
35,model.10,0.0006374205113388,0.7424084544181824,0.2735424637794494,0.0001114606857299,1.0,0.3315624892711639,e2p__postsppf__s3
36,model.10,0.0009427105542272,0.7615340948104858,0.2473410069942474,0.0006513595581054,1.0,0.2915624976158142,e2p__postsppf__s3
37,model.10,0.0034189051948487,0.7453811764717102,0.2794010639190674,1.519918441772461e-05,1.0,0.2821874916553497,e2p__postsppf__s3
38,model.10,0.003600490745157,0.7709847688674927,0.2609534859657287,3.707408905029297e-05,1.0,0.2590624988079071,e2p__postsppf__s3
39,model.10,0.005829953122884,0.7387096881866455,0.2817659974098205,0.0001713037490844,1.0,0.3349999785423279,e2p__postsppf__s3
40,model.10,0.004812610335648,0.7693537473678589,0.2653180658817291,0.0026531219482421,1.0,0.317187488079071,e2p__postsppf__s3
41,model.10,0.0061858370900154,0.7671432495117188,0.2362310737371444,0.0006666183471679,1.0,0.3421874940395355,e2p__postsppf__s3
42,model.10,0.0085227200761437,0.7481313943862915,0.2898474335670471,0.0002199411392211,1.0,0.3046875,e2p__postsppf__s3
43,model.10,0.0067614875733852,0.7403785586357117,0.2943497598171234,0.0006985664367675,1.0,0.3762499988079071,e2p__postsppf__s3
44,model.10,0.0036361971870064,0.7639011740684509,0.2652835249900818,0.0042152404785156,1.0,0.3878124952316284,e2p__postsppf__s3
45,model.10,0.0014456722419708,0.7436031699180603,0.3167189955711365,0.001774787902832,1.0,0.3903124928474426,e2p__postsppf__s3
46,model.10,0.0028206568676978,0.7708171010017395,0.2600478827953338,0.0004477500915527,1.0,0.421875,e2p__postsppf__s3
47,model.10,0.0060136276297271,0.7580962777137756,0.2806426286697387,0.015899658203125,1.0,0.3621875047683716,e2p__postsppf__s3
48,model.10,0.002343671163544,0.7779629230499268,0.2707963287830353,0.0065879821777343,1.0,0.3615624904632568,e2p__postsppf__s3
49,model.10,0.000389006541809,0.7656596302986145,0.2665445804595947,0.0019874572753906,1.0,0.3853124976158142,e2p__postsppf__s3
50,model.10,0.0023459265939891,0.7461065649986267,0.301778495311737,0.0013198852539062,1.0,0.390625,e2p__postsppf__s3
51,model.10,0.0022448759991675,0.761151134967804,0.2867313027381897,0.0044174194335937,1.0,0.3915624916553497,e2p__postsppf__s3
52,model.10,0.0038927942514419,0.7459673881530762,0.2914218306541443,0.0016870498657226,1.0,0.3878124952316284,e2p__postsppf__s3
53,model.10,0.0040024979971349,0.7467542886734009,0.281228095293045,0.0071220397949218,1.0,0.3334375023841858,e2p__postsppf__s3
54,model.10,0.005916278809309,0.7898266315460205,0.2590226531028747,0.0567626953125,1.0,0.3824999928474426,e2p__postsppf__s3
55,model.10,0.0058302613906562,0.7942057847976685,0.2624545097351074,0.0162200927734375,1.0,0.4156249761581421,e2p__postsppf__s3
56,model.10,0.0072136260569095,0.7746252417564392,0.2839125692844391,0.011505126953125,1.0,0.4106249809265136,e2p__postsppf__s3
57,model.10,0.0069127520546317,0.7936679720878601,0.2680375576019287,0.0082168579101562,1.0,0.4081249833106994,e2p__postsppf__s3
58,model.10,0.0078818490728735,0.7897642254829407,0.2781216204166412,0.015899658203125,1.0,0.403124988079071,e2p__postsppf__s3
59,model.10,0.0061932234093546,0.7947262525558472,0.2621448934078216,0.0174407958984375,1.0,0.4140625,e2p__postsppf__s3
60,model.10,0.0063552879728376,0.7819505929946899,0.2778395116329193,0.020172119140625,1.0,0.4068749845027923,e2p__postsppf__s3
61,model.10,0.0066362214274704,0.730500340461731,0.2794522643089294,0.022674560546875,1.0,0.3778125047683716,e2p__postsppf__s3
62,model.10,0.0073399832472205,0.788164496421814,0.2668514251708984,0.0228424072265625,1.0,0.4359374940395355,e2p__postsppf__s3
63,model.10,0.0081843268126249,0.7667933702468872,0.279821366071701,0.0225372314453125,1.0,0.3946875035762787,e2p__postsppf__s3
64,model.10,0.0079492721706628,0.7852066159248352,0.2745519578456878,0.023101806640625,1.0,0.4340624809265136,e2p__postsppf__s3
65,model.10,0.0074444934725761,0.7886021733283997,0.2783573269844055,0.021209716796875,1.0,0.4253124892711639,e2p__postsppf__s3
66,model.10,0.0098740309476852,0.8002139925956726,0.2621901333332062,0.0261077880859375,1.0,0.4181250035762787,e2p__postsppf__s3
67,model.10,0.0116780810058116,0.7788398861885071,0.2920117378234863,0.03582763671875,1.0,0.4387499988079071,e2p__postsppf__s3
68,model.10,0.0112626459449529,0.7901762127876282,0.2696557939052582,0.0460205078125,1.0,0.4084374904632568,e2p__postsppf__s3
69,model.10,0.012259854003787,0.7832649350166321,0.2785351872444153,0.034698486328125,1.0,0.4115625023841858,e2p__postsppf__s3
70,model.10,0.011412794701755,0.7673915028572083,0.2741123139858246,0.0233306884765625,1.0,0.3965624868869781,e2p__postsppf__s3
71,model.10,0.0122491782531142,0.7691564559936523,0.284389317035675,0.0141754150390625,1.0,0.3843750059604645,e2p__postsppf__s3
72,model.10,0.0151242893189191,0.8279861211776733,0.2290949523448944,0.0248870849609375,1.0,0.4165624976158142,e2p__postsppf__s3
73,model.10,0.0154364267364144,0.7962235808372498,0.2591739296913147,0.0282135009765625,1.0,0.4087499976158142,e2p__postsppf__s3
74,model.10,0.0140608958899974,0.8227781653404236,0.2422454953193664,0.04681396484375,1.0,0.4309374988079071,e2p__postsppf__s3
75,model.10,0.0155936414375901,0.7897785902023315,0.2698380649089813,0.03985595703125,1.0,0.4246875047683716,e2p__postsppf__s3
76,model.10,0.0154880220070481,0.7846705317497253,0.2786256968975067,0.035400390625,1.0,0.4290624856948852,e2p__postsppf__s3
77,model.10,0.0170461684465408,0.7915856838226318,0.2424995005130767,0.0455322265625,1.0,0.4053124785423279,e2p__postsppf__s3
78,model.10,0.016050873324275,0.8428504467010498,0.2290101051330566,0.06231689453125,1.0,0.4462499916553497,e2p__postsppf__s3
79,model.10,0.0166123453527688,0.8088318705558777,0.2455663084983825,0.0255126953125,1.0,0.4415625035762787,e2p__postsppf__s3
80,model.10,0.0167482458055019,0.8172146677970886,0.2390554845333099,0.043853759765625,1.0,0.4253124892711639,e2p__postsppf__s3
81,model.10,0.0175462346524,0.7992832064628601,0.2432475090026855,0.0328369140625,1.0,0.4293749928474426,e2p__postsppf__s3
82,model.10,0.0187971461564302,0.8213258385658264,0.2353280484676361,0.049041748046875,1.0,0.4315624833106994,e2p__postsppf__s3
83,model.10,0.0194734204560518,0.8303767442703247,0.2277533710002899,0.050048828125,1.0,0.4449999928474426,e2p__postsppf__s3
84,model.10,0.0194377955049276,0.8016786575317383,0.2549941539764404,0.036346435546875,1.0,0.3990624845027923,e2p__postsppf__s3
85,model.10,0.0200975406914949,0.8308582305908203,0.2374559640884399,0.0233306884765625,1.0,0.4696874916553497,e2p__postsppf__s3
86,model.10,0.0201771650463342,0.7954494953155518,0.2528039515018463,0.027374267578125,1.0,0.4356249868869781,e2p__postsppf__s3
87,model.10,0.021399101242423,0.7901875376701355,0.2651147842407226,0.0235595703125,1.0,0.406562477350235,e2p__postsppf__s3
88,model.10,0.0223663039505481,0.83293616771698,0.2236153185367584,0.054107666015625,1.0,0.4159374833106994,e2p__postsppf__s3
89,model.10,0.0227837022393941,0.8365790843963623,0.2119881808757782,0.0413818359375,1.0,0.429999977350235,e2p__postsppf__s3
90,model.10,0.0231363233178854,0.77527916431427,0.2712300717830658,0.0489501953125,1.0,0.3818749785423279,e2p__postsppf__s3
91,model.10,0.0232873018831014,0.8227810263633728,0.2318167984485626,0.040374755859375,1.0,0.4312499761581421,e2p__postsppf__s3
92,model.10,0.0242203883826732,0.8187686800956726,0.2411850243806839,0.06805419921875,1.0,0.4212499856948852,e2p__postsppf__s3
93,model.10,0.0246827322989702,0.7930677533149719,0.2423231303691864,0.034759521484375,1.0,0.3606249988079071,e2p__postsppf__s3
94,model.10,0.0248102229088544,0.8122919797897339,0.2516930103302002,0.03582763671875,1.0,0.4318749904632568,e2p__postsppf__s3
95,model.10,0.0250895507633686,0.8245262503623962,0.2244682759046554,0.050506591796875,1.0,0.4296875,e2p__postsppf__s3
96,model.10,0.025249196216464,0.7796671986579895,0.2520569562911987,0.04595947265625,1.0,0.4099999964237213,e2p__postsppf__s3
97,model.10,0.0254885219037532,0.8111826777458191,0.2337484061717987,0.040924072265625,1.0,0.4159374833106994,e2p__postsppf__s3
98,model.10,0.0256272535771131,0.7891151309013367,0.256693035364151,0.043701171875,1.0,0.3890624940395355,e2p__postsppf__s3
99,model.10,0.0258290544152259,0.8295501470565796,0.2248064577579498,0.040313720703125,1.0,0.4246875047683716,e2p__postsppf__s3
100,model.10,0.0258290544152259,0.8295501470565796,0.2248064577579498,0.040313720703125,1.0,0.4246875047683716,e2p__postsppf__s3
0,model.10,-0.0017306111985817,,,,,,e3p__capctrl__s0
1,model.10,-0.004688071552664,,,,,,e3p__capctrl__s0
2,model.10,-0.0010361610911786,,,,,,e3p__capctrl__s0
3,model.10,0.0037575166206806,,,,,,e3p__capctrl__s0
4,model.10,-0.0036550625227391,,,,,,e3p__capctrl__s0
5,model.10,0.0042703878134489,,,,,,e3p__capctrl__s0
6,model.10,-0.0056315031833946,,,,,,e3p__capctrl__s0
7,model.10,0.0029183202423155,,,,,,e3p__capctrl__s0
8,model.10,-0.0005974489031359,,,,,,e3p__capctrl__s0
9,model.10,0.00179509667214,,,,,,e3p__capctrl__s0
10,model.10,-0.0009879784192889,,,,,,e3p__capctrl__s0
11,model.10,0.0022697940003126,,,,,,e3p__capctrl__s0
12,model.10,-0.0017765334341675,,,,,,e3p__capctrl__s0
13,model.10,0.0034690632019191,,,,,,e3p__capctrl__s0
14,model.10,-0.0008324091904796,,,,,,e3p__capctrl__s0
15,model.10,0.000180882809218,,,,,,e3p__capctrl__s0
16,model.10,-0.0008861670503392,,,,,,e3p__capctrl__s0
17,model.10,0.003305162070319,,,,,,e3p__capctrl__s0
18,model.10,-0.0009104979690164,,,,,,e3p__capctrl__s0
19,model.10,0.0033255515154451,,,,,,e3p__capctrl__s0
20,model.10,-0.0035684211179614,,,,,,e3p__capctrl__s0
21,model.10,0.0041778781451284,,,,,,e3p__capctrl__s0
22,model.10,-0.003509665839374,,,,,,e3p__capctrl__s0
23,model.10,0.0017379699274897,,,,,,e3p__capctrl__s0
24,model.10,-8.574114326620474e-05,,,,,,e3p__capctrl__s0
25,model.10,-0.0016204474959522,,,,,,e3p__capctrl__s0
26,model.10,0.002916385885328,,,,,,e3p__capctrl__s0
27,model.10,-0.0018331343308091,,,,,,e3p__capctrl__s0
28,model.10,0.0013889099936932,,,,,,e3p__capctrl__s0
29,model.10,0.00092826760374,,,,,,e3p__capctrl__s0
30,model.10,0.0025001866742968,,,,,,e3p__capctrl__s0
31,model.10,-3.0609794521296863e-06,,,,,,e3p__capctrl__s0
32,model.10,0.0022749009076505,,,,,,e3p__capctrl__s0
33,model.10,0.0035080781672149,,,,,,e3p__capctrl__s0
34,model.10,-0.0027523878961801,,,,,,e3p__capctrl__s0
35,model.10,0.0033241040073335,,,,,,e3p__capctrl__s0
36,model.10,-0.0009067286155186,,,,,,e3p__capctrl__s0
37,model.10,0.0007855144212953,,,,,,e3p__capctrl__s0
38,model.10,0.0031056392472237,,,,,,e3p__capctrl__s0
39,model.10,0.0017238872824236,,,,,,e3p__capctrl__s0
40,model.10,0.0016331069637089,,,,,,e3p__capctrl__s0
41,model.10,0.0020234109833836,,,,,,e3p__capctrl__s0
42,model.10,0.00154543237295,,,,,,e3p__capctrl__s0
43,model.10,0.0029992770869284,,,,,,e3p__capctrl__s0
44,model.10,0.0029537710361182,,,,,,e3p__capctrl__s0
45,model.10,-0.0019413940608501,,,,,,e3p__capctrl__s0
46,model.10,0.0027769750449806,,,,,,e3p__capctrl__s0
47,model.10,0.0010945578105747,,,,,,e3p__capctrl__s0
48,model.10,0.0012029724894091,,,,,,e3p__capctrl__s0
49,model.10,0.0035547600127756,,,,,,e3p__capctrl__s0
50,model.10,0.0006730032037012,,,,,,e3p__capctrl__s0
51,model.10,0.0010108728893101,,,,,,e3p__capctrl__s0
52,model.10,0.0009053144021891,,,,,,e3p__capctrl__s0
53,model.10,0.0014641169691458,,,,,,e3p__capctrl__s0
54,model.10,0.0038655260577797,,,,,,e3p__capctrl__s0
55,model.10,0.0030425232835114,,,,,,e3p__capctrl__s0
56,model.10,0.0023568193428218,,,,,,e3p__capctrl__s0
57,model.10,0.0002038490201812,,,,,,e3p__capctrl__s0
58,model.10,0.0023228237405419,,,,,,e3p__capctrl__s0
59,model.10,0.0041810562834143,,,,,,e3p__capctrl__s0
60,model.10,0.003154486650601,,,,,,e3p__capctrl__s0
61,model.10,0.0033705057576298,,,,,,e3p__capctrl__s0
62,model.10,0.0021706821862608,,,,,,e3p__capctrl__s0
63,model.10,0.001828208216466,,,,,,e3p__capctrl__s0
64,model.10,0.0016785342013463,,,,,,e3p__capctrl__s0
65,model.10,0.0023197587579488,,,,,,e3p__capctrl__s0
66,model.10,0.0030329062137752,,,,,,e3p__capctrl__s0
67,model.10,0.004600232001394,,,,,,e3p__capctrl__s0
68,model.10,0.0049598440527915,,,,,,e3p__capctrl__s0
69,model.10,0.0036144596524536,,,,,,e3p__capctrl__s0
70,model.10,0.0042620762251317,,,,,,e3p__capctrl__s0
71,model.10,0.0047547612339258,,,,,,e3p__capctrl__s0
72,model.10,0.0038680392317473,,,,,,e3p__capctrl__s0
73,model.10,0.0046894028782844,,,,,,e3p__capctrl__s0
74,model.10,0.006131678353995,,,,,,e3p__capctrl__s0
75,model.10,0.0077552860602736,,,,,,e3p__capctrl__s0
76,model.10,0.0061180177144706,,,,,,e3p__capctrl__s0
77,model.10,0.007441516034305,,,,,,e3p__capctrl__s0
78,model.10,0.0068103363737463,,,,,,e3p__capctrl__s0
79,model.10,0.0081322723999619,,,,,,e3p__capctrl__s0
80,model.10,0.0077505973167717,,,,,,e3p__capctrl__s0
81,model.10,0.0090201096609234,,,,,,e3p__capctrl__s0
82,model.10,0.0099983103573322,,,,,,e3p__capctrl__s0
83,model.10,0.0108574777841568,,,,,,e3p__capctrl__s0
84,model.10,0.0110327284783124,,,,,,e3p__capctrl__s0
85,model.10,0.0114040290936827,,,,,,e3p__capctrl__s0
86,model.10,0.0122999511659145,,,,,,e3p__capctrl__s0
87,model.10,0.0125507414340972,,,,,,e3p__capctrl__s0
88,model.10,0.0133497565984725,,,,,,e3p__capctrl__s0
89,model.10,0.0136572392657399,,,,,,e3p__capctrl__s0
90,model.10,0.0140326889231801,,,,,,e3p__capctrl__s0
91,model.10,0.0150271225720644,,,,,,e3p__capctrl__s0
92,model.10,0.0151732889935374,,,,,,e3p__capctrl__s0
93,model.10,0.0157622806727886,,,,,,e3p__capctrl__s0
94,model.10,0.0158415753394365,,,,,,e3p__capctrl__s0
95,model.10,0.016203548759222,,,,,,e3p__capctrl__s0
96,model.10,0.016734667122364,,,,,,e3p__capctrl__s0
97,model.10,0.0167940333485603,,,,,,e3p__capctrl__s0
98,model.10,0.0170425027608871,,,,,,e3p__capctrl__s0
99,model.10,0.0171938315033912,,,,,,e3p__capctrl__s0
100,model.10,0.0171938315033912,,,,,,e3p__capctrl__s0
0,model.10,0.0016457189340144,,,,,,e3p__capctrl__s1
1,model.10,0.0003816265962086,,,,,,e3p__capctrl__s1
2,model.10,0.0066953795030713,,,,,,e3p__capctrl__s1
3,model.10,-0.0057606827467679,,,,,,e3p__capctrl__s1
4,model.10,0.0041452953591942,,,,,,e3p__capctrl__s1
5,model.10,-0.0043853023089468,,,,,,e3p__capctrl__s1
6,model.10,0.0041342028416693,,,,,,e3p__capctrl__s1
7,model.10,-0.0046119312755763,,,,,,e3p__capctrl__s1
8,model.10,0.006679369136691,,,,,,e3p__capctrl__s1
9,model.10,-0.0036188426893204,,,,,,e3p__capctrl__s1
10,model.10,0.0017014383338391,,,,,,e3p__capctrl__s1
11,model.10,-0.0009100601891987,,,,,,e3p__capctrl__s1
12,model.10,0.0009342182311229,,,,,,e3p__capctrl__s1
13,model.10,0.0007264299201779,,,,,,e3p__capctrl__s1
14,model.10,0.0001651748898439,,,,,,e3p__capctrl__s1
15,model.10,-0.0003120553155895,,,,,,e3p__capctrl__s1
16,model.10,0.0007257077377289,,,,,,e3p__capctrl__s1
17,model.10,0.0017413339810445,,,,,,e3p__capctrl__s1
18,model.10,-0.0016831661341711,,,,,,e3p__capctrl__s1
19,model.10,0.00102461327333,,,,,,e3p__capctrl__s1
20,model.10,0.0001952941238414,,,,,,e3p__capctrl__s1
21,model.10,-0.0002047146408585,,,,,,e3p__capctrl__s1
22,model.10,-0.0007292318623512,,,,,,e3p__capctrl__s1
23,model.10,0.0043082679621875,,,,,,e3p__capctrl__s1
24,model.10,-0.0045833569020032,,,,,,e3p__capctrl__s1
25,model.10,0.0026693397667258,,,,,,e3p__capctrl__s1
26,model.10,5.112165308673866e-05,,,,,,e3p__capctrl__s1
27,model.10,-0.0015112325781956,,,,,,e3p__capctrl__s1
28,model.10,0.0023528370074927,,,,,,e3p__capctrl__s1
29,model.10,-0.0001898766204249,,,,,,e3p__capctrl__s1
30,model.10,-0.0014083527494221,,,,,,e3p__capctrl__s1
31,model.10,0.0015790576580911,,,,,,e3p__capctrl__s1
32,model.10,-0.0010728908237069,,,,,,e3p__capctrl__s1
33,model.10,0.0032324383500963,,,,,,e3p__capctrl__s1
34,model.10,1.7983955331146717e-05,,,,,,e3p__capctrl__s1
35,model.10,-0.0028526564128696,,,,,,e3p__capctrl__s1
36,model.10,0.001970887184143,,,,,,e3p__capctrl__s1
37,model.10,0.0002033380442298,,,,,,e3p__capctrl__s1
38,model.10,-0.0005915976944379,,,,,,e3p__capctrl__s1
39,model.10,0.0008521087584085,,,,,,e3p__capctrl__s1
40,model.10,0.0011074042413383,,,,,,e3p__capctrl__s1
41,model.10,-0.001178712118417,,,,,,e3p__capctrl__s1
42,model.10,0.0012605880619958,,,,,,e3p__capctrl__s1
43,model.10,-0.0014644709881395,,,,,,e3p__capctrl__s1
44,model.10,-0.0009442439768463,,,,,,e3p__capctrl__s1
45,model.10,0.0020720949396491,,,,,,e3p__capctrl__s1
46,model.10,-0.0009556732838973,,,,,,e3p__capctrl__s1
47,model.10,0.0019564451649785,,,,,,e3p__capctrl__s1
48,model.10,0.0006260614027269,,,,,,e3p__capctrl__s1
49,model.10,-0.0001422972563887,,,,,,e3p__capctrl__s1
50,model.10,0.0023145747836679,,,,,,e3p__capctrl__s1
51,model.10,-0.0020754283759742,,,,,,e3p__capctrl__s1
52,model.10,0.0014662350295111,,,,,,e3p__capctrl__s1
53,model.10,-0.0007482926012016,,,,,,e3p__capctrl__s1
54,model.10,-0.0015877825208008,,,,,,e3p__capctrl__s1
55,model.10,0.0026951543986797,,,,,,e3p__capctrl__s1
56,model.10,0.002010365249589,,,,,,e3p__capctrl__s1
57,model.10,0.0007613485795445,,,,,,e3p__capctrl__s1
58,model.10,-0.0007968735881149,,,,,,e3p__capctrl__s1
59,model.10,0.000349737907527,,,,,,e3p__capctrl__s1
60,model.10,-0.0011967606842517,,,,,,e3p__capctrl__s1
61,model.10,-0.0005993691156618,,,,,,e3p__capctrl__s1
62,model.10,8.932022865337785e-06,,,,,,e3p__capctrl__s1
63,model.10,0.0014993732329457,,,,,,e3p__capctrl__s1
64,model.10,0.0005786814726889,,,,,,e3p__capctrl__s1
65,model.10,2.131316068698652e-05,,,,,,e3p__capctrl__s1
66,model.10,0.0002878413652069,,,,,,e3p__capctrl__s1
67,model.10,0.0005270166439004,,,,,,e3p__capctrl__s1
68,model.10,0.0026861247606575,,,,,,e3p__capctrl__s1
69,model.10,0.000968558830209,,,,,,e3p__capctrl__s1
70,model.10,-0.000702085730154,,,,,,e3p__capctrl__s1
71,model.10,0.0003095503197982,,,,,,e3p__capctrl__s1
72,model.10,0.0006892661331221,,,,,,e3p__capctrl__s1
73,model.10,0.0019686331506818,,,,,,e3p__capctrl__s1
74,model.10,0.0016131155425682,,,,,,e3p__capctrl__s1
75,model.10,-8.328081457875669e-05,,,,,,e3p__capctrl__s1
76,model.10,0.0007953843451105,,,,,,e3p__capctrl__s1
77,model.10,0.001091914717108,,,,,,e3p__capctrl__s1
78,model.10,0.0010559697402641,,,,,,e3p__capctrl__s1
79,model.10,0.0021728372666984,,,,,,e3p__capctrl__s1
80,model.10,0.0008590850047767,,,,,,e3p__capctrl__s1
81,model.10,0.000282171589788,,,,,,e3p__capctrl__s1
82,model.10,0.0013197745429351,,,,,,e3p__capctrl__s1
83,model.10,0.0018237840849906,,,,,,e3p__capctrl__s1
84,model.10,0.0027675738092511,,,,,,e3p__capctrl__s1
85,model.10,0.0030847359448671,,,,,,e3p__capctrl__s1
86,model.10,0.0026676759589463,,,,,,e3p__capctrl__s1
87,model.10,0.0030436238739639,,,,,,e3p__capctrl__s1
88,model.10,0.0032284234184771,,,,,,e3p__capctrl__s1
89,model.10,0.0026035159826278,,,,,,e3p__capctrl__s1
90,model.10,0.0029866762924939,,,,,,e3p__capctrl__s1
91,model.10,0.0030173070263117,,,,,,e3p__capctrl__s1
92,model.10,0.0039879716932773,,,,,,e3p__capctrl__s1
93,model.10,0.0040184552781283,,,,,,e3p__capctrl__s1
94,model.10,0.0041967364959418,,,,,,e3p__capctrl__s1
95,model.10,0.0043623335659503,,,,,,e3p__capctrl__s1
96,model.10,0.0044747637584805,,,,,,e3p__capctrl__s1
97,model.10,0.00484388647601,,,,,,e3p__capctrl__s1
98,model.10,0.0051170056685805,,,,,,e3p__capctrl__s1
99,model.10,0.0052665891125798,,,,,,e3p__capctrl__s1
100,model.10,0.0052665891125798,,,,,,e3p__capctrl__s1
0,model.10,-0.001623713877052,,,,,,e3p__capctrl__s2
1,model.10,-0.0032244371250271,,,,,,e3p__capctrl__s2
2,model.10,-0.0017854009056463,,,,,,e3p__capctrl__s2
3,model.10,0.003482497530058,,,,,,e3p__capctrl__s2
4,model.10,7.656090019736439e-06,,,,,,e3p__capctrl__s2
5,model.10,7.145477138692513e-05,,,,,,e3p__capctrl__s2
6,model.10,0.0006165246595628,,,,,,e3p__capctrl__s2
7,model.10,0.0026347718667238,,,,,,e3p__capctrl__s2
8,model.10,-0.0026902563404291,,,,,,e3p__capctrl__s2
9,model.10,0.0037838635034859,,,,,,e3p__capctrl__s2
10,model.10,-0.0016415503341704,,,,,,e3p__capctrl__s2
11,model.10,0.0007331684464588,,,,,,e3p__capctrl__s2
12,model.10,-0.0014648670330643,,,,,,e3p__capctrl__s2
13,model.10,0.0034178111236542,,,,,,e3p__capctrl__s2
14,model.10,-0.0023519617971032,,,,,,e3p__capctrl__s2
15,model.10,0.0045029856264591,,,,,,e3p__capctrl__s2
16,model.10,-0.0021315440535545,,,,,,e3p__capctrl__s2
17,model.10,0.0015494112158194,,,,,,e3p__capctrl__s2
18,model.10,-0.0015329765155911,,,,,,e3p__capctrl__s2
19,model.10,-8.12193684396334e-06,,,,,,e3p__capctrl__s2
20,model.10,0.0024462966248393,,,,,,e3p__capctrl__s2
21,model.10,-0.0003448631614446,,,,,,e3p__capctrl__s2
22,model.10,0.0015547884395346,,,,,,e3p__capctrl__s2
23,model.10,-0.0012980123283341,,,,,,e3p__capctrl__s2
24,model.10,0.002592894481495,,,,,,e3p__capctrl__s2
25,model.10,0.0014797239564359,,,,,,e3p__capctrl__s2
26,model.10,-0.0017804405651986,,,,,,e3p__capctrl__s2
27,model.10,0.0016838465817272,,,,,,e3p__capctrl__s2
28,model.10,-0.0023843164090067,,,,,,e3p__capctrl__s2
29,model.10,0.0019655290525406,,,,,,e3p__capctrl__s2
30,model.10,-0.0030581497121602,,,,,,e3p__capctrl__s2
31,model.10,0.001674662111327,,,,,,e3p__capctrl__s2
32,model.10,-0.0011331572895869,,,,,,e3p__capctrl__s2
33,model.10,-0.0018191720591858,,,,,,e3p__capctrl__s2
34,model.10,0.0014260568423196,,,,,,e3p__capctrl__s2
35,model.10,9.3378264864441e-05,,,,,,e3p__capctrl__s2
36,model.10,-0.0008193982066586,,,,,,e3p__capctrl__s2
37,model.10,0.0013795332051813,,,,,,e3p__capctrl__s2
38,model.10,-0.0016209348104894,,,,,,e3p__capctrl__s2
39,model.10,0.002266191644594,,,,,,e3p__capctrl__s2
40,model.10,0.0001680473942542,,,,,,e3p__capctrl__s2
41,model.10,0.0022734648082405,,,,,,e3p__capctrl__s2
42,model.10,-0.001188313239254,,,,,,e3p__capctrl__s2
43,model.10,0.0021967699285596,,,,,,e3p__capctrl__s2
44,model.10,-0.0022645308636128,,,,,,e3p__capctrl__s2
45,model.10,-0.0005596783594228,,,,,,e3p__capctrl__s2
46,model.10,0.0032649333588778,,,,,,e3p__capctrl__s2
47,model.10,-0.0022815745323896,,,,,,e3p__capctrl__s2
48,model.10,-0.0012930402299389,,,,,,e3p__capctrl__s2
49,model.10,0.0013222027337178,,,,,,e3p__capctrl__s2
50,model.10,0.0018120962195098,,,,,,e3p__capctrl__s2
51,model.10,0.0020191411022096,,,,,,e3p__capctrl__s2
52,model.10,0.000106187442725,,,,,,e3p__capctrl__s2
53,model.10,-0.0009108204976655,,,,,,e3p__capctrl__s2
54,model.10,-0.0003882076998706,,,,,,e3p__capctrl__s2
55,model.10,-0.0013185057323426,,,,,,e3p__capctrl__s2
56,model.10,0.0006702415412291,,,,,,e3p__capctrl__s2
57,model.10,0.0018061696318909,,,,,,e3p__capctrl__s2
58,model.10,0.0010610149474814,,,,,,e3p__capctrl__s2
59,model.10,-0.0010208914754912,,,,,,e3p__capctrl__s2
60,model.10,-0.0007335083209909,,,,,,e3p__capctrl__s2
61,model.10,0.0020246931817382,,,,,,e3p__capctrl__s2
62,model.10,0.0005469815805554,,,,,,e3p__capctrl__s2
63,model.10,0.0013769200304523,,,,,,e3p__capctrl__s2
64,model.10,0.0012364407302811,,,,,,e3p__capctrl__s2
65,model.10,-0.0003822661819867,,,,,,e3p__capctrl__s2
66,model.10,0.0014420560328289,,,,,,e3p__capctrl__s2
67,model.10,0.0012502092868089,,,,,,e3p__capctrl__s2
68,model.10,-0.0006954102427698,,,,,,e3p__capctrl__s2
69,model.10,-0.0004433897556737,,,,,,e3p__capctrl__s2
70,model.10,0.0007632685010321,,,,,,e3p__capctrl__s2
71,model.10,0.0009369470062665,,,,,,e3p__capctrl__s2
72,model.10,-4.70166742161382e-05,,,,,,e3p__capctrl__s2
73,model.10,0.0009362663840875,,,,,,e3p__capctrl__s2
74,model.10,-0.0002740711497608,,,,,,e3p__capctrl__s2
75,model.10,0.000245596806053,,,,,,e3p__capctrl__s2
76,model.10,0.0011045944411307,,,,,,e3p__capctrl__s2
77,model.10,0.0003581364871934,,,,,,e3p__capctrl__s2
78,model.10,0.0012547733495011,,,,,,e3p__capctrl__s2
79,model.10,0.0016500693745911,,,,,,e3p__capctrl__s2
80,model.10,0.0007568676373921,,,,,,e3p__capctrl__s2
81,model.10,0.0013268328038975,,,,,,e3p__capctrl__s2
82,model.10,0.0021673024166375,,,,,,e3p__capctrl__s2
83,model.10,0.00163653655909,,,,,,e3p__capctrl__s2
84,model.10,0.0024168542586266,,,,,,e3p__capctrl__s2
85,model.10,0.0027021628338843,,,,,,e3p__capctrl__s2
86,model.10,0.0020899982191622,,,,,,e3p__capctrl__s2
87,model.10,0.0021683694794774,,,,,,e3p__capctrl__s2
88,model.10,0.0019019087776541,,,,,,e3p__capctrl__s2
89,model.10,0.0019546288531273,,,,,,e3p__capctrl__s2
90,model.10,0.0021458996925503,,,,,,e3p__capctrl__s2
91,model.10,0.0021399289835244,,,,,,e3p__capctrl__s2
92,model.10,0.0024093613028526,,,,,,e3p__capctrl__s2
93,model.10,0.002284113317728,,,,,,e3p__capctrl__s2
94,model.10,0.0025761013384908,,,,,,e3p__capctrl__s2
95,model.10,0.0028726172167807,,,,,,e3p__capctrl__s2
96,model.10,0.0028295861557126,,,,,,e3p__capctrl__s2
97,model.10,0.0031395647674798,,,,,,e3p__capctrl__s2
98,model.10,0.0034910331014543,,,,,,e3p__capctrl__s2
99,model.10,0.003480001585558,,,,,,e3p__capctrl__s2
100,model.10,0.003480001585558,,,,,,e3p__capctrl__s2
0,model.5,0.001234688097611,0.4825984835624695,0.0777816548943519,0.051544189453125,0.82666015625,0.0,e3p__pos-p3__s0
1,model.5,0.0052077677100896,0.4837375283241272,0.0923046246170997,0.0082550048828125,0.86865234375,5.859374869032763e-05,e3p__pos-p3__s0
0,model.5,0.0003266643325332,0.5211119651794434,0.0743035227060318,0.080078125,0.89697265625,0.0,e3p__pos-p3__s0
1,model.5,0.0065933442674577,0.5364546179771423,0.1064271926879882,0.0943603515625,0.96044921875,0.0,e3p__pos-p3__s0
2,model.5,-0.0068910662084817,0.5278671383857727,0.12332683801651,0.0111160278320312,0.9755859375,3.9062499126885086e-05,e3p__pos-p3__s0
3,model.5,0.0064483638852834,0.5366438031196594,0.1246480047702789,0.0133285522460937,0.9716796875,0.000136718750582,e3p__pos-p3__s0
4,model.5,-0.0079126702621579,0.5448703169822693,0.1303261369466781,0.009521484375,0.9892578125,0.0001171874973806,e3p__pos-p3__s0
5,model.5,0.0031201275996863,0.5468299388885498,0.1443174332380294,0.0074310302734375,0.984375,0.0002734375011641,e3p__pos-p3__s0
6,model.5,-3.390186247997917e-05,0.5510720610618591,0.1547531187534332,0.0041007995605468,0.99169921875,0.0005664062337018,e3p__pos-p3__s0
7,model.5,0.0001888179394882,0.5513631105422974,0.1498141586780548,0.008575439453125,0.99853515625,0.0005468750023283,e3p__pos-p3__s0
8,model.5,0.0009656004840508,0.5507240891456604,0.1454800218343734,0.0098190307617187,0.99169921875,0.000175781242433,e3p__pos-p3__s0
0,model.5,0.0009709870791994,0.489702820777893,0.0822861418128013,0.03436279296875,0.90087890625,0.0,e3p__pos-p3__s0
1,model.5,0.0047022267244756,0.4888335764408111,0.1000870913267135,0.0369873046875,0.87255859375,0.0,e3p__pos-p3__s0
2,model.5,-0.0065198307856917,0.4988883137702942,0.1092000007629394,0.01678466796875,0.9658203125,1.9531249563442543e-05,e3p__pos-p3__s0
3,model.5,0.0075067114084959,0.5103054642677307,0.1153793483972549,0.0200958251953125,0.96533203125,0.0,e3p__pos-p3__s0
4,model.5,-0.0074504953809082,0.5177189707756042,0.1321321427822113,0.0297088623046875,0.984375,3.9062499126885086e-05,e3p__pos-p3__s0
5,model.5,0.0054714339785277,0.5158981680870056,0.1228082925081253,0.013275146484375,0.98193359375,9.765624417923392e-05,e3p__pos-p3__s0
6,model.5,-0.0018483934691175,0.5204617381095886,0.1370719224214553,0.01751708984375,0.9931640625,0.0002148437488358,e3p__pos-p3__s0
7,model.5,-0.0005714604048989,0.5296738147735596,0.1465612947940826,0.0139541625976562,0.99755859375,0.000703124969732,e3p__pos-p3__s0
8,model.5,-5.368887286749668e-06,0.5315594673156738,0.1528469622135162,0.0074310302734375,0.99755859375,0.0008398437057621,e3p__pos-p3__s0
9,model.5,-0.0024336536880582,0.5351027846336365,0.1505695432424545,0.0094833374023437,0.99853515625,0.0007226562593132,e3p__pos-p3__s0
10,model.5,-0.0004938057390972,0.5323375463485718,0.1465503126382827,0.0137405395507812,0.9990234375,0.0012890624348074,e3p__pos-p3__s0
11,model.5,0.0014606800395995,0.5358321666717529,0.1493860483169555,0.018798828125,0.99658203125,0.00048828125,e3p__pos-p3__s0
12,model.5,-0.0023047910071909,0.5388016700744629,0.1653944551944732,0.0048675537109375,0.9990234375,0.0009179687476716,e3p__pos-p3__s0
13,model.5,0.0014456518692895,0.5422316789627075,0.1636420786380767,0.0056877136230468,0.99951171875,0.00146484375,e3p__pos-p3__s0
14,model.5,0.0002261534245917,0.5428428649902344,0.1598723828792572,0.015777587890625,0.99853515625,0.0015624999068677,e3p__pos-p3__s0
15,model.5,-0.0005214813863858,0.5398333668708801,0.1588480174541473,0.01666259765625,0.99853515625,0.0021679687779396,e3p__pos-p3__s0
16,model.5,-0.0015131287509575,0.5416298508644104,0.1624757647514343,0.0025310516357421,0.99853515625,0.0016015624860301,e3p__pos-p3__s0
17,model.5,0.0001348105433862,0.5460747480392456,0.1654872298240661,0.0100936889648437,0.99853515625,0.0021679687779396,e3p__pos-p3__s0
18,model.5,-0.001252670539543,0.5467011332511902,0.169159859418869,0.018402099609375,0.9990234375,0.0017968749161809,e3p__pos-p3__s0
19,model.5,0.0004522828385233,0.5548658967018127,0.196596473455429,0.049774169921875,1.0,0.003789062378928,e3p__pos-p3__s0
20,model.5,0.0023923164699226,0.5695302486419678,0.2163840383291244,0.057586669921875,0.99853515625,0.0054882811382412,e3p__pos-p3__s0
21,model.5,-0.0041812565177679,0.5649118423461914,0.2053244709968567,0.06292724609375,1.0,0.0114257810637354,e3p__pos-p3__s0
22,model.5,0.0009302933467552,0.5780178904533386,0.189414232969284,0.037750244140625,0.9990234375,0.0053906249813735,e3p__pos-p3__s0
23,model.5,0.0005236201104708,0.5721305012702942,0.2004709541797638,0.05072021484375,0.99951171875,0.0083984369412064,e3p__pos-p3__s0
24,model.5,-0.0007773903780616,0.5749247074127197,0.1987029612064361,0.0142822265625,1.0,0.007050781045109,e3p__pos-p3__s0
25,model.5,0.0005031881737522,0.571778416633606,0.2092878818511963,0.035614013671875,1.0,0.007851562462747,e3p__pos-p3__s0
26,model.5,0.0017686587525531,0.5749075412750244,0.2078715860843658,0.015960693359375,1.0,0.0081249997019767,e3p__pos-p3__s0
27,model.5,-0.0022487139794975,0.579823911190033,0.1920967251062393,0.0126266479492187,0.99951171875,0.0091210938990116,e3p__pos-p3__s0
28,model.5,0.000848599593155,0.5692444443702698,0.220819890499115,0.01861572265625,0.99951171875,0.008828124962747,e3p__pos-p3__s0
29,model.5,-0.0015290502924472,0.5756142735481262,0.2017302811145782,0.058013916015625,0.99951171875,0.0091210938990116,e3p__pos-p3__s0
30,model.5,-0.0002939253463409,0.5688570141792297,0.2025654166936874,0.038330078125,1.0,0.011171874590218,e3p__pos-p3__s0
31,model.5,0.0034503408242017,0.5745843052864075,0.1889955997467041,0.0074043273925781,0.99951171875,0.0082226563245058,e3p__pos-p3__s0
32,model.5,-0.0009514761040918,0.5795691013336182,0.2208047062158584,0.0231475830078125,1.0,0.0102343745529651,e3p__pos-p3__s0
33,model.5,-0.0003857532574329,0.5843415856361389,0.2029649317264557,0.0634765625,1.0,0.011171874590218,e3p__pos-p3__s0
34,model.5,0.0007503156084567,0.5873579978942871,0.1999184787273407,0.0241851806640625,1.0,0.0106250001117587,e3p__pos-p3__s0
35,model.5,0.0022843382321298,0.5816688537597656,0.2149460315704345,0.018646240234375,1.0,0.0114453118294477,e3p__pos-p3__s0
36,model.5,-0.0017451901221647,0.5828154683113098,0.2046473771333694,0.0489501953125,1.0,0.0139453122392296,e3p__pos-p3__s0
37,model.5,-0.0009082749602384,0.5781577229499817,0.218076080083847,0.039947509765625,1.0,0.0137499999254941,e3p__pos-p3__s0
38,model.5,-0.0002834498009178,0.5878216624259949,0.1973269283771515,0.04931640625,0.99951171875,0.0084570311009883,e3p__pos-p3__s0
39,model.5,0.0006437773117795,0.5893533229827881,0.1966569274663925,0.0482177734375,1.0,0.009707030840218,e3p__pos-p3__s0
40,model.5,-0.0005176007398404,0.5820817351341248,0.2110698074102401,0.026763916015625,1.0,0.0131640620529651,e3p__pos-p3__s0
41,model.5,0.0010468641994521,0.5771932005882263,0.2229617536067962,0.0330810546875,1.0,0.0143554685637354,e3p__pos-p3__s0
42,model.5,-0.0005912644555792,0.5788846611976624,0.2226905822753906,0.0496826171875,1.0,0.0165624991059303,e3p__pos-p3__s0
43,model.5,0.0019294370431452,0.5895381569862366,0.2128786891698837,0.0413818359375,1.0,0.0133203119039535,e3p__pos-p3__s0
44,model.5,-3.153978104819544e-05,0.5897416472434998,0.2088127583265304,0.07977294921875,1.0,0.0140039063990116,e3p__pos-p3__s0
45,model.5,-2.4382414267165583e-05,0.5885254740715027,0.2237821519374847,0.060638427734375,1.0,0.0139843747019767,e3p__pos-p3__s0
46,model.5,-0.0013487102696672,0.5921732187271118,0.2138161063194275,0.0592041015625,1.0,0.0117382807657122,e3p__pos-p3__s0
47,model.5,0.0017330751288682,0.5880544781684875,0.2197220474481582,0.06585693359375,1.0,0.0172460936009883,e3p__pos-p3__s0
48,model.5,0.0010914191370829,0.5923438668251038,0.2094561159610748,0.019500732421875,1.0,0.0162499994039535,e3p__pos-p3__s0
49,model.5,-0.0007278731791302,0.578121542930603,0.2352358400821685,0.06396484375,1.0,0.0252929683774709,e3p__pos-p3__s0
50,model.5,5.560887439060025e-05,0.5956077575683594,0.2031797766685485,0.0738525390625,1.0,0.0134960934519767,e3p__pos-p3__s0
51,model.5,-1.5182159586402122e-05,0.5896421670913696,0.2255547940731048,0.059539794921875,1.0,0.0162499994039535,e3p__pos-p3__s0
52,model.5,0.0010918801417574,0.5913001298904419,0.225849449634552,0.0149002075195312,1.0,0.0161718744784593,e3p__pos-p3__s0
53,model.5,0.003135833190754,0.5880782008171082,0.2147968560457229,0.0130233764648437,1.0,0.0159765612334013,e3p__pos-p3__s0
54,model.5,-0.0004050502902828,0.5952572226524353,0.2419758290052414,0.042327880859375,1.0,0.0179687496274709,e3p__pos-p3__s0
55,model.5,-0.0003031616215594,0.5995301604270935,0.2140773683786392,0.026153564453125,1.0,0.0152929686009883,e3p__pos-p3__s0
56,model.5,0.000921287224628,0.5971912145614624,0.2314523160457611,0.051666259765625,1.0,0.0183593742549419,e3p__pos-p3__s0
57,model.5,0.000941903446801,0.5868266224861145,0.2491657435894012,0.0703125,1.0,0.0233007799834013,e3p__pos-p3__s0
58,model.5,-0.0008626374765299,0.5924291014671326,0.2311797738075256,0.043212890625,1.0,0.0180468745529651,e3p__pos-p3__s0
59,model.5,-0.0001242942380486,0.593998372554779,0.2355036437511444,0.03143310546875,1.0,0.0203124992549419,e3p__pos-p3__s0
60,model.5,0.0008926782757043,0.5960954427719116,0.2433362007141113,0.051361083984375,1.0,0.0155468750745058,e3p__pos-p3__s0
61,model.5,0.0017004418186843,0.6054813265800476,0.2140867114067077,0.0076370239257812,1.0,0.0135742183774709,e3p__pos-p3__s0
62,model.5,6.98279109201394e-05,0.5947585105895996,0.2398521602153778,0.0106964111328125,1.0,0.0233203116804361,e3p__pos-p3__s0
63,model.5,-5.210993185755797e-05,0.6038368344306946,0.2106617838144302,0.02838134765625,1.0,0.0139453122392296,e3p__pos-p3__s0
64,model.5,0.0002917510573752,0.5973948240280151,0.2441117167472839,0.0699462890625,1.0,0.0212500002235174,e3p__pos-p3__s0
65,model.5,0.0002730049891397,0.5981752872467041,0.233022004365921,0.0271759033203125,1.0,0.0194921866059303,e3p__pos-p3__s0
66,model.5,0.0002332166477572,0.601828396320343,0.2384319603443145,0.0282135009765625,1.0,0.0180273428559303,e3p__pos-p3__s0
67,model.5,-0.0003163284563925,0.5964059829711914,0.2346862554550171,0.0269622802734375,1.0,0.0219531245529651,e3p__pos-p3__s0
68,model.5,0.0004656582605093,0.597457766532898,0.21607506275177,0.05224609375,1.0,0.0203906241804361,e3p__pos-p3__s0
69,model.5,0.0009644064703024,0.5979418754577637,0.2409422546625137,0.01763916015625,1.0,0.0174414049834013,e3p__pos-p3__s0
70,model.5,0.000721848278772,0.6047138571739197,0.2280801832675933,0.0823974609375,1.0,0.0187304690480232,e3p__pos-p3__s0
71,model.5,0.0006907624192535,0.602726936340332,0.2205896377563476,0.05059814453125,1.0,0.0228906236588954,e3p__pos-p3__s0
72,model.5,0.0005306758685037,0.6024569869041443,0.2374942451715469,0.02947998046875,1.0,0.0185546875,e3p__pos-p3__s0
73,model.5,0.0009633648442104,0.6019915342330933,0.233210802078247,0.0186920166015625,1.0,0.0203906241804361,e3p__pos-p3__s0
74,model.5,9.02209576452151e-05,0.6032819747924805,0.230019211769104,0.05572509765625,1.0,0.0192578118294477,e3p__pos-p3__s0
75,model.5,0.0001069427817128,0.6048821806907654,0.232392281293869,0.07452392578125,1.0,0.0179687496274709,e3p__pos-p3__s0
76,model.5,-0.0001324141339864,0.6129634976387024,0.2055540978908538,0.0163421630859375,1.0,0.0143749993294477,e3p__pos-p3__s0
77,model.5,0.0001824678620323,0.6044780611991882,0.2493797838687896,0.035736083984375,1.0,0.0161523427814245,e3p__pos-p3__s0
78,model.5,0.000717225309927,0.611612856388092,0.2198439687490463,0.0252685546875,1.0,0.0141210937872529,e3p__pos-p3__s0
79,model.5,0.0008551311329938,0.6068973541259766,0.2161464691162109,0.0836181640625,1.0,0.0197656247764825,e3p__pos-p3__s0
80,model.5,0.0012420177226886,0.6027621030807495,0.2292894572019577,0.044189453125,1.0,0.018652344122529,e3p__pos-p3__s0
81,model.5,0.0010003538336604,0.6090458631515503,0.2227042317390442,0.0177764892578125,1.0,0.0150976562872529,e3p__pos-p3__s0
82,model.5,-0.0001444683439331,0.6089895963668823,0.2298692464828491,0.06243896484375,1.0,0.0169140622019767,e3p__pos-p3__s0
83,model.5,-0.000400643912144,0.6112016439437866,0.2230633944272995,0.081787109375,1.0,0.0167578123509883,e3p__pos-p3__s0
84,model.5,-0.0004817475855816,0.6153951287269592,0.207500159740448,0.0268096923828125,1.0,0.0142382811754941,e3p__pos-p3__s0
85,model.5,0.0001159993553301,0.6095932126045227,0.2292262017726898,0.08648681640625,1.0,0.0179687496274709,e3p__pos-p3__s0
86,model.5,0.0002342297666473,0.6128118634223938,0.2075730413198471,0.0132217407226562,1.0,0.0146289058029651,e3p__pos-p3__s0
87,model.5,-0.0005109052290208,0.608354926109314,0.2313510775566101,0.020599365234375,1.0,0.0165624991059303,e3p__pos-p3__s0
88,model.5,-0.0006913263350725,0.6157777905464172,0.222026914358139,0.0704345703125,1.0,0.0148437498137354,e3p__pos-p3__s0
89,model.5,-0.000111774985271,0.6022762656211853,0.2518168091773987,0.080810546875,1.0,0.0164453126490116,e3p__pos-p3__s0
90,model.5,-0.0001824211794883,0.5774173736572266,0.2350445687770843,0.054901123046875,1.0,0.0297460928559303,e3p__pos-p3__s0
91,model.5,7.955370165291242e-06,0.5770155787467957,0.2573435008525848,0.10931396484375,1.0,0.0300781242549419,e3p__pos-p3__s0
92,model.5,-0.0003216264012735,0.5868175625801086,0.2510407567024231,0.06524658203125,1.0,0.0245312489569187,e3p__pos-p3__s0
93,model.5,-0.0004182107804808,0.6037208437919617,0.2295192182064056,0.10321044921875,1.0,0.0172656252980232,e3p__pos-p3__s0
94,model.5,-0.0004355287237558,0.5748196840286255,0.2282766103744506,0.1251220703125,1.0,0.0380859375,e3p__pos-p3__s0
95,model.5,-0.0003832071961369,0.6007313132286072,0.2415350973606109,0.080078125,1.0,0.02001953125,e3p__pos-p3__s0
96,model.5,-0.0004130189190618,0.6085140109062195,0.2065286040306091,0.093017578125,1.0,0.01513671875,e3p__pos-p3__s0
97,model.5,-0.0003260633675381,0.5788689851760864,0.2530220746994018,0.1319580078125,1.0,0.0354296863079071,e3p__pos-p3__s0
98,model.5,-0.000427820457844,0.6001604795455933,0.2422164380550384,0.102294921875,1.0,0.0213867183774709,e3p__pos-p3__s0
99,model.5,-0.0004189914907328,0.5811401009559631,0.2380848228931427,0.039794921875,1.0,0.0294531248509883,e3p__pos-p3__s0
100,model.5,-0.0004189914907328,0.5811401009559631,0.2380848228931427,0.039794921875,1.0,0.0294531248509883,e3p__pos-p3__s0
0,model.7,-9.39354649744928e-05,0.5027977824211121,0.080926701426506,0.1649169921875,0.8857421875,0.0,e3p__pos-p4__s0
1,model.7,-0.0059940638020634,0.5028248429298401,0.1206773221492767,0.07781982421875,0.9873046875,0.0001562499965075,e3p__pos-p4__s0
2,model.7,0.0022060445044189,0.5225671529769897,0.1878155618906021,0.019989013671875,0.99951171875,0.0046874997206032,e3p__pos-p4__s0
3,model.7,-0.000750106642954,0.5193074941635132,0.1833114624023437,0.0083465576171875,0.9990234375,0.0024999999441206,e3p__pos-p4__s0
4,model.7,0.0019606628920882,0.5257369875907898,0.2007501870393753,0.0191650390625,0.99951171875,0.0052343746647238,e3p__pos-p4__s0
5,model.7,-0.0008801500662229,0.5378682613372803,0.2056206315755844,0.0145034790039062,1.0,0.0089062498882412,e3p__pos-p4__s0
6,model.7,0.0031603972893208,0.5465575456619263,0.2053121030330658,0.0094146728515625,1.0,0.0123437494039535,e3p__pos-p4__s0
7,model.7,-0.0018644195515662,0.5437823534011841,0.2178347110748291,0.0021247863769531,1.0,0.0178124997764825,e3p__pos-p4__s0
8,model.7,0.0047367792576551,0.5482791066169739,0.2259544134140014,0.0065650939941406,1.0,0.0212500002235174,e3p__pos-p4__s0
9,model.7,-0.0060258693993091,0.5452848076820374,0.2392990291118621,0.0035514831542968,1.0,0.0355468727648258,e3p__pos-p4__s0
10,model.7,0.0050502670928835,0.5751217007637024,0.2363816648721695,0.017242431640625,1.0,0.0521093755960464,e3p__pos-p4__s0
11,model.7,0.0038565641734749,0.5797475576400757,0.2677451074123382,0.0043830871582031,1.0,0.0728906244039535,e3p__pos-p4__s0
12,model.7,-0.0041231699287891,0.5724783539772034,0.2762158513069153,0.00469970703125,1.0,0.0847656205296516,e3p__pos-p4__s0
13,model.7,0.000460117473267,0.5781517028808594,0.2683339715003967,0.0010080337524414,1.0,0.0863281264901161,e3p__pos-p4__s0
14,model.7,0.0071484111249446,0.5903255939483643,0.2759844362735748,0.0021324157714843,1.0,0.0755468755960464,e3p__pos-p4__s0
15,model.7,-0.0016372737009078,0.5594267845153809,0.2707423269748688,0.0016422271728515,1.0,0.1027343720197677,e3p__pos-p4__s0
16,model.7,0.0045823873952031,0.5660638809204102,0.2860240340232849,0.0029010772705078,1.0,0.0999218747019767,e3p__pos-p4__s0
17,model.7,0.0012913732789456,0.5815623998641968,0.2870115339756012,0.0020351409912109,1.0,0.0915624946355819,e3p__pos-p4__s0
18,model.7,0.0028198501095175,0.5749936103820801,0.280369758605957,0.0019416809082031,1.0,0.1039062440395355,e3p__pos-p4__s0
19,model.7,0.0039086448960006,0.5846894979476929,0.2888162434101105,0.0008864402770996,1.0,0.0962499976158142,e3p__pos-p4__s0
20,model.7,0.0042830226011574,0.5831239819526672,0.2896563112735748,7.784366607666016e-05,1.0,0.1004687473177909,e3p__pos-p4__s0
21,model.7,0.0044217095710337,0.5568811297416687,0.305165022611618,0.0006046295166015,1.0,0.1144531220197677,e3p__pos-p4__s0
22,model.7,-0.0023041893728077,0.5660059452056885,0.3081421852111816,0.0004565715789794,1.0,0.1052343696355819,e3p__pos-p4__s0
23,model.7,0.0008281120681203,0.554573655128479,0.2977851033210754,0.0005931854248046,1.0,0.1024999991059303,e3p__pos-p4__s0
24,model.7,0.0022898714523762,0.5549858808517456,0.2982165515422821,0.0001795291900634,1.0,0.1079687476158142,e3p__pos-p4__s0
25,model.7,0.0075372182764112,0.5608853101730347,0.3025319278240204,0.0021076202392578,1.0,0.1013281196355819,e3p__pos-p4__s0
26,model.7,0.004675499163568,0.570958137512207,0.3094304502010345,0.0009927749633789,1.0,0.1217968687415123,e3p__pos-p4__s0
27,model.7,0.000525927345734,0.5737621784210205,0.2833366990089416,0.000950813293457,1.0,0.1248437464237213,e3p__pos-p4__s0
28,model.7,0.0031151100993156,0.5712820291519165,0.3018656373023987,0.0004425048828125,1.0,0.1201562508940696,e3p__pos-p4__s0
29,model.7,0.0043375920504331,0.5591176748275757,0.3003891110420227,0.000826358795166,1.0,0.1315625011920929,e3p__pos-p4__s0
30,model.7,0.0051273200660943,0.5590612888336182,0.3016859591007232,0.0023059844970703,1.0,0.1290625035762787,e3p__pos-p4__s0
31,model.7,0.003674441948533,0.551325798034668,0.3061758279800415,0.0002359151840209,1.0,0.1123437508940696,e3p__pos-p4__s0
32,model.7,0.0052180276252329,0.5615464448928833,0.3055942058563232,0.000770092010498,1.0,0.1176562458276748,e3p__pos-p4__s0
33,model.7,0.0041827149689197,0.547986626625061,0.305534690618515,0.000300645828247,1.0,0.1309375017881393,e3p__pos-p4__s0
34,model.7,0.002702728845179,0.5515394806861877,0.3103978037834167,0.0001726150512695,1.0,0.1218749955296516,e3p__pos-p4__s0
35,model.7,0.0043770391494035,0.5538439750671387,0.315662682056427,0.0002868175506591,1.0,0.1376562416553497,e3p__pos-p4__s0
36,model.7,0.0050081307999789,0.535857617855072,0.3156388700008392,0.0003769397735595,1.0,0.1268749982118606,e3p__pos-p4__s0
37,model.7,0.0033469758927822,0.5455562472343445,0.3270268142223358,0.0003488063812255,1.0,0.1278906166553497,e3p__pos-p4__s0
38,model.7,0.0024950169026851,0.540330708026886,0.3114745616912842,0.0005884170532226,1.0,0.1346874982118606,e3p__pos-p4__s0
39,model.7,0.0042263194918632,0.5278651118278503,0.3026955425739288,0.0001609325408935,1.0,0.1227343752980232,e3p__pos-p4__s0
40,model.7,0.0035095550119876,0.5329229831695557,0.3241181373596191,0.0006771087646484,1.0,0.1383593678474426,e3p__pos-p4__s0
41,model.7,0.0051237978041172,0.5410063862800598,0.3186924755573272,7.331371307373047e-06,1.0,0.1294531226158142,e3p__pos-p4__s0
42,model.7,0.0068176062777638,0.5423039793968201,0.3066071271896362,3.516674041748047e-06,1.0,0.1254687458276748,e3p__pos-p4__s0
43,model.7,0.0069623803719878,0.5304612517356873,0.3039315342903137,8.547306060791016e-05,1.0,0.1292968690395355,e3p__pos-p4__s0
44,model.7,0.0048100058920681,0.5338301062583923,0.3069572746753692,0.0001252889633178,1.0,0.1251562535762787,e3p__pos-p4__s0
45,model.7,0.006189270876348,0.5280930995941162,0.31711345911026,1.710653305053711e-05,1.0,0.1325781196355819,e3p__pos-p4__s0
46,model.7,0.0088204396888613,0.5240700244903564,0.3138620257377624,0.0001123547554016,1.0,0.1330468654632568,e3p__pos-p4__s0
47,model.7,0.0076520359143614,0.5498946905136108,0.3217785358428955,0.0003354549407958,1.0,0.1310937404632568,e3p__pos-p4__s0
48,model.7,0.007359875831753,0.5417631268501282,0.3270964622497558,0.0001431703567504,1.0,0.1422656178474426,e3p__pos-p4__s0
49,model.7,0.00708092097193,0.5411772727966309,0.312549352645874,2.777576446533203e-05,1.0,0.1453906148672104,e3p__pos-p4__s0
50,model.7,0.009375580586493,0.5628888607025146,0.3261071443557739,0.0001022815704345,1.0,0.14453125,e3p__pos-p4__s0
51,model.7,0.0081271929666399,0.5458983778953552,0.3347386419773102,8.749961853027344e-05,1.0,0.1724218726158142,e3p__pos-p4__s0
52,model.7,0.0110678197816014,0.5406625866889954,0.3422327935695648,2.568960189819336e-05,1.0,0.162109375,e3p__pos-p4__s0
53,model.7,0.0064992574043571,0.5399124622344971,0.3276530802249908,7.659196853637695e-05,1.0,0.16015625,e3p__pos-p4__s0
54,model.7,0.0089636947959661,0.5418959259986877,0.3172821998596191,7.253885269165039e-05,1.0,0.1585156172513961,e3p__pos-p4__s0
55,model.7,0.0107621699571609,0.534062385559082,0.335498034954071,5.1021575927734375e-05,1.0,0.1622656285762787,e3p__pos-p4__s0
56,model.7,0.0117540759965777,0.5434868335723877,0.3336337804794311,2.229213714599609e-05,1.0,0.1528124958276748,e3p__pos-p4__s0
57,model.7,0.011189641430974,0.5332065224647522,0.323969304561615,5.960464477539062e-07,1.0,0.1595312505960464,e3p__pos-p4__s0
58,model.7,0.0104099409654736,0.5396003723144531,0.3311586380004883,3.6954879760742183e-06,1.0,0.1604687422513961,e3p__pos-p4__s0
59,model.7,0.0120329856872558,0.5339717268943787,0.3358556032180786,1.0311603546142578e-05,1.0,0.1742968708276748,e3p__pos-p4__s0
60,model.7,0.0122545016929507,0.5411905646324158,0.3437443375587463,5.143880844116211e-05,1.0,0.1925781220197677,e3p__pos-p4__s0
61,model.7,0.0147554939612746,0.548905611038208,0.3345689475536346,6.502866744995117e-05,1.0,0.1732031255960464,e3p__pos-p4__s0
62,model.7,0.016789685934782,0.5465237498283386,0.3348783254623413,2.6047229766845703e-05,1.0,0.1799218654632568,e3p__pos-p4__s0
63,model.7,0.0151757653802633,0.5382360816001892,0.3312625288963318,3.5643577575683594e-05,1.0,0.1729687452316284,e3p__pos-p4__s0
64,model.7,0.0150469625368714,0.5464827418327332,0.3356150984764099,1.1682510375976562e-05,1.0,0.1627343744039535,e3p__pos-p4__s0
65,model.7,0.0159532818943262,0.5465840101242065,0.3293024599552154,9.101629257202148e-05,1.0,0.1705468744039535,e3p__pos-p4__s0
66,model.7,0.0163869466632604,0.553163468837738,0.3270699977874756,2.1278858184814453e-05,1.0,0.1648437529802322,e3p__pos-p4__s0
67,model.7,0.0170402992516756,0.557069718837738,0.3182799220085144,5.227327346801758e-05,1.0,0.1724999994039535,e3p__pos-p4__s0
68,model.7,0.0173271615058183,0.5368878841400146,0.3184979557991028,8.612871170043945e-05,1.0,0.1524218767881393,e3p__pos-p4__s0
69,model.7,0.0189132466912269,0.5504400134086609,0.3205893039703369,9.387731552124023e-05,1.0,0.16796875,e3p__pos-p4__s0
70,model.7,0.0198332965373992,0.5552206635475159,0.3216322064399719,6.735324859619141e-06,1.0,0.151406243443489,e3p__pos-p4__s0
71,model.7,0.0214593429118394,0.5484592914581299,0.3219084143638611,5.364418029785156e-06,1.0,0.1519531160593032,e3p__pos-p4__s0
72,model.7,0.0222510453313589,0.5461804866790771,0.3288788199424743,1.5914440155029297e-05,1.0,0.1634375005960464,e3p__pos-p4__s0
73,model.7,0.0224256999790668,0.5337414145469666,0.3288114964962005,5.608797073364258e-05,1.0,0.1639843732118606,e3p__pos-p4__s0
74,model.7,0.0217598639428615,0.5477747917175293,0.3213264346122741,3.618001937866211e-05,1.0,0.1614062488079071,e3p__pos-p4__s0
75,model.7,0.0225559417158365,0.5386781096458435,0.3178732693195343,8.285045623779297e-06,1.0,0.1453906148672104,e3p__pos-p4__s0
76,model.7,0.023702522739768,0.5299625992774963,0.3339816331863403,5.066394805908203e-05,1.0,0.1536718755960464,e3p__pos-p4__s0
77,model.7,0.0243754647672176,0.5415164232254028,0.3316322565078735,4.887580871582031e-06,1.0,0.1596093773841858,e3p__pos-p4__s0
78,model.7,0.0253612492233514,0.5471877455711365,0.3266581296920776,0.0001097321510314,1.0,0.1482812464237213,e3p__pos-p4__s0
79,model.7,0.0275848302990198,0.5283422470092773,0.3178187608718872,7.969141006469727e-05,1.0,0.1517187505960464,e3p__pos-p4__s0
80,model.7,0.0281325094401836,0.5343536734580994,0.3279348015785217,4.410743713378906e-06,1.0,0.1487499922513961,e3p__pos-p4__s0
81,model.7,0.0278940889984369,0.538226306438446,0.3264411985874176,1.8656253814697266e-05,1.0,0.1426562517881393,e3p__pos-p4__s0
82,model.7,0.028593074530363,0.5447669625282288,0.3256743252277374,9.41753387451172e-06,1.0,0.1415624916553497,e3p__pos-p4__s0
83,model.7,0.0296565312892198,0.546007513999939,0.329645425081253,3.147125244140625e-05,1.0,0.1461718678474426,e3p__pos-p4__s0
84,model.7,0.0307380594313144,0.541922926902771,0.3288226127624511,2.4497509002685547e-05,1.0,0.1424999982118606,e3p__pos-p4__s0
85,model.7,0.0317951925098896,0.5388835072517395,0.3277443051338196,1.9073486328125e-05,1.0,0.1470312476158142,e3p__pos-p4__s0
86,model.7,0.032451331615448,0.5437849164009094,0.3264575600624084,5.269050598144531e-05,1.0,0.1307812482118606,e3p__pos-p4__s0
87,model.7,0.0331464037299156,0.5401413440704346,0.321809709072113,9.179115295410156e-06,1.0,0.1360937505960464,e3p__pos-p4__s0
88,model.7,0.0333149768412113,0.5420662760734558,0.3142405152320862,0.0001007318496704,1.0,0.1219531223177909,e3p__pos-p4__s0
89,model.7,0.0344781689345836,0.5407151579856873,0.3192681074142456,1.9073486328125e-05,1.0,0.1242187470197677,e3p__pos-p4__s0
90,model.7,0.0343991070985794,0.5312987565994263,0.3025738000869751,1.7642974853515625e-05,1.0,0.1251562535762787,e3p__pos-p4__s0
91,model.7,0.0345734804868698,0.5322386622428894,0.313540518283844,1.710653305053711e-05,1.0,0.1259374916553497,e3p__pos-p4__s0
92,model.7,0.0348415710031986,0.5316135883331299,0.3204141855239868,7.092952728271484e-06,1.0,0.1383593678474426,e3p__pos-p4__s0
93,model.7,0.0345701575279235,0.5405929684638977,0.3163055777549743,8.940696716308594e-06,1.0,0.1393750011920929,e3p__pos-p4__s0
94,model.7,0.0348809100687503,0.5253475904464722,0.3021249771118164,2.384185791015625e-06,1.0,0.1249218732118606,e3p__pos-p4__s0
95,model.7,0.0350034683942794,0.5352073311805725,0.3197076320648193,2.16364860534668e-05,1.0,0.1291406154632568,e3p__pos-p4__s0
96,model.7,0.0352515876293182,0.5339165925979614,0.3183944821357727,2.372264862060547e-05,1.0,0.1264062523841858,e3p__pos-p4__s0
97,model.7,0.035430084913969,0.5353662371635437,0.3099279105663299,6.67572021484375e-06,1.0,0.1309375017881393,e3p__pos-p4__s0
98,model.7,0.0354542396962642,0.5348246097564697,0.3049379587173462,4.589557647705078e-06,1.0,0.1274218708276748,e3p__pos-p4__s0
99,model.7,0.035573560744524,0.5277443528175354,0.3064667582511902,1.3947486877441406e-05,1.0,0.1298437416553497,e3p__pos-p4__s0
100,model.7,0.035573560744524,0.5277443528175354,0.3064667582511902,1.3947486877441406e-05,1.0,0.1298437416553497,e3p__pos-p4__s0
0,model.10,0.0018071121303364,0.5632843375205994,0.1918729543685913,5.066394805908203e-06,0.98486328125,0.0221874993294477,e3p__pos-postsppf__s0
1,model.10,0.0018071121303364,0.5632843375205994,0.1918729543685913,5.066394805908203e-06,0.98486328125,0.0221874993294477,e3p__pos-postsppf__s0
0,model.10,-0.000759711896535,0.503551185131073,0.0731944739818573,0.215576171875,0.7021484375,0.0,e3p__pos-postsppf__s0
1,model.10,0.0002364430401939,0.5332337617874146,0.2221399247646331,0.0096359252929687,0.9912109375,0.0049999998882412,e3p__pos-postsppf__s0
2,model.10,-0.0001990063901757,0.5413684248924255,0.2395761907100677,0.0082168579101562,0.98779296875,0.0059374999254941,e3p__pos-postsppf__s0
3,model.10,0.0010487436084076,0.5527588725090027,0.2594999670982361,0.0034427642822265,0.9970703125,0.0234375,e3p__pos-postsppf__s0
4,model.10,-0.0047203148715198,0.5904749631881714,0.2840597927570343,0.0001488924026489,0.998046875,0.0668749958276748,e3p__pos-postsppf__s0
5,model.10,-0.0010331319645047,0.6534937620162964,0.3137984871864319,7.152557373046875e-06,1.0,0.1278124898672104,e3p__pos-postsppf__s0
6,model.10,0.0004793931148014,0.664450466632843,0.2855075597763061,1.5914440155029297e-05,0.9990234375,0.1274999976158142,e3p__pos-postsppf__s0
7,model.10,-0.0014750788686797,0.6535860896110535,0.3047547936439514,0.0001713037490844,0.99951171875,0.1418749988079071,e3p__pos-postsppf__s0
8,model.10,0.0017285918584093,0.6749646067619324,0.2858326435089111,2.211332321166992e-05,0.99853515625,0.1034374982118606,e3p__pos-postsppf__s0
9,model.10,0.0004834435821976,0.67554771900177,0.2917707562446594,0.0002131462097167,0.99951171875,0.1334374994039535,e3p__pos-postsppf__s0
10,model.10,-0.0006690333248116,0.6648628115653992,0.2898021340370178,0.0007977485656738,1.0,0.1375000029802322,e3p__pos-postsppf__s0
11,model.10,-8.582400914747268e-05,0.6770036220550537,0.2825285196304321,0.0014610290527343,1.0,0.1009375005960464,e3p__pos-postsppf__s0
12,model.10,0.0020487939473241,0.6756852865219116,0.2794202268123626,0.0022258758544921,1.0,0.1031249985098838,e3p__pos-postsppf__s0
13,model.10,0.0006337169907055,0.6834429502487183,0.2820305228233337,0.0002715587615966,1.0,0.1178124994039535,e3p__pos-postsppf__s0
14,model.10,0.0002044564753305,0.670429527759552,0.2806043922901153,0.0002378225326538,1.0,0.1309375017881393,e3p__pos-postsppf__s0
15,model.10,-0.0019282948924228,0.6844039559364319,0.282080739736557,0.0003612041473388,1.0,0.1253124922513961,e3p__pos-postsppf__s0
16,model.10,-0.0003789212496485,0.6841371059417725,0.2787992656230926,4.649162292480469e-05,1.0,0.1106249988079071,e3p__pos-postsppf__s0
17,model.10,0.0006990153342485,0.6942574977874756,0.289381593465805,4.613399505615234e-05,1.0,0.1478125005960464,e3p__pos-postsppf__s0
18,model.10,0.0032566646113991,0.6781207323074341,0.271914005279541,1.5437602996826172e-05,1.0,0.1503124982118606,e3p__pos-postsppf__s0
19,model.10,-0.0014405230758711,0.6968029737472534,0.2595243453979492,0.00038743019104,0.99951171875,0.1203124970197677,e3p__pos-postsppf__s0
20,model.10,0.0007477643084712,0.6932117342948914,0.2793404459953308,6.020069122314453e-06,1.0,0.1449999958276748,e3p__pos-postsppf__s0
21,model.10,0.0018637109315022,0.6849892139434814,0.3091751933097839,2.6702880859375e-05,1.0,0.2012500017881393,e3p__pos-postsppf__s0
22,model.10,-0.0028503292705863,0.674254298210144,0.3241999447345733,1.8775463104248047e-05,1.0,0.2359374910593032,e3p__pos-postsppf__s0
23,model.10,0.0053997072391211,0.695503830909729,0.2723554372787475,2.1457672119140625e-06,1.0,0.1978124976158142,e3p__pos-postsppf__s0
24,model.10,-0.001146808033809,0.7475671172142029,0.2487299144268036,3.814697265625e-06,1.0,0.2431249916553497,e3p__pos-postsppf__s0
25,model.10,0.0027072362136095,0.734781801700592,0.2859802842140198,2.568960189819336e-05,1.0,0.2443749904632568,e3p__pos-postsppf__s0
26,model.10,0.0013106151018291,0.7129029035568237,0.2956636548042297,0.0002082586288452,1.0,0.2578125,e3p__pos-postsppf__s0
27,model.10,0.0005924062570556,0.7113009691238403,0.2724289894104004,1.710653305053711e-05,1.0,0.2687499821186065,e3p__pos-postsppf__s0
28,model.10,0.0039025305304676,0.7252862453460693,0.2461492717266082,1.156330108642578e-05,1.0,0.270312488079071,e3p__pos-postsppf__s0
29,model.10,0.0003259039949625,0.7398495078086853,0.2856111228466034,7.367134094238281e-05,1.0,0.2537499964237213,e3p__pos-postsppf__s0
30,model.10,-0.0004557498032227,0.7305561900138855,0.2946717739105224,0.0009889602661132,1.0,0.2725000083446502,e3p__pos-postsppf__s0
31,model.10,0.0002855302591342,0.738032341003418,0.2764731049537658,0.0006141662597656,1.0,0.25,e3p__pos-postsppf__s0
32,model.10,0.0005690915277227,0.7342546582221985,0.2605040669441223,0.0005593299865722,1.0,0.2393749952316284,e3p__pos-postsppf__s0
33,model.10,0.0011418936774134,0.7279781699180603,0.2700159847736358,0.0012397766113281,1.0,0.2593750059604645,e3p__pos-postsppf__s0
34,model.10,-0.0010425356449559,0.7448095679283142,0.2792921364307403,0.0005569458007812,1.0,0.2587499916553497,e3p__pos-postsppf__s0
35,model.10,0.003986622672528,0.7309067845344543,0.2699003219604492,0.0013046264648437,1.0,0.2584374845027923,e3p__pos-postsppf__s0
36,model.10,0.0004770909145008,0.7313584089279175,0.2618039846420288,0.000303030014038,1.0,0.2834374904632568,e3p__pos-postsppf__s0
37,model.10,-0.0006086482317186,0.7323142290115356,0.2792843580245971,0.0008425712585449,1.0,0.2631250023841858,e3p__pos-postsppf__s0
38,model.10,0.0025587235577404,0.7535668611526489,0.2479078322649002,0.0005569458007812,1.0,0.2890625,e3p__pos-postsppf__s0
39,model.10,-0.0002931459748651,0.7422953844070435,0.2721973657608032,7.599592208862305e-05,1.0,0.2712499797344208,e3p__pos-postsppf__s0
40,model.10,-0.0016545050311833,0.745691180229187,0.2725229263305664,0.0001596212387084,1.0,0.2615624964237213,e3p__pos-postsppf__s0
41,model.10,0.0008827677811495,0.7459688186645508,0.2779726386070251,0.0001355409622192,1.0,0.2359374910593032,e3p__pos-postsppf__s0
42,model.10,0.0007818870362825,0.738525390625,0.2707775831222534,0.0011472702026367,1.0,0.2765624821186065,e3p__pos-postsppf__s0
43,model.10,0.0008194257388822,0.7607713341712952,0.2527728676795959,0.0003919601440429,1.0,0.2715624868869781,e3p__pos-postsppf__s0
44,model.10,0.0026046868879348,0.7787618041038513,0.227356418967247,0.0016746520996093,1.0,0.2318749874830246,e3p__pos-postsppf__s0
45,model.10,0.0007402201299555,0.7655056118965149,0.2445669025182724,0.004486083984375,1.0,0.2671875059604645,e3p__pos-postsppf__s0
46,model.10,0.0042029842734336,0.7536503672599792,0.2843553721904754,0.0006666183471679,1.0,0.2946874797344208,e3p__pos-postsppf__s0
47,model.10,0.0039220117032527,0.7504671216011047,0.2998872995376587,3.5643577575683594e-05,1.0,0.3046875,e3p__pos-postsppf__s0
48,model.10,0.0034180216025561,0.7584291696548462,0.2596966028213501,4.649162292480469e-05,1.0,0.3243750035762787,e3p__pos-postsppf__s0
49,model.10,0.0041358890011906,0.7592617869377136,0.2865588665008545,0.000295877456665,1.0,0.3234374821186065,e3p__pos-postsppf__s0
50,model.10,0.0030255673918873,0.7507632374763489,0.2980102300643921,0.0003225803375244,1.0,0.3078124821186065,e3p__pos-postsppf__s0
51,model.10,0.0038907176349312,0.761301577091217,0.2818070650100708,3.2961368560791016e-05,1.0,0.3340624868869781,e3p__pos-postsppf__s0
52,model.10,0.0044720494188368,0.7386775016784668,0.2956570386886596,0.0002591609954833,1.0,0.3125,e3p__pos-postsppf__s0
53,model.10,0.0029656291007995,0.7554510831832886,0.252851277589798,5.185604095458984e-06,1.0,0.3725000023841858,e3p__pos-postsppf__s0
54,model.10,0.0028346285689622,0.7442498803138733,0.2289403975009918,1.233816146850586e-05,1.0,0.3946875035762787,e3p__pos-postsppf__s0
55,model.10,0.0023433465976268,0.7327267527580261,0.2944202423095703,0.0001366138458251,1.0,0.3621875047683716,e3p__pos-postsppf__s0
56,model.10,0.0006556224543601,0.7493189573287964,0.2868495583534241,7.271766662597656e-06,1.0,0.3528124988079071,e3p__pos-postsppf__s0
57,model.10,0.0003072909021284,0.710296630859375,0.2855752110481262,0.0001713037490844,1.0,0.3634375035762787,e3p__pos-postsppf__s0
58,model.10,0.0037237179931253,0.73089200258255,0.3028112053871155,1.3530254364013672e-05,1.0,0.3546874821186065,e3p__pos-postsppf__s0
59,model.10,0.0032897272612899,0.7175441384315491,0.2894983291625976,0.0004973411560058,1.0,0.3684374988079071,e3p__pos-postsppf__s0
60,model.10,0.0041045877151191,0.7488001585006714,0.2740757465362549,0.0008106231689453,1.0,0.3193749785423279,e3p__pos-postsppf__s0
61,model.10,0.0032297547440975,0.74513179063797,0.2946949005126953,0.0014553070068359,1.0,0.3387500047683716,e3p__pos-postsppf__s0
62,model.10,0.0016507708933204,0.7316386103630066,0.2857860028743744,0.0001465082168579,1.0,0.3762499988079071,e3p__pos-postsppf__s0
63,model.10,0.0013887246605008,0.7298352122306824,0.3007063269615173,0.0001047253608703,1.0,0.3456249833106994,e3p__pos-postsppf__s0
64,model.10,0.0031304066069424,0.7360121607780457,0.2876339554786682,0.0003275871276855,1.0,0.3353124856948852,e3p__pos-postsppf__s0
65,model.10,0.0036662810016423,0.7148656845092773,0.2857660353183746,0.0003473758697509,1.0,0.3403124809265136,e3p__pos-postsppf__s0
66,model.10,0.0021953724790364,0.738190233707428,0.276038110256195,2.7298927307128903e-05,1.0,0.3656249940395355,e3p__pos-postsppf__s0
67,model.10,0.0030688715633004,0.7427308559417725,0.252532422542572,0.0002323389053344,1.0,0.3231250047683716,e3p__pos-postsppf__s0
68,model.10,0.0020656308624893,0.7396259307861328,0.2819331288337707,0.0007319450378417,1.0,0.3471874892711639,e3p__pos-postsppf__s0
69,model.10,0.0019477505702525,0.7211841940879822,0.2798506617546081,0.0007238388061523,1.0,0.3271874785423279,e3p__pos-postsppf__s0
70,model.10,0.0026723269838839,0.7383712530136108,0.2637419402599334,0.0001454353332519,1.0,0.3418749868869781,e3p__pos-postsppf__s0
71,model.10,0.0034799103159457,0.7372815012931824,0.2829949855804443,0.0023784637451171,1.0,0.3199999928474426,e3p__pos-postsppf__s0
72,model.10,0.0035642785951495,0.7620999813079834,0.2589795589447021,0.0004339218139648,1.0,0.3149999976158142,e3p__pos-postsppf__s0
73,model.10,0.0031997570767998,0.7371250987052917,0.2770013809204101,0.0002572536468505,1.0,0.3453125059604645,e3p__pos-postsppf__s0
74,model.10,0.0040625422261655,0.7348297834396362,0.2697292566299438,0.0005154609680175,1.0,0.3287499845027923,e3p__pos-postsppf__s0
75,model.10,0.0043747629970312,0.7510231733322144,0.2435726374387741,0.0006117820739746,1.0,0.3815625011920929,e3p__pos-postsppf__s0
76,model.10,0.0035648720804601,0.764028012752533,0.270442396402359,0.0184326171875,1.0,0.3146874904632568,e3p__pos-postsppf__s0
77,model.10,0.0033497437834739,0.7464175224304199,0.2729193568229675,0.0046463012695312,1.0,0.3362500071525574,e3p__pos-postsppf__s0
78,model.10,0.0045408131554722,0.7476444840431213,0.2666488289833069,0.0114212036132812,1.0,0.3537499904632568,e3p__pos-postsppf__s0
79,model.10,0.0061003481969237,0.7512474060058594,0.2774686813354492,0.0217742919921875,1.0,0.3381249904632568,e3p__pos-postsppf__s0
80,model.10,0.0078163817524909,0.7500411868095398,0.2686007618904114,0.0139541625976562,1.0,0.3100000023841858,e3p__pos-postsppf__s0
81,model.10,0.0080459713935852,0.76933354139328,0.2595237493515014,0.0018892288208007,1.0,0.3506249785423279,e3p__pos-postsppf__s0
82,model.10,0.0079892203211784,0.7571980357170105,0.2805033028125763,0.0020751953125,1.0,0.3434374928474426,e3p__pos-postsppf__s0
83,model.10,0.0080037238076329,0.7438123822212219,0.2641619443893432,0.0008659362792968,1.0,0.3421874940395355,e3p__pos-postsppf__s0
84,model.10,0.0081282230094075,0.7639315128326416,0.2813133001327514,0.0069313049316406,1.0,0.3237499892711639,e3p__pos-postsppf__s0
85,model.10,0.0090029127895832,0.7454620003700256,0.2762314081192016,0.0037956237792968,1.0,0.3068749904632568,e3p__pos-postsppf__s0
86,model.10,0.008962282910943,0.7704502940177917,0.2790164351463318,0.00579833984375,1.0,0.3649999797344208,e3p__pos-postsppf__s0
87,model.10,0.0085533261299133,0.7453840374946594,0.2658970355987549,0.0081558227539062,1.0,0.3487499952316284,e3p__pos-postsppf__s0
88,model.10,0.0100126303732395,0.7424073815345764,0.294727087020874,0.0039291381835937,1.0,0.3268750011920929,e3p__pos-postsppf__s0
89,model.10,0.0101310117170214,0.74405837059021,0.262276142835617,0.0038394927978515,1.0,0.3412500023841858,e3p__pos-postsppf__s0
90,model.10,0.0105534512549638,0.7013782858848572,0.2643227875232696,0.0130691528320312,1.0,0.348437488079071,e3p__pos-postsppf__s0
91,model.10,0.0107747502624988,0.7412636280059814,0.2843015193939209,0.0192718505859375,1.0,0.3534374833106994,e3p__pos-postsppf__s0
92,model.10,0.0115826204419136,0.7499324083328247,0.271628737449646,0.0029354095458984,1.0,0.3115624785423279,e3p__pos-postsppf__s0
93,model.10,0.0123900976032018,0.7745574116706848,0.269187718629837,0.0161590576171875,1.0,0.3471874892711639,e3p__pos-postsppf__s0
94,model.10,0.0123960012570023,0.7201777696609497,0.2814726829528808,0.0101318359375,1.0,0.3149999976158142,e3p__pos-postsppf__s0
95,model.10,0.0125003401190042,0.7396823167800903,0.2694003283977508,0.0130691528320312,1.0,0.2965624928474426,e3p__pos-postsppf__s0
96,model.10,0.0131047563627362,0.7473471164703369,0.2664069533348083,0.0122909545898437,1.0,0.3509374856948852,e3p__pos-postsppf__s0
97,model.10,0.0132391545921564,0.7299344539642334,0.2755266427993774,0.021209716796875,1.0,0.3237499892711639,e3p__pos-postsppf__s0
98,model.10,0.0136174177750945,0.7541940808296204,0.258788138628006,0.012969970703125,1.0,0.3393749892711639,e3p__pos-postsppf__s0
99,model.10,0.0138244964182376,0.7539202570915222,0.2541059255599975,0.0282135009765625,1.0,0.3331249952316284,e3p__pos-postsppf__s0
100,model.10,0.0138244964182376,0.7539202570915222,0.2541059255599975,0.0282135009765625,1.0,0.3331249952316284,e3p__pos-postsppf__s0
0,model.9,-0.000387112959288,0.5542011260986328,0.1216917335987091,0.230712890625,0.9716796875,0.0,e3p__pos-presppf__s0
1,model.9,-0.0036506354808807,0.566359281539917,0.2428970783948898,0.03240966796875,0.99853515625,0.0109374998137354,e3p__pos-presppf__s0
2,model.9,0.0079778125509619,0.5662544369697571,0.2775622606277466,0.0016613006591796,0.99658203125,0.0212500002235174,e3p__pos-presppf__s0
3,model.9,-0.005614710971713,0.5663472414016724,0.3432178497314453,0.0002305507659912,1.0,0.1087500005960464,e3p__pos-presppf__s0
4,model.9,0.0001583650009706,0.5856239199638367,0.3377156853675842,0.000467300415039,1.0,0.1287499964237213,e3p__pos-presppf__s0
5,model.9,0.0029333636630326,0.5826388001441956,0.3453324437141418,0.0002913475036621,1.0,0.1493749916553497,e3p__pos-presppf__s0
6,model.9,0.0024858368560671,0.5976790189743042,0.3280379176139831,9.387731552124023e-05,1.0,0.1446875035762787,e3p__pos-presppf__s0
7,model.9,0.0030489796772599,0.5921423435211182,0.341874361038208,0.0003514289855957,1.0,0.1409374922513961,e3p__pos-presppf__s0
8,model.9,0.0030264987144619,0.5875297784805298,0.3295296430587768,0.0002532005310058,1.0,0.1303125023841858,e3p__pos-presppf__s0
9,model.9,0.0003004555474035,0.5946511626243591,0.3524726629257202,8.028745651245117e-05,1.0,0.1531250029802322,e3p__pos-presppf__s0
10,model.9,0.0009285746491514,0.6116399765014648,0.341228187084198,4.297494888305664e-05,0.99951171875,0.1449999958276748,e3p__pos-presppf__s0
11,model.9,0.0011729160323739,0.6081711649894714,0.3362931907176971,0.0001196265220642,0.99951171875,0.1481249928474426,e3p__pos-presppf__s0
12,model.9,-0.0006271540187299,0.5879141092300415,0.3461131453514099,0.0001177191734313,1.0,0.1693750023841858,e3p__pos-presppf__s0
13,model.9,-0.0002861785469576,0.596105694770813,0.3389249444007873,0.000300645828247,1.0,0.1656249910593032,e3p__pos-presppf__s0
14,model.9,0.0037930696271359,0.599817156791687,0.3326855301856994,0.0001243352890014,0.99951171875,0.1528124958276748,e3p__pos-presppf__s0
15,model.9,0.0016963355010375,0.6192623972892761,0.3441478312015533,0.0002251863479614,1.0,0.1634375005960464,e3p__pos-presppf__s0
16,model.9,0.001110891229473,0.6151496171951294,0.3491423726081848,5.877017974853516e-05,1.0,0.1993749886751175,e3p__pos-presppf__s0
17,model.9,0.0030505610629916,0.6294527053833008,0.3412370681762695,9.608268737792967e-05,1.0,0.1974999904632568,e3p__pos-presppf__s0
18,model.9,0.0019497491884976,0.630612850189209,0.3406290411949157,2.014636993408203e-05,1.0,0.2362499982118606,e3p__pos-presppf__s0
19,model.9,-0.0009990459075197,0.6309491395950317,0.3503207266330719,5.143880844116211e-05,1.0,0.2190624922513961,e3p__pos-presppf__s0
20,model.9,0.0041100429370999,0.6178168058395386,0.3504949808120727,3.170967102050781e-05,1.0,0.2074999958276748,e3p__pos-presppf__s0
21,model.9,0.0030886009335517,0.598336935043335,0.3573458790779114,9.995698928833008e-05,0.99951171875,0.2018750011920929,e3p__pos-presppf__s0
22,model.9,0.00344177801162,0.6163618564605713,0.3374469876289367,2.431869506835937e-05,1.0,0.1818749904632568,e3p__pos-presppf__s0
23,model.9,-0.0001155395875684,0.6178131699562073,0.3397621512413025,5.3882598876953125e-05,1.0,0.1765625029802322,e3p__pos-presppf__s0
24,model.9,0.0033994822297245,0.6202371120452881,0.3409682512283325,1.7940998077392578e-05,1.0,0.1909374892711639,e3p__pos-presppf__s0
25,model.9,0.007275060750544,0.6384308338165283,0.3550591170787811,5.346536636352539e-05,1.0,0.2409375011920929,e3p__pos-presppf__s0
26,model.9,0.0041106077842414,0.6054741740226746,0.3601534962654114,6.657838821411133e-05,1.0,0.25,e3p__pos-presppf__s0
27,model.9,-0.0004272016522008,0.6175372004508972,0.3405019044876098,0.0002166032791137,1.0,0.2303124964237213,e3p__pos-presppf__s0
28,model.9,0.0025699776597321,0.6238188743591309,0.3534325659275055,2.2470951080322266e-05,1.0,0.2371874898672104,e3p__pos-presppf__s0
29,model.9,0.0053714388050138,0.6090553998947144,0.3663845956325531,6.556510925292969e-05,1.0,0.2674999833106994,e3p__pos-presppf__s0
30,model.9,0.0063084000721573,0.6267265677452087,0.36212357878685,8.761882781982422e-06,1.0,0.2743749916553497,e3p__pos-presppf__s0
31,model.9,0.0064319605007767,0.6302323937416077,0.3531135022640228,2.16364860534668e-05,1.0,0.278124988079071,e3p__pos-presppf__s0
32,model.9,0.0047662393189966,0.619137167930603,0.369108647108078,6.556510925292969e-07,1.0,0.3375000059604645,e3p__pos-presppf__s0
33,model.9,0.006763860117644,0.6230500936508179,0.3773674368858337,6.258487701416016e-06,1.0,0.2956250011920929,e3p__pos-presppf__s0
34,model.9,0.0072572873905301,0.6312475204467773,0.3770536184310913,2.384185791015625e-07,1.0,0.3418749868869781,e3p__pos-presppf__s0
35,model.9,0.0074935797601938,0.6422938108444214,0.3757129311561584,3.5762786865234375e-07,1.0,0.3959375023841858,e3p__pos-presppf__s0
36,model.9,0.0101977922022342,0.6193293333053589,0.3909613490104675,7.748603820800781e-07,1.0,0.3956249952316284,e3p__pos-presppf__s0
37,model.9,0.008724900893867,0.6280476450920105,0.3811668753623962,5.364418029785156e-06,1.0,0.3515625,e3p__pos-presppf__s0
38,model.9,0.0084961960092186,0.6334295272827148,0.3706471920013428,0.000140905380249,1.0,0.3312499821186065,e3p__pos-presppf__s0
39,model.9,0.0074989502318203,0.6444923877716064,0.3580761551856994,0.0004289150238037,1.0,0.3153125047683716,e3p__pos-presppf__s0
40,model.9,0.008028557524085,0.6383448839187622,0.3760155439376831,0.0004076957702636,1.0,0.3443749845027923,e3p__pos-presppf__s0
41,model.9,0.0071306386962533,0.6636680960655212,0.367954283952713,0.000364065170288,1.0,0.3515625,e3p__pos-presppf__s0
42,model.9,0.0058987671509385,0.6496846079826355,0.3668454885482788,0.0001477003097534,1.0,0.3440625071525574,e3p__pos-presppf__s0
43,model.9,0.0074926274828612,0.6248425841331482,0.3798639178276062,7.367134094238281e-05,1.0,0.3768749833106994,e3p__pos-presppf__s0
44,model.9,0.0083156879991292,0.6425563097000122,0.367313027381897,4.112720489501953e-06,1.0,0.3312499821186065,e3p__pos-presppf__s0
45,model.9,0.0120904613286256,0.6204743385314941,0.3795456886291504,4.589557647705078e-06,1.0,0.3784374892711639,e3p__pos-presppf__s0
46,model.9,0.0111376531422138,0.5984436869621277,0.3924047946929931,1.895427703857422e-05,1.0,0.3868750035762787,e3p__pos-presppf__s0
47,model.9,0.0111974738538265,0.5904408693313599,0.3910405933856964,1.8775463104248047e-05,1.0,0.3599999845027923,e3p__pos-presppf__s0
48,model.9,0.0106483548879623,0.5974461436271667,0.3902466893196106,1.722574234008789e-05,1.0,0.3943749964237213,e3p__pos-presppf__s0
49,model.9,0.011576616205275,0.6043609380722046,0.3902740478515625,3.0994415283203125e-06,1.0,0.3918749988079071,e3p__pos-presppf__s0
50,model.9,0.012981766834855,0.6176887154579163,0.3955624997615814,4.351139068603516e-06,1.0,0.4121874868869781,e3p__pos-presppf__s0
51,model.9,0.0076835476793348,0.6267879605293274,0.3786545693874359,2.9206275939941406e-06,1.0,0.4090625047683716,e3p__pos-presppf__s0
52,model.9,0.0100341094657778,0.6302563548088074,0.3862560987472534,2.443790435791016e-06,1.0,0.4043749868869781,e3p__pos-presppf__s0
53,model.9,0.012381768785417,0.6192293763160706,0.392199695110321,1.9073486328125e-06,1.0,0.4071874916553497,e3p__pos-presppf__s0
54,model.9,0.010648158378899,0.6066602468490601,0.3949232697486877,2.1457672119140625e-06,1.0,0.4137499928474426,e3p__pos-presppf__s0
55,model.9,0.0108657069504261,0.6052350997924805,0.3932902812957763,5.841255187988281e-06,1.0,0.3853124976158142,e3p__pos-presppf__s0
56,model.9,0.0112851858139038,0.5926653146743774,0.3915911316871643,1.984834671020508e-05,1.0,0.3703124821186065,e3p__pos-presppf__s0
57,model.9,0.0104445666074752,0.6039690375328064,0.3864197432994842,4.649162292480469e-06,1.0,0.3846874833106994,e3p__pos-presppf__s0
58,model.9,0.0113269928842782,0.5856591463088989,0.3947421908378601,4.0531158447265625e-06,1.0,0.398749977350235,e3p__pos-presppf__s0
59,model.9,0.0122850742191076,0.585536003112793,0.4035404324531555,9.059906005859377e-06,1.0,0.4128125011920929,e3p__pos-presppf__s0
60,model.9,0.014205353334546,0.5821637511253357,0.3970969915390014,1.0728836059570312e-06,1.0,0.4171874821186065,e3p__pos-presppf__s0
61,model.9,0.0164418052881956,0.5783010721206665,0.3963553011417389,4.0531158447265625e-06,1.0,0.4081249833106994,e3p__pos-presppf__s0
62,model.9,0.0153195643797516,0.5851442813873291,0.3922362923622131,8.940696716308594e-07,1.0,0.4096874892711639,e3p__pos-presppf__s0
63,model.9,0.0152603415772318,0.6112472414970398,0.3878985047340393,5.960464477539064e-08,1.0,0.3943749964237213,e3p__pos-presppf__s0
64,model.9,0.0172168631106615,0.6288895010948181,0.3828758001327514,2.384185791015625e-07,1.0,0.3959375023841858,e3p__pos-presppf__s0
65,model.9,0.0170527342706918,0.602356493473053,0.3949586153030395,4.76837158203125e-07,1.0,0.4356249868869781,e3p__pos-presppf__s0
66,model.9,0.0173414163291454,0.5951847434043884,0.3956234455108642,5.960464477539064e-08,1.0,0.4121874868869781,e3p__pos-presppf__s0
67,model.9,0.0168642401695251,0.5844103097915649,0.3872430920600891,4.76837158203125e-07,1.0,0.4131249785423279,e3p__pos-presppf__s0
68,model.9,0.0165804233402013,0.5779178738594055,0.3949068486690521,4.76837158203125e-07,1.0,0.4056249856948852,e3p__pos-presppf__s0
69,model.9,0.0173748210072517,0.5767010450363159,0.4078619480133056,3.5762786865234375e-07,1.0,0.4365624785423279,e3p__pos-presppf__s0
70,model.9,0.020033698529005,0.5813192129135132,0.3927340507507324,7.152557373046875e-07,1.0,0.4050000011920929,e3p__pos-presppf__s0
71,model.9,0.0207567866891622,0.5895818471908569,0.3963443338871002,2.980232238769531e-07,1.0,0.4099999964237213,e3p__pos-presppf__s0
72,model.9,0.0211557373404502,0.6006903052330017,0.4024316668510437,5.960464477539062e-07,1.0,0.4328124821186065,e3p__pos-presppf__s0
73,model.9,0.0215307008475065,0.6068652868270874,0.3917449712753296,4.76837158203125e-07,1.0,0.4034374952316284,e3p__pos-presppf__s0
74,model.9,0.0229379441589117,0.5886057615280151,0.3962898254394531,4.76837158203125e-07,1.0,0.4328124821186065,e3p__pos-presppf__s0
75,model.9,0.021101240068674,0.6058697700500488,0.3962946534156799,1.788139343261719e-07,1.0,0.414374977350235,e3p__pos-presppf__s0
76,model.9,0.0207276884466409,0.6058099865913391,0.3899499177932739,5.960464477539064e-08,1.0,0.4121874868869781,e3p__pos-presppf__s0
77,model.9,0.0212249495089054,0.6047207713127136,0.397468626499176,1.132488250732422e-06,1.0,0.4284375011920929,e3p__pos-presppf__s0
78,model.9,0.0225520897656679,0.6038616895675659,0.3957602083683014,0.0,1.0,0.4215624928474426,e3p__pos-presppf__s0
79,model.9,0.0232014693319797,0.6042367219924927,0.3938253819942474,5.960464477539064e-08,1.0,0.4043749868869781,e3p__pos-presppf__s0
80,model.9,0.0244252625852823,0.5951427817344666,0.3971201181411743,8.940696716308594e-07,1.0,0.4206250011920929,e3p__pos-presppf__s0
81,model.9,0.0243363082408905,0.605160117149353,0.391295850276947,1.788139343261719e-07,1.0,0.3974999785423279,e3p__pos-presppf__s0
82,model.9,0.0249556563794612,0.5771365761756897,0.3964096903800964,1.1920928955078125e-07,1.0,0.3824999928474426,e3p__pos-presppf__s0
83,model.9,0.0254934318363666,0.5919787287712097,0.3973801136016845,2.980232238769531e-07,1.0,0.4099999964237213,e3p__pos-presppf__s0
84,model.9,0.0256101265549659,0.5994735360145569,0.3950274586677551,7.152557373046875e-07,1.0,0.4112499952316284,e3p__pos-presppf__s0
85,model.9,0.0262127183377742,0.6096819639205933,0.3932217061519623,1.430511474609375e-06,1.0,0.4331249892711639,e3p__pos-presppf__s0
86,model.9,0.0257372446358203,0.597609281539917,0.3879871368408203,1.1920928955078125e-07,1.0,0.395312488079071,e3p__pos-presppf__s0
87,model.9,0.0261077731847763,0.5912696719169617,0.3930933177471161,8.940696716308594e-07,1.0,0.4006249904632568,e3p__pos-presppf__s0
88,model.9,0.0262964721769094,0.5928525924682617,0.3941265046596527,1.7881393432617188e-06,1.0,0.3971875011920929,e3p__pos-presppf__s0
89,model.9,0.0261786896735429,0.5774916410446167,0.4053665399551391,9.5367431640625e-07,1.0,0.4184374809265136,e3p__pos-presppf__s0
90,model.9,0.0263929609209299,0.589519202709198,0.3880701065063476,4.172325134277344e-07,1.0,0.3924999833106994,e3p__pos-presppf__s0
91,model.9,0.0256753005087375,0.5799970626831055,0.4067252278327942,8.344650268554688e-07,1.0,0.4243749976158142,e3p__pos-presppf__s0
92,model.9,0.0259064175188541,0.569169819355011,0.4008861482143402,1.8477439880371092e-06,1.0,0.4390624761581421,e3p__pos-presppf__s0
93,model.9,0.0257951021194458,0.5794809460639954,0.3879830241203308,1.3709068298339844e-06,1.0,0.3868750035762787,e3p__pos-presppf__s0
94,model.9,0.0259207505732774,0.5860603451728821,0.3965759575366974,4.76837158203125e-07,1.0,0.3949999809265136,e3p__pos-presppf__s0
95,model.9,0.0259627941995859,0.5802152156829834,0.3996224105358124,1.5497207641601562e-06,1.0,0.4043749868869781,e3p__pos-presppf__s0
96,model.9,0.0259449109435081,0.5774919390678406,0.3914987742900848,2.384185791015625e-07,1.0,0.3784374892711639,e3p__pos-presppf__s0
97,model.9,0.0259753577411174,0.585399866104126,0.3999509513378143,5.602836608886719e-06,1.0,0.4215624928474426,e3p__pos-presppf__s0
98,model.9,0.0260752104222774,0.5808287262916565,0.3987208604812622,1.430511474609375e-06,1.0,0.3946875035762787,e3p__pos-presppf__s0
99,model.9,0.026198485866189,0.5790500640869141,0.4015365839004516,3.75509262084961e-06,1.0,0.4106249809265136,e3p__pos-presppf__s0
100,model.9,0.026198485866189,0.5790500640869141,0.4015365839004516,3.75509262084961e-06,1.0,0.4106249809265136,e3p__pos-presppf__s0
0,model.10,-0.0001558868389111,0.4979744851589203,0.0793671309947967,0.177001953125,0.7763671875,0.0,e4p__mosaic-close0__s0
1,model.10,0.0038032953161746,0.4844799637794494,0.1877929270267486,0.0032596588134765,0.99072265625,0.0078125,e4p__mosaic-close0__s0
2,model.10,-0.0039703617803752,0.4779552221298218,0.2239294648170471,0.004150390625,0.99755859375,0.0199999995529651,e4p__mosaic-close0__s0
3,model.10,0.0012750786263495,0.4975309669971466,0.2465883642435073,0.0014667510986328,0.99853515625,0.0190625004470348,e4p__mosaic-close0__s0
4,model.10,-0.0002209632511949,0.5087567567825317,0.242686927318573,0.0002359151840209,0.99853515625,0.030937498435378,e4p__mosaic-close0__s0
5,model.10,0.0005611907690763,0.507468044757843,0.2532453536987304,0.0003488063812255,0.99853515625,0.0246874988079071,e4p__mosaic-close0__s0
6,model.10,-0.000557487248443,0.5107812881469727,0.2561626434326172,0.0013303756713867,0.986328125,0.0203124992549419,e4p__mosaic-close0__s0
7,model.10,0.0022575987968593,0.505824089050293,0.2753165066242218,0.0009436607360839,0.99658203125,0.0293749999254941,e4p__mosaic-close0__s0
8,model.10,-0.0005444278940558,0.542784571647644,0.2441716790199279,0.000123381614685,0.99853515625,0.0531249977648258,e4p__mosaic-close0__s0
9,model.10,-0.0011461043031886,0.5305696725845337,0.2642282545566559,0.0019493103027343,0.99755859375,0.0409374982118606,e4p__mosaic-close0__s0
10,model.10,0.002365531399846,0.5534123778343201,0.2576967775821686,7.426738739013672e-05,0.99951171875,0.0578124970197677,e4p__mosaic-close0__s0
11,model.10,-0.002153547713533,0.5444549918174744,0.2829084992408752,4.410743713378906e-06,0.99755859375,0.0643749982118606,e4p__mosaic-close0__s0
12,model.10,0.0027923637535423,0.5670495629310608,0.2825090885162353,0.0001355409622192,1.0,0.0728124976158142,e4p__mosaic-close0__s0
13,model.10,-0.0001191298360936,0.5986307859420776,0.2582317590713501,2.5093555450439453e-05,1.0,0.1231249943375587,e4p__mosaic-close0__s0
14,model.10,0.0022095504682511,0.5935922861099243,0.3058252930641174,1.2993812561035156e-05,1.0,0.1112499982118606,e4p__mosaic-close0__s0
15,model.10,0.0016898786416277,0.5949186682701111,0.3103081583976745,8.416175842285156e-05,1.0,0.1065624952316284,e4p__mosaic-close0__s0
16,model.10,-0.0005548709887079,0.6101550459861755,0.2826123237609863,3.761053085327149e-05,1.0,0.1037499979138374,e4p__mosaic-close0__s0
17,model.10,0.0011559354607015,0.6241313815116882,0.2989660501480102,2.819299697875977e-05,0.99951171875,0.0912499949336052,e4p__mosaic-close0__s0
18,model.10,0.0011012091999873,0.6368557810783386,0.2809038758277893,2.8848648071289062e-05,0.99951171875,0.0934375002980232,e4p__mosaic-close0__s0
19,model.10,0.0014654274564236,0.6350812315940857,0.285990297794342,4.172325134277344e-07,1.0,0.074374996125698,e4p__mosaic-close0__s0
20,model.10,0.0010128609137609,0.6322010159492493,0.3073495030403137,4.869699478149414e-05,0.99951171875,0.0971874967217445,e4p__mosaic-close0__s0
21,model.10,0.0011211383389309,0.6261619329452515,0.280430406332016,0.0009546279907226,1.0,0.0890624970197677,e4p__mosaic-close0__s0
22,model.10,-0.0001912227744469,0.6427688598632812,0.2942377924919128,0.0003726482391357,1.0,0.0974999964237213,e4p__mosaic-close0__s0
23,model.10,0.000527968222741,0.6473990678787231,0.2773083448410034,0.0005335807800292,1.0,0.0881249979138374,e4p__mosaic-close0__s0
24,model.10,0.0028749825432896,0.6270745992660522,0.2904127836227417,0.0003981590270996,1.0,0.0943749994039535,e4p__mosaic-close0__s0
25,model.10,-0.0003161440545227,0.6560066342353821,0.2778186798095703,3.451108932495117e-05,0.99951171875,0.1024999991059303,e4p__mosaic-close0__s0
26,model.10,-0.0006100197788327,0.6338507533073425,0.3066070675849914,0.0001141428947448,1.0,0.1262499988079071,e4p__mosaic-close0__s0
27,model.10,0.0032569759059697,0.6205474734306335,0.2984623312950134,3.147125244140625e-05,1.0,0.1728124916553497,e4p__mosaic-close0__s0
28,model.10,-4.55973313364666e-05,0.6234156489372253,0.3034931421279907,2.3543834686279297e-05,1.0,0.1649999916553497,e4p__mosaic-close0__s0
29,model.10,0.0020720213651657,0.6213575601577759,0.2945572137832641,6.198883056640625e-06,1.0,0.1328125,e4p__mosaic-close0__s0
30,model.10,0.0033322947565466,0.6341084837913513,0.2965016365051269,0.0002453327178955,1.0,0.1831249892711639,e4p__mosaic-close0__s0
31,model.10,0.0002098261902574,0.6648074388504028,0.2791478633880615,2.0444393157958984e-05,1.0,0.170937493443489,e4p__mosaic-close0__s0
32,model.10,0.0011812642915174,0.6719077825546265,0.2847061157226562,0.0006694793701171,1.0,0.1737499982118606,e4p__mosaic-close0__s0
33,model.10,-0.001627726946026,0.6681985259056091,0.3122581243515014,0.0006070137023925,1.0,0.1937499940395355,e4p__mosaic-close0__s0
34,model.10,0.000476623798022,0.6801396012306213,0.2989659309387207,6.759166717529297e-05,1.0,0.2193749994039535,e4p__mosaic-close0__s0
35,model.10,0.0018793629715219,0.6572648286819458,0.2976504564285278,0.0003769397735595,1.0,0.2071874886751175,e4p__mosaic-close0__s0
36,model.10,0.0014152053045108,0.6585589647293091,0.3086043894290924,6.318092346191406e-06,1.0,0.1584374904632568,e4p__mosaic-close0__s0
37,model.10,0.0013416883302852,0.6663902997970581,0.3025708198547363,0.0001263618469238,1.0,0.1640625,e4p__mosaic-close0__s0
38,model.10,0.0020107361488044,0.6425127983093262,0.3027505874633789,0.0001535415649414,1.0,0.1937499940395355,e4p__mosaic-close0__s0
39,model.10,-0.0001858511532191,0.6601493954658508,0.3031758666038513,0.0002572536468505,1.0,0.1662499904632568,e4p__mosaic-close0__s0
40,model.10,0.0025011557154357,0.6598550081253052,0.3043141067028045,5.269050598144531e-05,1.0,0.2071874886751175,e4p__mosaic-close0__s0
41,model.10,0.0006075463606975,0.6363006830215454,0.3109090924263,0.0004239082336425,1.0,0.1681250035762787,e4p__mosaic-close0__s0
42,model.10,0.003185813082382,0.663084864616394,0.3028713762760162,4.166364669799805e-05,1.0,0.1618749946355819,e4p__mosaic-close0__s0
43,model.10,0.0043936977162957,0.6690511107444763,0.3051733076572418,3.618001937866211e-05,1.0,0.1881249994039535,e4p__mosaic-close0__s0
44,model.10,-7.247959001688287e-05,0.6703953146934509,0.2944445013999939,7.599592208862305e-05,1.0,0.1981249898672104,e4p__mosaic-close0__s0
45,model.10,0.0022892111446708,0.6890623569488525,0.2720969319343567,4.434585571289063e-05,1.0,0.2040624916553497,e4p__mosaic-close0__s0
46,model.10,0.0019643660634756,0.6857507228851318,0.3174986243247986,8.094310760498047e-05,1.0,0.2049999982118606,e4p__mosaic-close0__s0
47,model.10,0.0024854985531419,0.6508686542510986,0.3176205158233642,3.9458274841308594e-05,1.0,0.2581250071525574,e4p__mosaic-close0__s0
48,model.10,0.0024650082923471,0.6371059417724609,0.3345214128494262,1.9073486328125e-06,1.0,0.2487500011920929,e4p__mosaic-close0__s0
49,model.10,0.0037179852370172,0.6662258505821228,0.3168233335018158,1.5497207641601562e-06,1.0,0.2093749940395355,e4p__mosaic-close0__s0
50,model.10,0.0030819959938526,0.65265953540802,0.3372717797756195,6.204843521118164e-05,1.0,0.2621874809265136,e4p__mosaic-close0__s0
51,model.10,0.0027548905927687,0.6579093933105469,0.3190323114395141,0.0001263618469238,1.0,0.2396874874830246,e4p__mosaic-close0__s0
52,model.10,0.0043793963268399,0.6555051803588867,0.3311094045639038,0.0002018213272094,1.0,0.2443749904632568,e4p__mosaic-close0__s0
53,model.10,0.0043364660814404,0.6543310284614563,0.3134815990924835,0.0001559257507324,1.0,0.2481250017881393,e4p__mosaic-close0__s0
54,model.10,0.0041130562312901,0.652891218662262,0.3234443664550781,0.0002166032791137,1.0,0.270312488079071,e4p__mosaic-close0__s0
55,model.10,0.0031169387511909,0.6568429470062256,0.3263425827026367,0.0005273818969726,1.0,0.2578125,e4p__mosaic-close0__s0
56,model.10,0.0052838707342743,0.6438195705413818,0.3372799754142761,0.0001488924026489,1.0,0.2503125071525574,e4p__mosaic-close0__s0
57,model.10,0.0051362696103751,0.6559981107711792,0.3193888664245605,0.0002050399780273,1.0,0.2306249886751175,e4p__mosaic-close0__s0
58,model.10,0.0025660323444753,0.665110170841217,0.3402203023433685,0.0013093948364257,1.0,0.2984375059604645,e4p__mosaic-close0__s0
59,model.10,0.002577424282208,0.639074444770813,0.3300753533840179,0.0003225803375244,1.0,0.2746874988079071,e4p__mosaic-close0__s0
60,model.10,0.0030376394279301,0.6584039330482483,0.3453052639961242,0.0003175735473632,1.0,0.324999988079071,e4p__mosaic-close0__s0
61,model.10,0.0048309569247066,0.6748120188713074,0.3190425634384155,0.001011848449707,1.0,0.2674999833106994,e4p__mosaic-close0__s0
62,model.10,0.0050307158380746,0.6495530605316162,0.3330526649951935,0.0016489028930664,1.0,0.2856249809265136,e4p__mosaic-close0__s0
63,model.10,0.0041738026775419,0.6602873802185059,0.3009907901287079,0.0005836486816406,1.0,0.2737500071525574,e4p__mosaic-close0__s0
64,model.10,0.0078513026237487,0.6500190496444702,0.3313916623592376,4.506111145019531e-05,1.0,0.2621874809265136,e4p__mosaic-close0__s0
65,model.10,0.0087818428874015,0.6346964240074158,0.3151543140411377,0.0003125667572021,1.0,0.2506249845027923,e4p__mosaic-close0__s0
66,model.10,0.0082850409671664,0.6790002584457397,0.3189781010150909,1.519918441772461e-05,1.0,0.2787500023841858,e4p__mosaic-close0__s0
67,model.10,0.0079924575984478,0.6371996402740479,0.3355850875377655,1.6450881958007812e-05,1.0,0.2634374797344208,e4p__mosaic-close0__s0
68,model.10,0.0076204487122595,0.6392807960510254,0.3494310975074768,0.0006747245788574,1.0,0.2862499952316284,e4p__mosaic-close0__s0
69,model.10,0.0111116841435432,0.6397064924240112,0.3455652594566345,0.0003597736358642,1.0,0.2846874892711639,e4p__mosaic-close0__s0
70,model.10,0.0099919522181153,0.6322446465492249,0.3498214483261108,1.847743988037109e-05,1.0,0.2987499833106994,e4p__mosaic-close0__s0
71,model.10,0.0110183525830507,0.6340833306312561,0.3502174913883209,0.0001634359359741,1.0,0.3018749952316284,e4p__mosaic-close0__s0
72,model.10,0.0113326869904994,0.6400097608566284,0.3547988831996918,0.0004458427429199,1.0,0.2924999892711639,e4p__mosaic-close0__s0
73,model.10,0.0112667717039585,0.637572169303894,0.3471422791481018,0.000298261642456,1.0,0.2803125083446502,e4p__mosaic-close0__s0
74,model.10,0.0118629084900021,0.6626500487327576,0.3165891170501709,2.9802322387695312e-05,1.0,0.2803125083446502,e4p__mosaic-close0__s0
75,model.10,0.0130321262404322,0.6275136470794678,0.3495326936244964,0.0001114606857299,1.0,0.3109374940395355,e4p__mosaic-close0__s0
76,model.10,0.0153620224446058,0.6649336218833923,0.3324514925479889,9.840726852416992e-05,1.0,0.3090624809265136,e4p__mosaic-close0__s0
77,model.10,0.0154675152152776,0.6534562706947327,0.3319684565067291,2.688169479370117e-05,1.0,0.3274999856948852,e4p__mosaic-close0__s0
78,model.10,0.0169047527015209,0.6668609976768494,0.3209020793437958,0.0001196265220642,1.0,0.2840625047683716,e4p__mosaic-close0__s0
79,model.10,0.0170206446200609,0.6432318091392517,0.3440107405185699,0.0014781951904296,1.0,0.2765624821186065,e4p__mosaic-close0__s0
80,model.10,0.0184315703809261,0.6670120358467102,0.3272005319595337,0.0007352828979492,1.0,0.2953124940395355,e4p__mosaic-close0__s0
81,model.10,0.0177028756588697,0.6858239769935608,0.3299179971218109,0.0002033710479736,1.0,0.2996875047683716,e4p__mosaic-close0__s0
82,model.10,0.0197363831102848,0.6791033744812012,0.3115126490592956,0.0006213188171386,1.0,0.2996875047683716,e4p__mosaic-close0__s0
83,model.10,0.0211937166750431,0.6617112755775452,0.3304523527622223,0.002511978149414,1.0,0.2803125083446502,e4p__mosaic-close0__s0
84,model.10,0.0202887505292892,0.6623865962028503,0.3375065922737121,0.0004935264587402,1.0,0.3059374988079071,e4p__mosaic-close0__s0
85,model.10,0.0203418396413326,0.6574835181236267,0.3345677852630615,0.0018749237060546,1.0,0.28125,e4p__mosaic-close0__s0
86,model.10,0.0210077483206987,0.664297342300415,0.3375487327575683,0.000523567199707,1.0,0.3009375035762787,e4p__mosaic-close0__s0
87,model.10,0.0227509457617998,0.6508743166923523,0.3360426723957062,0.0013351440429687,1.0,0.2928124964237213,e4p__mosaic-close0__s0
88,model.10,0.0233545787632465,0.6572628617286682,0.3339973092079162,0.0010948181152343,1.0,0.2631250023841858,e4p__mosaic-close0__s0
89,model.10,0.0237762033939361,0.6527642607688904,0.3368412554264068,0.0017824172973632,1.0,0.2628124952316284,e4p__mosaic-close0__s0
90,model.10,0.0242352448403835,0.6577669978141785,0.3350307047367096,0.0011157989501953,1.0,0.3024999797344208,e4p__mosaic-close0__s0
91,model.10,0.0251481868326663,0.6474842429161072,0.3132625222206116,0.0011653900146484,1.0,0.2787500023841858,e4p__mosaic-close0__s0
92,model.10,0.025981780141592,0.64212965965271,0.3291404545307159,0.0013666152954101,1.0,0.2762500047683716,e4p__mosaic-close0__s0
93,model.10,0.0267956722527742,0.6426777243614197,0.3335742354393005,0.0008759498596191,1.0,0.2768749892711639,e4p__mosaic-close0__s0
94,model.10,0.027336424216628,0.6514121890068054,0.3303308486938476,0.0008525848388671,1.0,0.2765624821186065,e4p__mosaic-close0__s0
95,model.10,0.0276492107659578,0.6567075252532959,0.340248703956604,0.0005359649658203,1.0,0.28125,e4p__mosaic-close0__s0
96,model.10,0.0281202122569084,0.644517183303833,0.3176411986351013,0.0012063980102539,1.0,0.2674999833106994,e4p__mosaic-close0__s0
97,model.10,0.028129369020462,0.6407724022865295,0.3303261399269104,0.0006566047668457,1.0,0.2565625011920929,e4p__mosaic-close0__s0
98,model.10,0.0282985921949148,0.6292709112167358,0.3460409343242645,0.0003149509429931,1.0,0.2978124916553497,e4p__mosaic-close0__s0
99,model.10,0.0283889584243297,0.6569212079048157,0.330542504787445,0.0035247802734375,1.0,0.2628124952316284,e4p__mosaic-close0__s0
100,model.10,0.0283889584243297,0.6569212079048157,0.330542504787445,0.0035247802734375,1.0,0.2628124952316284,e4p__mosaic-close0__s0
0,model.10,-0.000759711896535,0.503551185131073,0.0731944739818573,0.215576171875,0.7021484375,0.0,e4p__mosaic-close50__s0
1,model.10,0.0002364430401939,0.5332337617874146,0.2221399247646331,0.0096359252929687,0.9912109375,0.0049999998882412,e4p__mosaic-close50__s0
2,model.10,-0.0001990063901757,0.5413684248924255,0.2395761907100677,0.0082168579101562,0.98779296875,0.0059374999254941,e4p__mosaic-close50__s0
3,model.10,0.0010487436084076,0.5527588725090027,0.2594999670982361,0.0034427642822265,0.9970703125,0.0234375,e4p__mosaic-close50__s0
4,model.10,-0.0047203148715198,0.5904749631881714,0.2840597927570343,0.0001488924026489,0.998046875,0.0668749958276748,e4p__mosaic-close50__s0
5,model.10,-0.0010331319645047,0.6534937620162964,0.3137984871864319,7.152557373046875e-06,1.0,0.1278124898672104,e4p__mosaic-close50__s0
6,model.10,0.0004793931148014,0.664450466632843,0.2855075597763061,1.5914440155029297e-05,0.9990234375,0.1274999976158142,e4p__mosaic-close50__s0
7,model.10,-0.0014750788686797,0.6535860896110535,0.3047547936439514,0.0001713037490844,0.99951171875,0.1418749988079071,e4p__mosaic-close50__s0
8,model.10,0.0017285918584093,0.6749646067619324,0.2858326435089111,2.211332321166992e-05,0.99853515625,0.1034374982118606,e4p__mosaic-close50__s0
9,model.10,0.0004834435821976,0.67554771900177,0.2917707562446594,0.0002131462097167,0.99951171875,0.1334374994039535,e4p__mosaic-close50__s0
10,model.10,-0.0006690333248116,0.6648628115653992,0.2898021340370178,0.0007977485656738,1.0,0.1375000029802322,e4p__mosaic-close50__s0
11,model.10,-8.582400914747268e-05,0.6770036220550537,0.2825285196304321,0.0014610290527343,1.0,0.1009375005960464,e4p__mosaic-close50__s0
12,model.10,0.0020487939473241,0.6756852865219116,0.2794202268123626,0.0022258758544921,1.0,0.1031249985098838,e4p__mosaic-close50__s0
13,model.10,0.0006337169907055,0.6834429502487183,0.2820305228233337,0.0002715587615966,1.0,0.1178124994039535,e4p__mosaic-close50__s0
14,model.10,0.0002044564753305,0.670429527759552,0.2806043922901153,0.0002378225326538,1.0,0.1309375017881393,e4p__mosaic-close50__s0
15,model.10,-0.0019282948924228,0.6844039559364319,0.282080739736557,0.0003612041473388,1.0,0.1253124922513961,e4p__mosaic-close50__s0
16,model.10,-0.0003789212496485,0.6841371059417725,0.2787992656230926,4.649162292480469e-05,1.0,0.1106249988079071,e4p__mosaic-close50__s0
17,model.10,0.0006990153342485,0.6942574977874756,0.289381593465805,4.613399505615234e-05,1.0,0.1478125005960464,e4p__mosaic-close50__s0
18,model.10,0.0032566646113991,0.6781207323074341,0.271914005279541,1.5437602996826172e-05,1.0,0.1503124982118606,e4p__mosaic-close50__s0
19,model.10,-0.0014405230758711,0.6968029737472534,0.2595243453979492,0.00038743019104,0.99951171875,0.1203124970197677,e4p__mosaic-close50__s0
20,model.10,0.0007477643084712,0.6932117342948914,0.2793404459953308,6.020069122314453e-06,1.0,0.1449999958276748,e4p__mosaic-close50__s0
21,model.10,0.0018637109315022,0.6849892139434814,0.3091751933097839,2.6702880859375e-05,1.0,0.2012500017881393,e4p__mosaic-close50__s0
22,model.10,-0.0028503292705863,0.674254298210144,0.3241999447345733,1.8775463104248047e-05,1.0,0.2359374910593032,e4p__mosaic-close50__s0
23,model.10,0.0053997072391211,0.695503830909729,0.2723554372787475,2.1457672119140625e-06,1.0,0.1978124976158142,e4p__mosaic-close50__s0
24,model.10,-0.001146808033809,0.7475671172142029,0.2487299144268036,3.814697265625e-06,1.0,0.2431249916553497,e4p__mosaic-close50__s0
25,model.10,0.0027072362136095,0.734781801700592,0.2859802842140198,2.568960189819336e-05,1.0,0.2443749904632568,e4p__mosaic-close50__s0
26,model.10,0.0013106151018291,0.7129029035568237,0.2956636548042297,0.0002082586288452,1.0,0.2578125,e4p__mosaic-close50__s0
27,model.10,0.0005924062570556,0.7113009691238403,0.2724289894104004,1.710653305053711e-05,1.0,0.2687499821186065,e4p__mosaic-close50__s0
28,model.10,0.0039025305304676,0.7252862453460693,0.2461492717266082,1.156330108642578e-05,1.0,0.270312488079071,e4p__mosaic-close50__s0
29,model.10,0.0003259039949625,0.7398495078086853,0.2856111228466034,7.367134094238281e-05,1.0,0.2537499964237213,e4p__mosaic-close50__s0
30,model.10,-0.0004557498032227,0.7305561900138855,0.2946717739105224,0.0009889602661132,1.0,0.2725000083446502,e4p__mosaic-close50__s0
31,model.10,0.0002855302591342,0.738032341003418,0.2764731049537658,0.0006141662597656,1.0,0.25,e4p__mosaic-close50__s0
32,model.10,0.0005690915277227,0.7342546582221985,0.2605040669441223,0.0005593299865722,1.0,0.2393749952316284,e4p__mosaic-close50__s0
33,model.10,0.0011418936774134,0.7279781699180603,0.2700159847736358,0.0012397766113281,1.0,0.2593750059604645,e4p__mosaic-close50__s0
34,model.10,-0.0010425356449559,0.7448095679283142,0.2792921364307403,0.0005569458007812,1.0,0.2587499916553497,e4p__mosaic-close50__s0
35,model.10,0.003986622672528,0.7309067845344543,0.2699003219604492,0.0013046264648437,1.0,0.2584374845027923,e4p__mosaic-close50__s0
36,model.10,0.0004770909145008,0.7313584089279175,0.2618039846420288,0.000303030014038,1.0,0.2834374904632568,e4p__mosaic-close50__s0
37,model.10,-0.0006086482317186,0.7323142290115356,0.2792843580245971,0.0008425712585449,1.0,0.2631250023841858,e4p__mosaic-close50__s0
38,model.10,0.0025587235577404,0.7535668611526489,0.2479078322649002,0.0005569458007812,1.0,0.2890625,e4p__mosaic-close50__s0
39,model.10,-0.0002931459748651,0.7422953844070435,0.2721973657608032,7.599592208862305e-05,1.0,0.2712499797344208,e4p__mosaic-close50__s0
40,model.10,-0.0016545050311833,0.745691180229187,0.2725229263305664,0.0001596212387084,1.0,0.2615624964237213,e4p__mosaic-close50__s0
41,model.10,0.0008827677811495,0.7459688186645508,0.2779726386070251,0.0001355409622192,1.0,0.2359374910593032,e4p__mosaic-close50__s0
42,model.10,0.0007818870362825,0.738525390625,0.2707775831222534,0.0011472702026367,1.0,0.2765624821186065,e4p__mosaic-close50__s0
43,model.10,0.0008194257388822,0.7607713341712952,0.2527728676795959,0.0003919601440429,1.0,0.2715624868869781,e4p__mosaic-close50__s0
44,model.10,0.0026046868879348,0.7787618041038513,0.227356418967247,0.0016746520996093,1.0,0.2318749874830246,e4p__mosaic-close50__s0
45,model.10,0.0007402201299555,0.7655056118965149,0.2445669025182724,0.004486083984375,1.0,0.2671875059604645,e4p__mosaic-close50__s0
46,model.10,0.0042029842734336,0.7536503672599792,0.2843553721904754,0.0006666183471679,1.0,0.2946874797344208,e4p__mosaic-close50__s0
47,model.10,0.0039220117032527,0.7504671216011047,0.2998872995376587,3.5643577575683594e-05,1.0,0.3046875,e4p__mosaic-close50__s0
48,model.10,0.0034180216025561,0.7584291696548462,0.2596966028213501,4.649162292480469e-05,1.0,0.3243750035762787,e4p__mosaic-close50__s0
49,model.10,0.0041358890011906,0.7592617869377136,0.2865588665008545,0.000295877456665,1.0,0.3234374821186065,e4p__mosaic-close50__s0
50,model.10,0.0047706761397421,0.7743443250656128,0.2705265879631042,0.00469970703125,1.0,0.3178125023841858,e4p__mosaic-close50__s0
51,model.10,0.0073833158239722,0.7571519017219543,0.2772433459758758,0.0010442733764648,1.0,0.3196874856948852,e4p__mosaic-close50__s0
52,model.10,0.0043911570683121,0.7517520189285278,0.2726296186447143,0.000889778137207,1.0,0.3621875047683716,e4p__mosaic-close50__s0
53,model.10,0.0022280465345829,0.7567052245140076,0.292823851108551,0.0004189014434814,1.0,0.3540624976158142,e4p__mosaic-close50__s0
54,model.10,0.0016526012914255,0.7904077172279358,0.2302682697772979,3.594160079956055e-05,1.0,0.3553124964237213,e4p__mosaic-close50__s0
55,model.10,0.0024613023269921,0.7545132040977478,0.2639825940132141,0.0001910924911499,1.0,0.3671875,e4p__mosaic-close50__s0
56,model.10,0.0031396751292049,0.7613305449485779,0.2928512692451477,0.0001780986785888,1.0,0.3606249988079071,e4p__mosaic-close50__s0
57,model.10,0.0019152355380356,0.765995442867279,0.2550157010555267,0.000106394290924,1.0,0.3521874845027923,e4p__mosaic-close50__s0
58,model.10,0.0029328761156648,0.7505500912666321,0.2945083379745483,3.75509262084961e-06,1.0,0.3218750059604645,e4p__mosaic-close50__s0
59,model.10,0.0035026140976697,0.7682963609695435,0.2798108756542206,0.0002233982086181,1.0,0.3353124856948852,e4p__mosaic-close50__s0
60,model.10,0.0023206253536045,0.766690194606781,0.2557188868522644,5.435943603515625e-05,1.0,0.3715624809265136,e4p__mosaic-close50__s0
61,model.10,0.0033055276144295,0.7767776250839233,0.2671899497509002,0.0019121170043945,1.0,0.359375,e4p__mosaic-close50__s0
62,model.10,0.0034104206133633,0.7585358023643494,0.29338139295578,5.4776668548583984e-05,1.0,0.3612499833106994,e4p__mosaic-close50__s0
63,model.10,0.0028231546748429,0.7722585797309875,0.2718967795372009,0.0010814666748046,1.0,0.3706249892711639,e4p__mosaic-close50__s0
64,model.10,0.0016613121842965,0.7666417360305786,0.2515316307544708,3.933906555175781e-06,1.0,0.3784374892711639,e4p__mosaic-close50__s0
65,model.10,0.0024705114774405,0.7533803582191467,0.2843539416790008,2.390146255493164e-05,1.0,0.375,e4p__mosaic-close50__s0
66,model.10,0.0034036303404718,0.7719398140907288,0.2349991798400879,0.0002305507659912,1.0,0.3643749952316284,e4p__mosaic-close50__s0
67,model.10,0.0039629754610359,0.7766356468200684,0.2680808901786804,0.0005617141723632,1.0,0.3043749928474426,e4p__mosaic-close50__s0
68,model.10,0.003680748399347,0.7853388786315918,0.2486406862735748,0.0002378225326538,1.0,0.3684374988079071,e4p__mosaic-close50__s0
69,model.10,0.0032478896901011,0.7594606876373291,0.2709594368934631,0.001591682434082,1.0,0.3446874916553497,e4p__mosaic-close50__s0
70,model.10,0.0046042329631745,0.7429633736610413,0.2578731179237366,0.0003225803375244,1.0,0.2990624904632568,e4p__mosaic-close50__s0
71,model.10,0.0059009287506341,0.7488332390785217,0.2722608745098114,0.0007495880126953,1.0,0.3771874904632568,e4p__mosaic-close50__s0
72,model.10,0.0064830686897039,0.7341685891151428,0.2508771419525146,0.0004711151123046,1.0,0.3615624904632568,e4p__mosaic-close50__s0
73,model.10,0.0053147808648645,0.7440226674079895,0.2611570954322815,0.0010604858398437,1.0,0.3071874976158142,e4p__mosaic-close50__s0
74,model.10,0.0062133581377565,0.7535634636878967,0.259248286485672,5.877017974853516e-05,1.0,0.3125,e4p__mosaic-close50__s0
75,model.10,0.007151321042329,0.7525843381881714,0.264775812625885,0.0002359151840209,1.0,0.3690624833106994,e4p__mosaic-close50__s0
76,model.10,0.006843495182693,0.763042151927948,0.2772493958473205,0.0006213188171386,1.0,0.3574999868869781,e4p__mosaic-close50__s0
77,model.10,0.0067875036038458,0.7420104742050171,0.2772414088249206,6.502866744995117e-05,1.0,0.348437488079071,e4p__mosaic-close50__s0
78,model.10,0.0084028895944356,0.7582883834838867,0.2752082347869873,0.0001881122589111,1.0,0.3412500023841858,e4p__mosaic-close50__s0
79,model.10,0.0086412020027637,0.7289729118347168,0.2651840448379516,0.0003514289855957,1.0,0.3206250071525574,e4p__mosaic-close50__s0
80,model.10,0.0095998458564281,0.7525059580802917,0.2821636199951172,0.0023784637451171,1.0,0.3143749833106994,e4p__mosaic-close50__s0
81,model.10,0.0096086869016289,0.7265508770942688,0.2849490940570831,3.170967102050781e-05,1.0,0.3693749904632568,e4p__mosaic-close50__s0
82,model.10,0.0103312386199831,0.7312396764755249,0.2688776850700378,0.0014781951904296,1.0,0.3368749916553497,e4p__mosaic-close50__s0
83,model.10,0.0095466673374176,0.7567690014839172,0.2626310884952545,0.0050811767578125,1.0,0.3387500047683716,e4p__mosaic-close50__s0
84,model.10,0.0106275314465165,0.7490139603614807,0.2853071391582489,0.0002591609954833,1.0,0.324999988079071,e4p__mosaic-close50__s0
85,model.10,0.0121423406526446,0.7594122886657715,0.2742639780044555,0.0001584291458129,1.0,0.3415624797344208,e4p__mosaic-close50__s0
86,model.10,0.0123437093570828,0.7416679263114929,0.3032595515251159,0.0031719207763671,1.0,0.3549999892711639,e4p__mosaic-close50__s0
87,model.10,0.0129677401855587,0.7302805781364441,0.275576651096344,0.0069847106933593,1.0,0.3109374940395355,e4p__mosaic-close50__s0
88,model.10,0.0139059005305171,0.7330978512763977,0.2735121250152588,0.0051803588867187,1.0,0.3090624809265136,e4p__mosaic-close50__s0
89,model.10,0.0138050578534603,0.7254566550254822,0.2865599989891052,0.0034027099609375,1.0,0.3390624821186065,e4p__mosaic-close50__s0
90,model.10,0.013901388272643,0.7704808712005615,0.2693054378032684,0.004180908203125,1.0,0.3362500071525574,e4p__mosaic-close50__s0
91,model.10,0.0148896360769867,0.7398859262466431,0.2873449623584747,0.0129241943359375,1.0,0.3206250071525574,e4p__mosaic-close50__s0
92,model.10,0.0148422876372933,0.7418097257614136,0.2856991291046142,0.0179901123046875,1.0,0.3218750059604645,e4p__mosaic-close50__s0
93,model.10,0.0156622417271137,0.7419613003730774,0.2757180631160736,0.0130691528320312,1.0,0.301562488079071,e4p__mosaic-close50__s0
94,model.10,0.016301741823554,0.7522879838943481,0.2737252116203308,0.0282745361328125,1.0,0.3449999988079071,e4p__mosaic-close50__s0
95,model.10,0.016662660986185,0.7384312748908997,0.2813774943351745,0.0066413879394531,1.0,0.3243750035762787,e4p__mosaic-close50__s0
96,model.10,0.0172657407820224,0.7416524887084961,0.266641229391098,0.0165252685546875,1.0,0.3309375047683716,e4p__mosaic-close50__s0
97,model.10,0.0171594489365816,0.7669351696968079,0.2723507881164551,0.0049629211425781,1.0,0.3621875047683716,e4p__mosaic-close50__s0
98,model.10,0.0173400864005088,0.7646193504333496,0.2685897350311279,0.0022602081298828,1.0,0.3434374928474426,e4p__mosaic-close50__s0
99,model.10,0.0171139240264892,0.7454519271850586,0.2383899688720703,0.004486083984375,1.0,0.3456249833106994,e4p__mosaic-close50__s0
100,model.10,0.0171139240264892,0.7454519271850586,0.2383899688720703,0.004486083984375,1.0,0.3456249833106994,e4p__mosaic-close50__s0
0,model.10,0.0024659722112119,0.5019969344139099,0.0903150737285614,0.19580078125,0.82568359375,0.0,e5p__postsppf-ep40__s0
1,model.10,0.0022202485706657,0.5482746958732605,0.2045224606990814,0.0280609130859375,0.99755859375,0.0046874997206032,e5p__postsppf-ep40__s0
2,model.10,-0.001893549808301,0.5469910502433777,0.2211620360612869,0.0070114135742187,0.98828125,0.0043750000186264,e5p__postsppf-ep40__s0
3,model.10,-0.0010142243700101,0.5651983618736267,0.2633662819862366,0.0044517517089843,0.99853515625,0.0365624986588954,e5p__postsppf-ep40__s0
4,model.10,0.002406837651506,0.5732536315917969,0.261612594127655,0.0017271041870117,1.0,0.0656249970197677,e5p__postsppf-ep40__s0
5,model.10,-0.00150516431313,0.6013739109039307,0.2782681882381439,0.0004618167877197,0.99951171875,0.0671874955296516,e5p__postsppf-ep40__s0
6,model.10,0.0011875983327627,0.6021110415458679,0.2921293079853058,0.0003800392150878,0.99853515625,0.0728124976158142,e5p__postsppf-ep40__s0
7,model.10,-0.0012447824701666,0.6164939999580383,0.2794551253318786,0.0012693405151367,0.99853515625,0.0737499967217445,e5p__postsppf-ep40__s0
8,model.10,0.0026711046230047,0.6228203177452087,0.2893180549144745,0.0003514289855957,0.99951171875,0.1128124967217445,e5p__postsppf-ep40__s0
9,model.10,0.0018677212065085,0.6198906898498535,0.2832282483577728,0.000251293182373,1.0,0.0990624949336052,e5p__postsppf-ep40__s0
10,model.10,-0.0016687749885022,0.6345202922821045,0.2675143778324127,0.0004746913909912,1.0,0.1096874997019767,e5p__postsppf-ep40__s0
11,model.10,0.0017029017908498,0.6464756727218628,0.2711718678474426,1.132488250732422e-05,0.99951171875,0.0943749994039535,e5p__postsppf-ep40__s0
12,model.10,-0.0011163552990183,0.6430290937423706,0.2786530554294586,0.0031967163085937,1.0,0.0893749967217445,e5p__postsppf-ep40__s0
13,model.10,0.0014796637697145,0.6544215083122253,0.2676344513893127,0.0002359151840209,1.0,0.0856250002980232,e5p__postsppf-ep40__s0
14,model.10,0.0003038664581254,0.6400694847106934,0.302891343832016,0.0004529953002929,1.0,0.0931250005960464,e5p__postsppf-ep40__s0
15,model.10,-0.0014344950905069,0.6260693073272705,0.2703510522842407,0.0006694793701171,1.0,0.1462499946355819,e5p__postsppf-ep40__s0
16,model.10,-0.0016375085106119,0.6513574123382568,0.2799865305423736,0.0002846717834472,0.99951171875,0.1253124922513961,e5p__postsppf-ep40__s0
17,model.10,-0.0001378927845507,0.683165967464447,0.262946605682373,0.0013990402221679,1.0,0.105624996125698,e5p__postsppf-ep40__s0
18,model.10,0.0042303968220949,0.6845043897628784,0.2447564899921417,0.0005884170532226,1.0,0.1465625017881393,e5p__postsppf-ep40__s0
19,model.10,-0.0001326362107647,0.6928678750991821,0.2640284895896911,0.0004158020019531,1.0,0.1359374970197677,e5p__postsppf-ep40__s0
20,model.10,-0.0007213411736302,0.7039275765419006,0.2739945948123932,5.269050598144531e-05,1.0,0.1481249928474426,e5p__postsppf-ep40__s0
21,model.10,0.0007447583484463,0.7081651091575623,0.2513026297092438,0.000467300415039,1.0,0.1321875005960464,e5p__postsppf-ep40__s0
22,model.10,0.0015123561024665,0.7057633996009827,0.2515238523483276,0.0023326873779296,1.0,0.1278124898672104,e5p__postsppf-ep40__s0
23,model.10,-0.0010098613565787,0.7134068012237549,0.2502070665359497,0.0036640167236328,1.0,0.1265624910593032,e5p__postsppf-ep40__s0
24,model.10,0.0012381651904433,0.7082162499427795,0.2550953030586242,0.0024528503417968,1.0,0.1503124982118606,e5p__postsppf-ep40__s0
25,model.10,0.000729956314899,0.705937922000885,0.241270512342453,0.0018386840820312,1.0,0.1393750011920929,e5p__postsppf-ep40__s0
26,model.10,-0.0015475291293114,0.7095531225204468,0.2563903927803039,0.011505126953125,1.0,0.1165625005960464,e5p__postsppf-ep40__s0
27,model.10,-0.0010999138467013,0.7048492431640625,0.2399363666772842,0.0024623870849609,1.0,0.1453125029802322,e5p__postsppf-ep40__s0
28,model.10,-0.0010390799725428,0.7231924533843994,0.2312442064285278,0.001169204711914,1.0,0.1428124904632568,e5p__postsppf-ep40__s0
29,model.10,0.000918109959457,0.7279142737388611,0.2193827331066131,0.0042648315429687,1.0,0.1584374904632568,e5p__postsppf-ep40__s0
30,model.10,0.0017671679379418,0.7327638864517212,0.235866367816925,0.0018386840820312,1.0,0.1196874976158142,e5p__postsppf-ep40__s0
31,model.10,0.0007808455848135,0.7297213673591614,0.2542383074760437,0.0039291381835937,1.0,0.1140624955296516,e5p__postsppf-ep40__s0
32,model.10,-0.0003383346484042,0.7301393151283264,0.231955200433731,0.0039443969726562,1.0,0.1393750011920929,e5p__postsppf-ep40__s0
33,model.10,-0.0002326819230802,0.7156009674072266,0.2215650677680969,0.0014781951904296,1.0,0.1696874946355819,e5p__postsppf-ep40__s0
34,model.10,-0.0002707693492993,0.7212821245193481,0.2323297262191772,0.0012493133544921,1.0,0.1734374910593032,e5p__postsppf-ep40__s0
35,model.10,-0.0004696892574429,0.7237020134925842,0.2440730780363083,0.0050811767578125,1.0,0.1565624922513961,e5p__postsppf-ep40__s0
36,model.10,-0.0005740881897509,0.7364324927330017,0.227091372013092,0.0001753568649291,1.0,0.1706250011920929,e5p__postsppf-ep40__s0
37,model.10,-0.0005326793179847,0.721796989440918,0.2476469874382019,0.0016813278198242,1.0,0.1365624964237213,e5p__postsppf-ep40__s0
38,model.10,-0.0005474821082316,0.7270007729530334,0.2592178881168365,0.0113296508789062,1.0,0.1284375041723251,e5p__postsppf-ep40__s0
39,model.10,-0.0004598685191012,0.7234678268432617,0.259850412607193,0.0065650939941406,1.0,0.1371874958276748,e5p__postsppf-ep40__s0
40,model.10,-0.0004598685191012,0.7234678268432617,0.259850412607193,0.0065650939941406,1.0,0.1371874958276748,e5p__postsppf-ep40__s0
0,model.10,-0.0005776562029495,0.5034329295158386,0.0855574607849121,0.1795654296875,0.7587890625,0.0,e5p__postsppf-ep60__s0
1,model.10,-0.0059478296898305,0.4941834807395935,0.1769563853740692,0.0113296508789062,0.96240234375,0.0018749999580904,e5p__postsppf-ep60__s0
2,model.10,0.0036819796077907,0.5501273274421692,0.2593560218811035,9.608268737792967e-05,0.99658203125,0.0634374991059303,e5p__postsppf-ep60__s0
3,model.10,-0.0020240896847099,0.5633646845817566,0.2455886602401733,0.0009255409240722,0.9990234375,0.0324999988079071,e5p__postsppf-ep60__s0
4,model.10,0.0016025949735194,0.579224169254303,0.2503635287284851,0.0002937316894531,0.99755859375,0.0337499976158142,e5p__postsppf-ep60__s0
5,model.10,0.0029005997348576,0.5867559909820557,0.2889561951160431,7.659196853637695e-05,0.998046875,0.0618749968707561,e5p__postsppf-ep60__s0
6,model.10,0.0008765450329519,0.5933599472045898,0.2983672022819519,2.819299697875977e-05,0.998046875,0.0843750014901161,e5p__postsppf-ep60__s0
7,model.10,-8.529997285222635e-05,0.6015200614929199,0.2986622452735901,7.390975952148437e-06,0.99853515625,0.0912499949336052,e5p__postsppf-ep60__s0
8,model.10,-0.0003477289283182,0.6040762066841125,0.2916648089885711,4.13060188293457e-05,0.99951171875,0.1003125011920929,e5p__postsppf-ep60__s0
9,model.10,0.002851199125871,0.6008169651031494,0.3041122257709503,9.316205978393556e-05,0.998046875,0.078125,e5p__postsppf-ep60__s0
10,model.10,0.0018140394240617,0.6265182495117188,0.2840755879878998,6.812810897827148e-05,0.99951171875,0.1418749988079071,e5p__postsppf-ep60__s0
11,model.10,5.8097295550396666e-05,0.6395018696784973,0.302855908870697,3.737211227416992e-05,1.0,0.1268749982118606,e5p__postsppf-ep60__s0
12,model.10,-0.0005841638194397,0.6435421705245972,0.2993803024291992,1.4185905456542969e-05,1.0,0.1334374994039535,e5p__postsppf-ep60__s0
13,model.10,-5.886009603273124e-05,0.6341983079910278,0.305663913488388,0.0006933212280273,0.99951171875,0.1146874949336052,e5p__postsppf-ep60__s0
14,model.10,0.0019421409815549,0.6576051115989685,0.3087854385375976,8.463859558105469e-06,0.99951171875,0.1262499988079071,e5p__postsppf-ep60__s0
15,model.10,0.002580760512501,0.6464666724205017,0.3177407681941986,0.0003542900085449,1.0,0.1499999910593032,e5p__postsppf-ep60__s0
16,model.10,0.0026208232156932,0.6764395833015442,0.3063599467277527,6.657838821411133e-05,1.0,0.1774999946355819,e5p__postsppf-ep60__s0
17,model.10,0.0017635201802477,0.6815720200538635,0.2933737635612488,0.0005335807800292,1.0,0.1628125011920929,e5p__postsppf-ep60__s0
18,model.10,-0.0019343845779076,0.6841253638267517,0.2693361639976501,0.0001753568649291,1.0,0.1659374982118606,e5p__postsppf-ep60__s0
19,model.10,0.0014959929976612,0.7045577168464661,0.283081591129303,1.2695789337158205e-05,0.99951171875,0.1234374940395355,e5p__postsppf-ep60__s0
20,model.10,0.0017603851156309,0.6996963620185852,0.291724145412445,0.00042724609375,1.0,0.1674999892711639,e5p__postsppf-ep60__s0
21,model.10,-0.0002956331591121,0.6995975375175476,0.2879486083984375,7.903575897216797e-05,1.0,0.1749999970197677,e5p__postsppf-ep60__s0
22,model.10,0.0030817524529993,0.678237795829773,0.3087805211544037,0.000123381614685,1.0,0.163124993443489,e5p__postsppf-ep60__s0
23,model.10,0.0030251666903495,0.6771515607833862,0.3227282166481018,6.35385513305664e-05,1.0,0.1956249922513961,e5p__postsppf-ep60__s0
24,model.10,0.0029393171425908,0.6855785846710205,0.2937463223934173,0.0002082586288452,1.0,0.1615625023841858,e5p__postsppf-ep60__s0
25,model.10,0.0028298406396061,0.6852178573608398,0.3173853456974029,3.427267074584961e-05,1.0,0.1946875005960464,e5p__postsppf-ep60__s0
26,model.10,0.0030904768500477,0.683364748954773,0.3091995120048523,0.0002672672271728,1.0,0.2046874910593032,e5p__postsppf-ep60__s0
27,model.10,0.0026104790158569,0.6944847106933594,0.2938809990882873,7.724761962890625e-05,1.0,0.1384374946355819,e5p__postsppf-ep60__s0
28,model.10,0.0035830349661409,0.6971049308776855,0.28410205245018,5.4776668548583984e-05,1.0,0.2128124982118606,e5p__postsppf-ep60__s0
29,model.10,0.0027988490182906,0.6846572756767273,0.2978478968143463,0.0003697872161865,1.0,0.2015624940395355,e5p__postsppf-ep60__s0
30,model.10,0.0035820184275507,0.6870397925376892,0.2802000045776367,0.0001031160354614,1.0,0.2271874994039535,e5p__postsppf-ep60__s0
31,model.10,0.0032894618343561,0.679664134979248,0.3123711943626404,0.0001910924911499,1.0,0.1987499892711639,e5p__postsppf-ep60__s0
32,model.10,0.0027567115612328,0.6884199976921082,0.280727207660675,0.0013561248779296,1.0,0.2184374928474426,e5p__postsppf-ep60__s0
33,model.10,0.0052573368884623,0.6886448264122009,0.3113887310028076,1.233816146850586e-05,1.0,0.2378124892711639,e5p__postsppf-ep60__s0
34,model.10,0.0039727929979562,0.6565601229667664,0.3404455780982971,2.110004425048828e-05,1.0,0.2899999916553497,e5p__postsppf-ep60__s0
35,model.10,0.0073410435579717,0.6843967437744141,0.3209224045276642,3.9458274841308594e-05,1.0,0.246874988079071,e5p__postsppf-ep60__s0
36,model.10,0.0067104971967637,0.6846948862075806,0.3283030688762665,7.086992263793945e-05,1.0,0.2478124946355819,e5p__postsppf-ep60__s0
37,model.10,0.0030730976723134,0.6994361877441406,0.3142812848091125,3.75509262084961e-06,1.0,0.3065624833106994,e5p__postsppf-ep60__s0
38,model.10,0.0058195325545966,0.6674167513847351,0.3130840361118316,4.887580871582031e-06,1.0,0.3096874952316284,e5p__postsppf-ep60__s0
39,model.10,0.0064370152540504,0.6810845732688904,0.3064873218536377,5.4776668548583984e-05,1.0,0.2865625023841858,e5p__postsppf-ep60__s0
40,model.10,0.0060021788813173,0.703030526638031,0.3104389905929565,0.0002341270446777,1.0,0.2696875035762787,e5p__postsppf-ep60__s0
41,model.10,0.0064907190389931,0.6895970106124878,0.3224491477012634,0.0003447532653808,1.0,0.2553125023841858,e5p__postsppf-ep60__s0
42,model.10,0.0068713203072547,0.6987122893333435,0.3192271590232849,5.3048133850097656e-05,1.0,0.2849999964237213,e5p__postsppf-ep60__s0
43,model.10,0.00722779892385,0.6496246457099915,0.3149892091751098,2.819299697875977e-05,1.0,0.249062493443489,e5p__postsppf-ep60__s0
44,model.10,0.006705573759973,0.686726987361908,0.3056740462779999,0.0001910924911499,1.0,0.3187499940395355,e5p__postsppf-ep60__s0
45,model.10,0.0094788912683725,0.6816046237945557,0.3043901324272156,0.0004458427429199,1.0,0.2837499976158142,e5p__postsppf-ep60__s0
46,model.10,0.0104663493111729,0.6430831551551819,0.3468338251113891,0.0001559257507324,1.0,0.3012499809265136,e5p__postsppf-ep60__s0
47,model.10,0.0097022727131843,0.658227801322937,0.3285466432571411,0.0001559257507324,1.0,0.3231250047683716,e5p__postsppf-ep60__s0
48,model.10,0.0108173228800296,0.6797276139259338,0.331800252199173,0.0001881122589111,1.0,0.2928124964237213,e5p__postsppf-ep60__s0
49,model.10,0.0116046415641903,0.6369249820709229,0.3289050459861755,0.0011968612670898,1.0,0.2934374809265136,e5p__postsppf-ep60__s0
50,model.10,0.0117751210927963,0.658696711063385,0.3080711960792541,0.0001323223114013,1.0,0.2924999892711639,e5p__postsppf-ep60__s0
51,model.10,0.0126180769875645,0.6301583051681519,0.3279944062232971,0.0002937316894531,1.0,0.2693749964237213,e5p__postsppf-ep60__s0
52,model.10,0.0135422404855489,0.6465651392936707,0.3397822976112366,0.0005073547363281,1.0,0.3018749952316284,e5p__postsppf-ep60__s0
53,model.10,0.014443926513195,0.654363751411438,0.3504242897033691,6.252527236938477e-05,1.0,0.3149999976158142,e5p__postsppf-ep60__s0
54,model.10,0.0147605696693062,0.6868656277656555,0.319452166557312,0.0001022815704345,1.0,0.2750000059604645,e5p__postsppf-ep60__s0
55,model.10,0.015541024506092,0.6611975431442261,0.3012563288211822,0.0022869110107421,1.0,0.2418749928474426,e5p__postsppf-ep60__s0
56,model.10,0.0159175992012023,0.6343559622764587,0.3466722369194031,0.0009145736694335,1.0,0.262499988079071,e5p__postsppf-ep60__s0
57,model.10,0.0163661651313304,0.6438076496124268,0.3031801283359527,0.0005273818969726,1.0,0.2903124988079071,e5p__postsppf-ep60__s0
58,model.10,0.0164645556360483,0.6513132452964783,0.3314316570758819,0.0003528594970703,1.0,0.246874988079071,e5p__postsppf-ep60__s0
59,model.10,0.0167165379971265,0.6543236374855042,0.328178197145462,0.0004546642303466,1.0,0.2874999940395355,e5p__postsppf-ep60__s0
60,model.10,0.0167165379971265,0.6543236374855042,0.328178197145462,0.0004546642303466,1.0,0.2874999940395355,e5p__postsppf-ep60__s0
0,model.10,-0.0017672234680503,0.5453897714614868,0.0694116652011871,0.30615234375,0.86474609375,0.0,e6p__lam-1e-4__s1
1,model.10,-0.0037243997212499,0.5304312109947205,0.1515494436025619,0.148681640625,0.9931640625,0.0034374999813735,e6p__lam-1e-4__s1
2,model.10,0.0007740330765955,0.5599411129951477,0.2627214789390564,0.0001333951950073,0.99755859375,0.0231250002980232,e6p__lam-1e-4__s1
3,model.10,-0.0012532245600596,0.5724969506263733,0.2755106687545776,0.001896858215332,0.99072265625,0.0149999996647238,e6p__lam-1e-4__s1
4,model.10,0.0013127741403877,0.6095405220985413,0.2431681603193283,0.0017271041870117,0.99658203125,0.0218749996274709,e6p__lam-1e-4__s1
5,model.10,-2.481350020389073e-05,0.6212761998176575,0.2468854933977127,0.0004205703735351,0.9951171875,0.0393749997019767,e6p__lam-1e-4__s1
6,model.10,0.0018492067465558,0.6372225284576416,0.2137849330902099,0.0026206970214843,0.994140625,0.0115625001490116,e6p__lam-1e-4__s1
7,model.10,0.0011197762796655,0.6447358727455139,0.2046364545822143,0.0110702514648437,0.9990234375,0.014687499962747,e6p__lam-1e-4__s1
8,model.10,-0.0003462305176071,0.6626415252685547,0.176080122590065,0.0119171142578125,0.99853515625,0.0087500000372529,e6p__lam-1e-4__s1
9,model.10,-0.0006703656399622,0.6860891580581665,0.1561225056648254,0.09075927734375,0.9814453125,0.000312499993015,e6p__lam-1e-4__s1
10,model.10,0.002030024304986,0.6868308186531067,0.1580360978841781,0.0089492797851562,0.99267578125,0.0056249997578561,e6p__lam-1e-4__s1
11,model.10,-0.0021263670641928,0.7002954483032227,0.1958802044391632,0.0010042190551757,0.98974609375,0.0071874996647238,e6p__lam-1e-4__s1
12,model.10,0.0019124811515212,0.7289382815361023,0.1751026213169098,0.0057754516601562,0.98974609375,0.0112499995157122,e6p__lam-1e-4__s1
13,model.10,-0.0010682062711566,0.7488488554954529,0.1276689767837524,0.047088623046875,0.98583984375,0.0012499999720603,e6p__lam-1e-4__s1
14,model.10,0.001069672522135,0.7571077346801758,0.1443631649017334,0.0236968994140625,0.990234375,0.002812499878928,e6p__lam-1e-4__s1
15,model.10,0.0009974343702197,0.7613714337348938,0.1436785161495208,0.03662109375,0.99365234375,0.0084374994039535,e6p__lam-1e-4__s1
16,model.10,-0.0007853102288208,0.7766280174255371,0.1324634104967117,0.026153564453125,0.98974609375,0.0049999998882412,e6p__lam-1e-4__s1
17,model.10,0.0012900944566354,0.7967759370803833,0.1130883395671844,0.09368896484375,0.99755859375,0.0121874995529651,e6p__lam-1e-4__s1
18,model.10,-0.0002969947527162,0.8197236657142639,0.1217418015003204,0.10577392578125,0.99365234375,0.0137499999254941,e6p__lam-1e-4__s1
19,model.10,0.0013505223905667,0.830128014087677,0.1061912178993225,0.12347412109375,0.99755859375,0.0168749988079071,e6p__lam-1e-4__s1
20,model.10,0.0002049247559625,0.85202956199646,0.1057586073875427,0.034942626953125,0.998046875,0.0287499986588954,e6p__lam-1e-4__s1
21,model.10,0.0014756247401237,0.8662576079368591,0.0818773657083511,0.12890625,0.99853515625,0.042187500745058,e6p__lam-1e-4__s1
22,model.10,-0.0016364427283406,0.8793006539344788,0.0850937068462371,0.07489013671875,0.99609375,0.0374999977648258,e6p__lam-1e-4__s1
23,model.10,-0.0007926216349005,0.867280125617981,0.1461216062307357,0.0147857666015625,0.99853515625,0.1084375008940696,e6p__lam-1e-4__s1
24,model.10,0.001463477849029,0.8946179151535034,0.1016378551721572,0.130615234375,0.99951171875,0.1206249967217445,e6p__lam-1e-4__s1
25,model.10,0.0043571135029196,0.8828684687614441,0.1266282647848129,0.0222930908203125,1.0,0.2953124940395355,e6p__lam-1e-4__s1
26,model.10,0.0005189942312426,0.8646966218948364,0.2036946564912796,0.0016040802001953,1.0,0.390937477350235,e6p__lam-1e-4__s1
27,model.10,0.0016125006368383,0.916662573814392,0.1118348762392997,0.0150146484375,1.0,0.3306249976158142,e6p__lam-1e-4__s1
28,model.10,0.001752569573,0.9206303954124452,0.121852658689022,0.040313720703125,1.0,0.3918749988079071,e6p__lam-1e-4__s1
29,model.10,0.0004102464299649,0.9369227290153505,0.0890273004770279,0.103759765625,1.0,0.4287499785423279,e6p__lam-1e-4__s1
30,model.10,0.0005180488806217,0.943781554698944,0.0813416019082069,0.1593017578125,1.0,0.4424999952316284,e6p__lam-1e-4__s1
31,model.10,0.0012310101883485,0.9549115300178528,0.0649297907948494,0.34765625,1.0,0.4840624928474426,e6p__lam-1e-4__s1
32,model.10,0.0028643568512052,0.953278124332428,0.0680757462978363,0.363525390625,1.0,0.5121874809265137,e6p__lam-1e-4__s1
33,model.10,0.0002274755825055,0.9352113008499146,0.0972982868552208,0.0101699829101562,1.0,0.5234375,e6p__lam-1e-4__s1
34,model.10,-0.0019762085285037,0.9430625438690186,0.0984207987785339,0.0863037109375,1.0,0.5274999737739563,e6p__lam-1e-4__s1
35,model.10,0.0004987380234524,0.9656704664230348,0.0570729076862335,0.1563720703125,1.0,0.6221874952316284,e6p__lam-1e-4__s1
36,model.10,0.0038709065411239,0.9319148063659668,0.1313141584396362,0.0247955322265625,1.0,0.5428124666213989,e6p__lam-1e-4__s1
37,model.10,0.0025320609565824,0.9263972043991088,0.1265285462141037,0.0059127807617187,1.0,0.5799999833106995,e6p__lam-1e-4__s1
38,model.10,0.0020134355872869,0.9522770643234252,0.0845090299844741,0.08477783203125,1.0,0.620312511920929,e6p__lam-1e-4__s1
39,model.10,-0.0002847104333341,0.9447158575057985,0.0892979353666305,0.12359619140625,1.0,0.6196874976158142,e6p__lam-1e-4__s1
40,model.10,-0.0005906295264139,0.9601768851280212,0.070711962878704,0.245849609375,1.0,0.6556249856948853,e6p__lam-1e-4__s1
41,model.10,0.0011713514104485,0.9641023278236388,0.0826862752437591,0.1478271484375,1.0,0.6965624690055847,e6p__lam-1e-4__s1
42,model.10,0.001767354318872,0.9609426856040956,0.0750132799148559,0.093505859375,1.0,0.698437511920929,e6p__lam-1e-4__s1
43,model.10,-0.0032057268545031,0.943769633769989,0.1148516535758972,0.048858642578125,1.0,0.6721875071525574,e6p__lam-1e-4__s1
44,model.10,0.0029187644831836,0.8980453014373779,0.1450225710868835,0.001810073852539,1.0,0.7024999856948853,e6p__lam-1e-4__s1
45,model.10,8.441169484285638e-05,0.9009138345718384,0.174092561006546,0.0015192031860351,1.0,0.6484375,e6p__lam-1e-4__s1
46,model.10,-0.0030256069730967,0.944585621356964,0.1065023615956306,0.0067710876464843,1.0,0.682812511920929,e6p__lam-1e-4__s1
47,model.10,0.0028678618837147,0.9470425844192504,0.1043480634689331,0.0208892822265625,1.0,0.6884374618530273,e6p__lam-1e-4__s1
48,model.10,0.0044929971918463,0.9446046948432922,0.0931751132011413,0.060211181640625,1.0,0.7112500071525574,e6p__lam-1e-4__s1
49,model.10,0.0024875178933143,0.9353504776954652,0.1424685716629028,0.0076065063476562,1.0,0.6931250095367432,e6p__lam-1e-4__s1
50,model.10,0.0026180420536547,0.9310396313667296,0.1488522887229919,0.0033512115478515,1.0,0.6659374833106995,e6p__lam-1e-4__s1
51,model.10,0.0019276551902294,0.9627411365509032,0.0770505145192146,0.142578125,1.0,0.7415624856948853,e6p__lam-1e-4__s1
52,model.10,0.000846290087793,0.9531208872795104,0.0931739956140518,0.053009033203125,1.0,0.7087500095367432,e6p__lam-1e-4__s1
53,model.10,0.0015448224730789,0.9593825936317444,0.0854757279157638,0.10650634765625,1.0,0.7228124737739563,e6p__lam-1e-4__s1
54,model.10,0.0021355752833187,0.9702332615852356,0.074946105480194,0.04779052734375,1.0,0.7815625071525574,e6p__lam-1e-4__s1
55,model.10,0.0039252573624253,0.96295166015625,0.0823818445205688,0.05059814453125,1.0,0.7556250095367432,e6p__lam-1e-4__s1
56,model.10,0.002692975802347,0.9537121653556824,0.1003018319606781,0.0091934204101562,1.0,0.739062488079071,e6p__lam-1e-4__s1
57,model.10,0.0009987786179408,0.9365922212600708,0.1363098919391632,0.0139541625976562,1.0,0.7425000071525574,e6p__lam-1e-4__s1
58,model.10,9.173100988846272e-05,0.9335006475448608,0.1280391216278076,0.0059127807617187,1.0,0.7615624666213989,e6p__lam-1e-4__s1
59,model.10,0.0021717436611652,0.9422529339790344,0.1118893548846244,0.0087127685546875,1.0,0.7537499666213989,e6p__lam-1e-4__s1
60,model.10,0.0042406753636896,0.9548602104187012,0.1042267382144928,0.0160980224609375,1.0,0.739062488079071,e6p__lam-1e-4__s1
61,model.10,0.0044891699217259,0.9256603717803956,0.1171964257955551,0.017181396484375,1.0,0.7603124976158142,e6p__lam-1e-4__s1
62,model.10,0.0036497747059911,0.96308696269989,0.0811248868703842,0.1981201171875,1.0,0.72718745470047,e6p__lam-1e-4__s1
63,model.10,0.0049067451618611,0.9414678812026978,0.1424545645713806,0.0089187622070312,1.0,0.7509374618530273,e6p__lam-1e-4__s1
64,model.10,0.0076482500880956,0.92523193359375,0.1128051131963729,0.0055351257324218,1.0,0.731249988079071,e6p__lam-1e-4__s1
65,model.10,0.0088432766497135,0.9363338947296144,0.1342570781707763,0.0072898864746093,1.0,0.7131249904632568,e6p__lam-1e-4__s1
66,model.10,0.0082470336928963,0.9530925750732422,0.1159170717000961,0.0121002197265625,1.0,0.7931249737739563,e6p__lam-1e-4__s1
67,model.10,0.0085186334326863,0.9658995866775512,0.0828445702791214,0.054901123046875,1.0,0.7684375047683716,e6p__lam-1e-4__s1
68,model.10,0.0081411739811301,0.9743974208831788,0.0644508898258209,0.1788330078125,1.0,0.7981249690055847,e6p__lam-1e-4__s1
69,model.10,0.0046447371132671,0.9446625113487244,0.1264007836580276,0.0180511474609375,1.0,0.7331249713897705,e6p__lam-1e-4__s1
70,model.10,0.0049242880195379,0.9522120356559752,0.1025753766298294,0.0128250122070312,1.0,0.7403124570846558,e6p__lam-1e-4__s1
71,model.10,0.0059388549998402,0.9469623565673828,0.1126470565795898,0.0114669799804687,1.0,0.7587499618530273,e6p__lam-1e-4__s1
72,model.10,0.00459985435009,0.9379132390022278,0.1378891468048095,0.012237548828125,1.0,0.71937495470047,e6p__lam-1e-4__s1
73,model.10,0.004750492516905,0.9262281060218812,0.1514433771371841,0.01177978515625,1.0,0.7215625047683716,e6p__lam-1e-4__s1
74,model.10,0.0055720354430377,0.9610902070999146,0.092610165476799,0.0191650390625,1.0,0.7612499594688416,e6p__lam-1e-4__s1
75,model.10,0.0075394422747194,0.9462372660636902,0.1125678271055221,0.03643798828125,1.0,0.71156245470047,e6p__lam-1e-4__s1
76,model.10,0.0081313680857419,0.9414605498313904,0.1231664642691612,0.0099334716796875,1.0,0.7184374928474426,e6p__lam-1e-4__s1
77,model.10,0.0068468386307358,0.935656189918518,0.1400180757045745,0.0200653076171875,1.0,0.6981250047683716,e6p__lam-1e-4__s1
78,model.10,0.0068529187701642,0.945381999015808,0.1325934827327728,0.02886962890625,1.0,0.7090624570846558,e6p__lam-1e-4__s1
79,model.10,0.0061727967113256,0.9463886022567748,0.1212475672364234,0.037750244140625,1.0,0.7315624952316284,e6p__lam-1e-4__s1
80,model.10,0.0077463914640247,0.9556972980499268,0.1088794320821762,0.057373046875,1.0,0.7378124594688416,e6p__lam-1e-4__s1
81,model.10,0.0068443268537521,0.929463803768158,0.1506923139095306,0.0137405395507812,1.0,0.7174999713897705,e6p__lam-1e-4__s1
82,model.10,0.0078364256769418,0.9356518387794496,0.1349981129169464,0.047607421875,1.0,0.690625011920929,e6p__lam-1e-4__s1
83,model.10,0.0092496173456311,0.9400524497032166,0.1139854937791824,0.0074310302734375,1.0,0.7306249737739563,e6p__lam-1e-4__s1
84,model.10,0.0104999728500843,0.9366666674613952,0.1337283849716186,0.05865478515625,1.0,0.7040624618530273,e6p__lam-1e-4__s1
85,model.10,0.0111944796517491,0.9411918520927428,0.1333120912313461,0.027374267578125,1.0,0.7199999690055847,e6p__lam-1e-4__s1
86,model.10,0.0127239720895886,0.9397539496421814,0.1404809951782226,0.0170440673828125,1.0,0.7365624904632568,e6p__lam-1e-4__s1
87,model.10,0.0119475554674863,0.9465550184249878,0.1299766451120376,0.033660888671875,1.0,0.6868749856948853,e6p__lam-1e-4__s1
88,model.10,0.0118098249658942,0.9565986394882202,0.0950749367475509,0.06842041015625,1.0,0.7149999737739563,e6p__lam-1e-4__s1
89,model.10,0.012598424218595,0.9430314302444458,0.1240472719073295,0.018402099609375,1.0,0.7199999690055847,e6p__lam-1e-4__s1
90,model.10,0.0134472884237766,0.9467912316322328,0.1211631074547767,0.11029052734375,1.0,0.6800000071525574,e6p__lam-1e-4__s1
91,model.10,0.013663213700056,0.9219916462898254,0.1590053141117096,0.0323486328125,1.0,0.6665624976158142,e6p__lam-1e-4__s1
92,model.10,0.0136152748018503,0.924062728881836,0.1507793068885803,0.0107345581054687,1.0,0.6859374642372131,e6p__lam-1e-4__s1
93,model.10,0.0138206584379076,0.9326297640800476,0.1031296700239181,0.0125274658203125,1.0,0.6862499713897705,e6p__lam-1e-4__s1
94,model.10,0.0140929771587252,0.9332494735717772,0.1427696645259857,0.0210113525390625,1.0,0.6993749737739563,e6p__lam-1e-4__s1
95,model.10,0.0143552208319306,0.9199363589286804,0.1416723430156707,0.020965576171875,1.0,0.6981250047683716,e6p__lam-1e-4__s1
96,model.10,0.0147976130247116,0.938057005405426,0.1187872290611267,0.0391845703125,1.0,0.7071874737739563,e6p__lam-1e-4__s1
97,model.10,0.0151217561215162,0.9457902312278748,0.1045371890068054,0.0238189697265625,1.0,0.675000011920929,e6p__lam-1e-4__s1
98,model.10,0.0151358461007475,0.9462738037109376,0.1163491010665893,0.024932861328125,1.0,0.7093749642372131,e6p__lam-1e-4__s1
99,model.10,0.015127875842154,0.9324198961257936,0.1376733481884002,0.0276947021484375,1.0,0.6631249785423279,e6p__lam-1e-4__s1
100,model.10,0.015127875842154,0.9324198961257936,0.1376733481884002,0.0276947021484375,1.0,0.6631249785423279,e6p__lam-1e-4__s1
0,model.10,-9.57832089625299e-05,0.515471875667572,0.0671469494700431,0.1534423828125,0.76123046875,0.0,e6p__lam-1e-4__s2
1,model.10,0.0022825119085609,0.5279923677444458,0.183595061302185,0.0256195068359375,0.91259765625,0.0,e6p__lam-1e-4__s2
2,model.10,-0.0050490726716816,0.5572900772094727,0.2361293137073516,0.0002099275588989,0.99072265625,0.0278124995529651,e6p__lam-1e-4__s2
3,model.10,0.0018466304754838,0.6041263937950134,0.2531524002552032,0.000295877456665,1.0,0.0478124991059303,e6p__lam-1e-4__s2
4,model.10,-0.0017655934207141,0.6185635924339294,0.2466738224029541,0.0053863525390625,0.9990234375,0.0290625002235174,e6p__lam-1e-4__s2
5,model.10,-0.0013246347662061,0.6397443413734436,0.2240858674049377,0.0056648254394531,0.99951171875,0.0340625010430812,e6p__lam-1e-4__s2
6,model.10,-0.0003926632052753,0.656636118888855,0.2115644067525863,0.0094833374023437,0.99560546875,0.0259374994784593,e6p__lam-1e-4__s2
7,model.10,0.0004979234072379,0.6949411034584045,0.2072910666465759,0.0016231536865234,0.99560546875,0.0162499994039535,e6p__lam-1e-4__s2
8,model.10,0.0003284263366367,0.7218812108039856,0.1615545749664306,0.0254669189453125,0.99951171875,0.0121874995529651,e6p__lam-1e-4__s2
9,model.10,-0.000582655891776,0.7321773171424866,0.138557031750679,0.045013427734375,0.99609375,0.0137499999254941,e6p__lam-1e-4__s2
10,model.10,0.0017204254399985,0.736793577671051,0.1308967918157577,0.08831787109375,0.99853515625,0.013124999590218,e6p__lam-1e-4__s2
11,model.10,-0.0017468038713559,0.7285957336425781,0.1722175180912017,0.020172119140625,0.99951171875,0.0281249992549419,e6p__lam-1e-4__s2
12,model.10,0.0003057861467823,0.755413830280304,0.1684537529945373,0.0023880004882812,0.9990234375,0.0193750001490116,e6p__lam-1e-4__s2
13,model.10,0.001917585148476,0.7795167565345764,0.1422188729047775,0.034088134765625,0.9970703125,0.0137499999254941,e6p__lam-1e-4__s2
14,model.10,0.0010255319066345,0.7932922840118408,0.141993835568428,0.0305633544921875,0.99951171875,0.0249999985098838,e6p__lam-1e-4__s2
15,model.10,-0.0010566829005256,0.8038003444671631,0.123939998447895,0.026611328125,0.998046875,0.0221874993294477,e6p__lam-1e-4__s2
16,model.10,0.0021901263389736,0.8179599046707153,0.1273623406887054,0.02655029296875,0.9970703125,0.0137499999254941,e6p__lam-1e-4__s2
17,model.10,-0.0024756747297942,0.8184354305267334,0.1157062351703643,0.0251312255859375,0.99853515625,0.0378124974668026,e6p__lam-1e-4__s2
18,model.10,0.0033858923707157,0.7781858444213867,0.2045200020074844,0.00323486328125,0.99951171875,0.0734374970197677,e6p__lam-1e-4__s2
19,model.10,0.0006477009737864,0.7767758965492249,0.2043997645378112,3.4809112548828125e-05,0.99951171875,0.1181249991059303,e6p__lam-1e-4__s2
20,model.10,-0.0007324295002035,0.8073347210884094,0.1882954835891723,0.023773193359375,1.0,0.0953124985098838,e6p__lam-1e-4__s2
21,model.10,0.0016280419658869,0.8105801343917847,0.1706925630569458,0.0055351257324218,0.9990234375,0.1096874997019767,e6p__lam-1e-4__s2
22,model.10,-0.0032786605879664,0.8030722737312317,0.1797062754631042,0.0052604675292968,1.0,0.1174999997019767,e6p__lam-1e-4__s2
23,model.10,0.0032241926528513,0.8573669195175171,0.1449821293354034,0.0240936279296875,0.99951171875,0.1446875035762787,e6p__lam-1e-4__s2
24,model.10,0.0013226843439042,0.8903326392173767,0.1067343428730964,0.2091064453125,1.0,0.1515624970197677,e6p__lam-1e-4__s2
25,model.10,-0.0003217401681467,0.9085304141044616,0.0815148055553436,0.28564453125,0.99951171875,0.1812499910593032,e6p__lam-1e-4__s2
26,model.10,-0.0022823303006589,0.9043303728103638,0.0886765867471695,0.280517578125,1.0,0.199999988079071,e6p__lam-1e-4__s2
27,model.10,-0.0017895676428452,0.8992123007774353,0.1346772611141204,0.0394287109375,1.0,0.2465624958276748,e6p__lam-1e-4__s2
28,model.10,0.0014046741416677,0.9027606248855592,0.1233840733766555,0.03912353515625,1.0,0.2949999868869781,e6p__lam-1e-4__s2
29,model.10,0.0015122491167858,0.9126105904579164,0.1156083643436431,0.093505859375,1.0,0.2515625059604645,e6p__lam-1e-4__s2
30,model.10,0.0008236187277361,0.9178560972213744,0.0956496000289917,0.156494140625,1.0,0.3343749940395355,e6p__lam-1e-4__s2
31,model.10,-0.0002037213998846,0.9047443866729736,0.1185470819473266,0.04217529296875,1.0,0.3340624868869781,e6p__lam-1e-4__s2
32,model.10,0.001222439459525,0.9128678441047668,0.1231681779026985,0.11419677734375,1.0,0.3237499892711639,e6p__lam-1e-4__s2
33,model.10,0.0005821150843985,0.9412961602211,0.0813718438148498,0.0855712890625,1.0,0.3809374868869781,e6p__lam-1e-4__s2
34,model.10,-0.0001305736077483,0.9454679489135742,0.0649511367082595,0.1676025390625,1.0,0.40625,e6p__lam-1e-4__s2
35,model.10,0.000649337132927,0.9512326717376708,0.0569353960454463,0.446044921875,1.0,0.4153124988079071,e6p__lam-1e-4__s2
36,model.10,0.0014224292244762,0.9664437770843506,0.0340484529733657,0.51953125,1.0,0.4546874761581421,e6p__lam-1e-4__s2
37,model.10,-0.0004851323610637,0.9540942311286926,0.0516963452100753,0.453369140625,1.0,0.4259375035762787,e6p__lam-1e-4__s2
38,model.10,0.0023364112712442,0.943750262260437,0.0833227112889289,0.061981201171875,1.0,0.5625,e6p__lam-1e-4__s2
39,model.10,0.0008293248829431,0.9636402130126952,0.0505905225872993,0.3564453125,1.0,0.5756250023841858,e6p__lam-1e-4__s2
40,model.10,-0.0005849270964972,0.9663740992546082,0.0442681834101676,0.44580078125,1.0,0.5556249618530273,e6p__lam-1e-4__s2
41,model.10,0.0016153953038156,0.9656594395637512,0.0550940446555614,0.1304931640625,1.0,0.5924999713897705,e6p__lam-1e-4__s2
42,model.10,0.0027387931477278,0.9040446877479552,0.1240497231483459,0.0007886886596679,1.0,0.6659374833106995,e6p__lam-1e-4__s2
43,model.10,0.0018829846521839,0.929990530014038,0.1344116628170013,0.06634521484375,1.0,0.6081249713897705,e6p__lam-1e-4__s2
44,model.10,0.0010521272197365,0.927083134651184,0.1448368728160858,0.001016616821289,1.0,0.651562511920929,e6p__lam-1e-4__s2
45,model.10,-0.0010758616263046,0.9402177333831788,0.120851069688797,0.0033760070800781,1.0,0.6153124570846558,e6p__lam-1e-4__s2
46,model.10,0.0001465189561713,0.941964328289032,0.1067981868982315,0.0164031982421875,1.0,0.6362499594688416,e6p__lam-1e-4__s2
47,model.10,0.0009189404663629,0.9562017321586608,0.085622638463974,0.01763916015625,1.0,0.6728124618530273,e6p__lam-1e-4__s2
48,model.10,-0.0006319233216345,0.934565007686615,0.0940959230065345,0.0045928955078125,1.0,0.6931250095367432,e6p__lam-1e-4__s2
49,model.10,0.0023245040792971,0.9458038806915284,0.1000357270240783,0.0045738220214843,1.0,0.6931250095367432,e6p__lam-1e-4__s2
50,model.10,-0.000711282948032,0.9511878490447998,0.1055093854665756,0.063720703125,1.0,0.6699999570846558,e6p__lam-1e-4__s2
51,model.10,-0.0021328257862478,0.951048731803894,0.1030710563063621,0.032958984375,1.0,0.6659374833106995,e6p__lam-1e-4__s2
52,model.10,-0.0006324845016933,0.9272720217704772,0.0996383875608444,0.000251293182373,1.0,0.7581250071525574,e6p__lam-1e-4__s2
53,model.10,-0.001130596618168,0.9575836062431335,0.0936195477843284,0.0225830078125,1.0,0.6943749785423279,e6p__lam-1e-4__s2
54,model.10,-0.0019233851926401,0.9356597661972046,0.1125830709934234,0.0067977905273437,1.0,0.75843745470047,e6p__lam-1e-4__s2
55,model.10,-0.000469846476335,0.9664224982261658,0.0770783051848411,0.089599609375,1.0,0.7649999856948853,e6p__lam-1e-4__s2
56,model.10,0.0005658878944814,0.9756271839141846,0.0514779463410377,0.1904296875,1.0,0.7562499642372131,e6p__lam-1e-4__s2
57,model.10,-0.0005020432290621,0.9656964540481568,0.0773816481232643,0.04949951171875,1.0,0.7734375,e6p__lam-1e-4__s2
58,model.10,-0.0006592702120542,0.9801548719406128,0.0458569452166557,0.237548828125,1.0,0.7803124785423279,e6p__lam-1e-4__s2
59,model.10,0.0001612815394764,0.9664571285247804,0.0675679147243499,0.0701904296875,1.0,0.7606250047683716,e6p__lam-1e-4__s2
60,model.10,0.000443511235062,0.9762849807739258,0.0541798844933509,0.1966552734375,1.0,0.7990624904632568,e6p__lam-1e-4__s2
61,model.10,0.0011752160498872,0.9628931879997252,0.0739223062992096,0.055206298828125,1.0,0.768750011920929,e6p__lam-1e-4__s2
62,model.10,0.000762264826335,0.9787472486495972,0.0459074899554252,0.2379150390625,1.0,0.8199999928474426,e6p__lam-1e-4__s2
63,model.10,0.0018813840579241,0.978184163570404,0.0567129254341125,0.09600830078125,1.0,0.8125,e6p__lam-1e-4__s2
64,model.10,0.0017794599989429,0.980021595954895,0.0411924496293067,0.306884765625,1.0,0.784375011920929,e6p__lam-1e-4__s2
65,model.10,0.0008082456770353,0.9810364246368408,0.0483056455850601,0.30419921875,1.0,0.8246874809265137,e6p__lam-1e-4__s2
66,model.10,0.0009132747654803,0.9755937457084656,0.0581302344799041,0.06451416015625,1.0,0.8234374523162842,e6p__lam-1e-4__s2
67,model.10,-0.0001931358128786,0.9668290615081788,0.0795590728521347,0.100341796875,1.0,0.792187511920929,e6p__lam-1e-4__s2
68,model.10,0.000896408164408,0.9694506525993348,0.0709405839443206,0.183349609375,1.0,0.7928124666213989,e6p__lam-1e-4__s2
69,model.10,0.0027935670223087,0.976974070072174,0.0568250305950641,0.227783203125,1.0,0.8031249642372131,e6p__lam-1e-4__s2
70,model.10,0.0009683826938271,0.9698631167411804,0.0828887894749641,0.158203125,1.0,0.8062499761581421,e6p__lam-1e-4__s2
71,model.10,-5.4887921578483656e-05,0.9567545652389526,0.1030895262956619,0.103759765625,1.0,0.7643749713897705,e6p__lam-1e-4__s2
72,model.10,-0.0012237906921654,0.9690977334976196,0.0794036537408828,0.054107666015625,1.0,0.793749988079071,e6p__lam-1e-4__s2
73,model.10,-4.646825345844263e-06,0.9674397110939026,0.0891673564910888,0.07147216796875,1.0,0.8112499713897705,e6p__lam-1e-4__s2
74,model.10,0.002320067724213,0.9789764285087584,0.0530737936496734,0.1319580078125,1.0,0.8340624570846558,e6p__lam-1e-4__s2
75,model.10,0.0004203093121759,0.974370002746582,0.0653164535760879,0.1177978515625,1.0,0.8128125071525574,e6p__lam-1e-4__s2
76,model.10,0.0011439010268077,0.9741034507751464,0.0753545388579368,0.185791015625,1.0,0.8087499737739563,e6p__lam-1e-4__s2
77,model.10,0.0006863294402137,0.9736036658287048,0.069703921675682,0.0970458984375,1.0,0.8068749904632568,e6p__lam-1e-4__s2
78,model.10,7.055402966216207e-05,0.975927233695984,0.0622859485447406,0.2486572265625,1.0,0.8018749952316284,e6p__lam-1e-4__s2
79,model.10,0.0003017524431925,0.9749680161476136,0.0657823681831359,0.2724609375,1.0,0.8009374737739563,e6p__lam-1e-4__s2
80,model.10,0.0007115033804439,0.9782134294509888,0.0496434085071086,0.234375,1.0,0.828125,e6p__lam-1e-4__s2
81,model.10,0.0010787434875965,0.980299711227417,0.0490464642643928,0.05877685546875,1.0,0.8331249952316284,e6p__lam-1e-4__s2
82,model.10,0.000964076607488,0.9844653606414796,0.0399914607405662,0.230712890625,1.0,0.8453124761581421,e6p__lam-1e-4__s2
83,model.10,0.0023928163573145,0.9829824566841124,0.042096234858036,0.264404296875,1.0,0.8199999928474426,e6p__lam-1e-4__s2
84,model.10,0.0022191519383341,0.9747280478477478,0.0617544837296009,0.0391845703125,1.0,0.8134374618530273,e6p__lam-1e-4__s2
85,model.10,0.0012880100402981,0.9674833416938782,0.0796627551317215,0.036895751953125,1.0,0.8096874952316284,e6p__lam-1e-4__s2
86,model.10,0.0015073033282533,0.9656806588172911,0.0789910331368446,0.03912353515625,1.0,0.7828124761581421,e6p__lam-1e-4__s2
87,model.10,0.001932266051881,0.9678994417190552,0.0868061184883117,0.047332763671875,1.0,0.796875,e6p__lam-1e-4__s2
88,model.10,0.001823219936341,0.9678272008895874,0.0785705894231796,0.0213623046875,1.0,0.785937488079071,e6p__lam-1e-4__s2
89,model.10,0.0028185020200908,0.9771097898483276,0.0506333261728286,0.446533203125,1.0,0.7918750047683716,e6p__lam-1e-4__s2
90,model.10,0.0032182873692363,0.9774789810180664,0.054923802614212,0.08050537109375,1.0,0.7774999737739563,e6p__lam-1e-4__s2
91,model.10,0.0033196466974914,0.9707395434379578,0.0686083808541297,0.1634521484375,1.0,0.7931249737739563,e6p__lam-1e-4__s2
92,model.10,0.0029311208054423,0.9787282347679138,0.0418700538575649,0.408935546875,1.0,0.785937488079071,e6p__lam-1e-4__s2
93,model.10,0.0037440687883645,0.9691859483718872,0.0643819868564605,0.044281005859375,1.0,0.7649999856948853,e6p__lam-1e-4__s2
94,model.10,0.0037247277796268,0.962909698486328,0.0670365393161773,0.08123779296875,1.0,0.7378124594688416,e6p__lam-1e-4__s2
95,model.10,0.0042281197383999,0.9720122814178468,0.0613867789506912,0.379150390625,1.0,0.7481249570846558,e6p__lam-1e-4__s2
96,model.10,0.0042435899376869,0.9726258516311646,0.0643661767244339,0.05645751953125,1.0,0.7615624666213989,e6p__lam-1e-4__s2
97,model.10,0.0045410329475998,0.9703044891357422,0.059803057461977,0.30322265625,1.0,0.7231249809265137,e6p__lam-1e-4__s2
98,model.10,0.0048444466665387,0.9621831774711608,0.0730138421058654,0.12249755859375,1.0,0.739062488079071,e6p__lam-1e-4__s2
99,model.10,0.005066973157227,0.970740020275116,0.0616013258695602,0.2252197265625,1.0,0.7306249737739563,e6p__lam-1e-4__s2
100,model.10,0.005066973157227,0.970740020275116,0.0616013258695602,0.2252197265625,1.0,0.7306249737739563,e6p__lam-1e-4__s2
0,model.10,0.0025189521256834,0.5202197432518005,0.0741587355732917,0.259765625,0.81103515625,0.0,e6p__lam-1e-5__s0
1,model.10,0.0056514521129429,0.5260608792304993,0.1590262800455093,0.0616455078125,0.98876953125,0.0021875000093132,e6p__lam-1e-5__s0
2,model.10,-0.003630080493167,0.5512179732322693,0.2690304815769195,0.0003998279571533,0.994140625,0.030937498435378,e6p__lam-1e-5__s0
3,model.10,0.0028335533570498,0.5725792646408081,0.2712875008583069,0.0003447532653808,1.0,0.0584375001490116,e6p__lam-1e-5__s0
4,model.10,-0.0001286383921978,0.5933462381362915,0.2588145136833191,0.0001132488250732,0.99951171875,0.0862499997019767,e6p__lam-1e-5__s0
5,model.10,0.0014532761415466,0.6048828959465027,0.2879647612571716,2.7954578399658203e-05,0.99951171875,0.0718749985098838,e6p__lam-1e-5__s0
6,model.10,0.0009026081534102,0.6016764044761658,0.2758753895759582,0.0002217292785644,0.99365234375,0.042187500745058,e6p__lam-1e-5__s0
7,model.10,-0.0001746435009408,0.6167235970497131,0.2585395276546478,6.657838821411133e-05,0.99853515625,0.0787499994039535,e6p__lam-1e-5__s0
8,model.10,0.0007827798253856,0.6207839250564575,0.2930699288845062,2.4497509002685547e-05,0.99755859375,0.0768750011920929,e6p__lam-1e-5__s0
9,model.10,0.0003152021381538,0.611899733543396,0.2651426196098327,9.244680404663086e-05,1.0,0.0696875005960464,e6p__lam-1e-5__s0
10,model.10,0.0002791419392451,0.6459455490112305,0.2437968552112579,4.76837158203125e-06,1.0,0.0887499973177909,e6p__lam-1e-5__s0
11,model.10,0.0013685184530913,0.6215298771858215,0.2722197771072387,0.0002050399780273,0.99951171875,0.0521874986588954,e6p__lam-1e-5__s0
12,model.10,-0.0016039558686316,0.6123703122138977,0.252582848072052,6.020069122314453e-06,1.0,0.0887499973177909,e6p__lam-1e-5__s0
13,model.10,-0.0018875026144087,0.6269943714141846,0.2454590797424316,7.62939453125e-06,0.99951171875,0.044999998062849,e6p__lam-1e-5__s0
14,model.10,0.0031460928730666,0.6195932030677795,0.2925315499305725,2.2470951080322266e-05,0.99755859375,0.0453124977648258,e6p__lam-1e-5__s0
15,model.10,-0.001372407306917,0.6293743252754211,0.2586008906364441,2.3543834686279297e-05,0.9990234375,0.105624996125698,e6p__lam-1e-5__s0
16,model.10,0.0020341488998383,0.6372013688087463,0.2836254239082336,0.0002050399780273,1.0,0.0959374979138374,e6p__lam-1e-5__s0
17,model.10,-0.0014673927798867,0.6326021552085876,0.2944592237472534,9.5367431640625e-07,0.99658203125,0.0724999979138374,e6p__lam-1e-5__s0
18,model.10,0.00140721432399,0.6261491775512695,0.2834777235984802,4.398822784423828e-05,0.99853515625,0.1168750002980232,e6p__lam-1e-5__s0
19,model.10,-0.0014761348720639,0.664155125617981,0.2814977169036865,2.586841583251953e-05,1.0,0.097812496125698,e6p__lam-1e-5__s0
20,model.10,-0.0005020451499149,0.669850766658783,0.2957505583763122,6.973743438720703e-06,1.0,0.1424999982118606,e6p__lam-1e-5__s0
21,model.10,-0.0005592848174273,0.6857275366783142,0.2706775665283203,6.854534149169922e-06,1.0,0.1312499940395355,e6p__lam-1e-5__s0
22,model.10,0.0014506434090435,0.6938209533691406,0.270438551902771,4.869699478149414e-05,1.0,0.1087500005960464,e6p__lam-1e-5__s0
23,model.10,0.0008469881140626,0.6847395300865173,0.2753465175628662,0.0012941360473632,1.0,0.1412499994039535,e6p__lam-1e-5__s0
24,model.10,0.0002236532745882,0.7064170837402344,0.2691369652748108,6.556510925292969e-05,1.0,0.1196874976158142,e6p__lam-1e-5__s0
25,model.10,0.0010394772980362,0.7052189707756042,0.2827741801738739,0.0004529953002929,1.0,0.1431249976158142,e6p__lam-1e-5__s0
26,model.10,0.0010214180219918,0.7284731864929199,0.2300579845905304,0.0080947875976562,1.0,0.1149999946355819,e6p__lam-1e-5__s0
27,model.10,0.0013691750355064,0.7228356003761292,0.2319755256175995,0.0050811767578125,1.0,0.105624996125698,e6p__lam-1e-5__s0
28,model.10,0.0017046123975887,0.7336376309394836,0.2415060698986053,0.0011606216430664,1.0,0.1221874952316284,e6p__lam-1e-5__s0
29,model.10,0.0013722861185669,0.7423799633979797,0.2410231679677963,0.0016546249389648,0.99951171875,0.1312499940395355,e6p__lam-1e-5__s0
30,model.10,0.0017645623302087,0.7094071507453918,0.2764158546924591,0.0004804134368896,1.0,0.1471875011920929,e6p__lam-1e-5__s0
31,model.10,0.0025460987817496,0.7338363528251648,0.2585248351097107,0.0001647472381591,1.0,0.1515624970197677,e6p__lam-1e-5__s0
32,model.10,0.0007658194517716,0.7283037900924683,0.262372612953186,0.0005817413330078,1.0,0.1615625023841858,e6p__lam-1e-5__s0
33,model.10,0.0018929791403934,0.7215850949287415,0.288606584072113,0.0002937316894531,1.0,0.1815624982118606,e6p__lam-1e-5__s0
34,model.10,0.0002084463631035,0.737303614616394,0.2846569418907165,0.0007581710815429,1.0,0.2018750011920929,e6p__lam-1e-5__s0
35,model.10,0.0029193044174462,0.7454673051834106,0.2634835541248321,0.0003626346588134,1.0,0.1609375029802322,e6p__lam-1e-5__s0
36,model.10,0.0029529887251555,0.7451938986778259,0.250729888677597,0.0008330345153808,1.0,0.1678124964237213,e6p__lam-1e-5__s0
37,model.10,-0.0014198133721947,0.7424859404563904,0.2758063673973083,0.0002937316894531,1.0,0.2137499898672104,e6p__lam-1e-5__s0
38,model.10,0.0008158635464496,0.7362363338470459,0.2569135427474975,0.0006189346313476,1.0,0.2081249952316284,e6p__lam-1e-5__s0
39,model.10,0.002875794423744,0.7338911294937134,0.268732875585556,0.0001344680786132,1.0,0.2006250023841858,e6p__lam-1e-5__s0
40,model.10,0.0011810648720711,0.7436614632606506,0.2663618624210357,0.0001442432403564,1.0,0.1946875005960464,e6p__lam-1e-5__s0
41,model.10,0.0050492379814386,0.758725643157959,0.2383441179990768,4.5418739318847656e-05,1.0,0.1762499958276748,e6p__lam-1e-5__s0
42,model.10,0.0043394532985985,0.7355007529258728,0.2831811904907226,0.000123381614685,1.0,0.2034374922513961,e6p__lam-1e-5__s0
43,model.10,0.00386429624632,0.760748565196991,0.2558542490005493,0.000298261642456,1.0,0.2074999958276748,e6p__lam-1e-5__s0
44,model.10,0.0028965997043997,0.7784991264343262,0.2626682221889496,0.0002378225326538,1.0,0.1881249994039535,e6p__lam-1e-5__s0
45,model.10,0.0016091391444206,0.7737209796905518,0.2617762684822082,0.0007643699645996,1.0,0.2331250011920929,e6p__lam-1e-5__s0
46,model.10,0.0026919350493699,0.779674232006073,0.2601182162761688,0.0008392333984375,1.0,0.231249988079071,e6p__lam-1e-5__s0
47,model.10,0.0033254730515182,0.7751614451408386,0.2519283592700958,0.0005526542663574,1.0,0.2328124940395355,e6p__lam-1e-5__s0
48,model.10,0.0038060690276324,0.7638375759124756,0.2549191117286682,0.0009965896606445,1.0,0.246874988079071,e6p__lam-1e-5__s0
49,model.10,0.0034677418880164,0.7568634748458862,0.2604516744613647,0.0008230209350585,1.0,0.249062493443489,e6p__lam-1e-5__s0
50,model.10,0.0052086017094552,0.7409738898277283,0.2939510941505432,3.218650817871094e-05,1.0,0.3168749809265136,e6p__lam-1e-5__s0
51,model.10,0.004936542827636,0.7722370624542236,0.2817896604537964,0.000130295753479,1.0,0.2993749976158142,e6p__lam-1e-5__s0
52,model.10,0.0055455286055803,0.7490987777709961,0.2860731482505798,1.7344951629638672e-05,1.0,0.3231250047683716,e6p__lam-1e-5__s0
53,model.10,0.0039869877509772,0.7640742063522339,0.2772790193557739,5.185604095458984e-06,1.0,0.3118749856948852,e6p__lam-1e-5__s0
54,model.10,0.0051356339827179,0.7253105640411377,0.3231923282146454,1.7642974853515625e-05,1.0,0.3381249904632568,e6p__lam-1e-5__s0
55,model.10,0.0037346817553043,0.7253639101982117,0.3259055912494659,7.033348083496094e-05,1.0,0.3546874821186065,e6p__lam-1e-5__s0
56,model.10,0.005628942977637,0.7568987011909485,0.2988908290863037,0.0001022815704345,1.0,0.3243750035762787,e6p__lam-1e-5__s0
57,model.10,0.0026125414296984,0.741968035697937,0.302804946899414,3.337860107421875e-06,1.0,0.317187488079071,e6p__lam-1e-5__s0
58,model.10,0.0039232708513736,0.7311360239982605,0.3132582604885101,1.4424324035644531e-05,1.0,0.3296875059604645,e6p__lam-1e-5__s0
59,model.10,0.0060255313292145,0.7288317084312439,0.3148173689842224,4.869699478149414e-05,1.0,0.3337499797344208,e6p__lam-1e-5__s0
60,model.10,0.0066145784221589,0.7171617746353149,0.3153420090675354,8.887052536010742e-05,1.0,0.34375,e6p__lam-1e-5__s0
61,model.10,0.0053334841504693,0.7288798093795776,0.3000780940055847,0.0001442432403564,1.0,0.3071874976158142,e6p__lam-1e-5__s0
62,model.10,0.0071917884051799,0.7427979707717896,0.3029767274856567,0.0001477003097534,1.0,0.3381249904632568,e6p__lam-1e-5__s0
63,model.10,0.005845183506608,0.7219393849372864,0.2956185042858124,0.0011377334594726,1.0,0.2843749821186065,e6p__lam-1e-5__s0
64,model.10,0.0073956749401986,0.709563672542572,0.309873878955841,0.0028228759765625,1.0,0.3296875059604645,e6p__lam-1e-5__s0
65,model.10,0.0064724944531917,0.7351319789886475,0.2799705564975738,0.0030517578125,1.0,0.2887499928474426,e6p__lam-1e-5__s0
66,model.10,0.00710408994928,0.7147710919380188,0.3063926100730896,0.0022602081298828,1.0,0.3199999928474426,e6p__lam-1e-5__s0
67,model.10,0.008878800086677,0.7349342703819275,0.2976852655410766,0.0068778991699218,1.0,0.3265624940395355,e6p__lam-1e-5__s0
68,model.10,0.0091502470895648,0.7583363652229309,0.2564813494682312,0.0063896179199218,1.0,0.3059374988079071,e6p__lam-1e-5__s0
69,model.10,0.0069122891873121,0.7399341464042664,0.2872403860092163,0.0032100677490234,1.0,0.3334375023841858,e6p__lam-1e-5__s0
70,model.10,0.0083489930257201,0.7633647918701172,0.2753123939037323,0.010650634765625,1.0,0.3468749821186065,e6p__lam-1e-5__s0
71,model.10,0.0086351092904806,0.7450986504554749,0.2732729911804199,0.0128707885742187,1.0,0.3265624940395355,e6p__lam-1e-5__s0
72,model.10,0.0090978452935814,0.769781768321991,0.2567522525787353,0.0054283142089843,1.0,0.3184374868869781,e6p__lam-1e-5__s0
73,model.10,0.0087139084935188,0.7619001865386963,0.2732766270637512,0.0070381164550781,1.0,0.3234374821186065,e6p__lam-1e-5__s0
74,model.10,0.010736808180809,0.7746738791465759,0.2599374055862427,0.0309600830078125,1.0,0.3309375047683716,e6p__lam-1e-5__s0
75,model.10,0.0117641044780612,0.763408899307251,0.2676596939563751,0.0141143798828125,1.0,0.3462499976158142,e6p__lam-1e-5__s0
76,model.10,0.0119005190208554,0.7881481051445007,0.2318781018257141,0.0048675537109375,1.0,0.3359375,e6p__lam-1e-5__s0
77,model.10,0.0132798738777637,0.76412034034729,0.2583484053611755,0.027740478515625,1.0,0.3599999845027923,e6p__lam-1e-5__s0
78,model.10,0.0145570272579789,0.7726773023605347,0.2710275650024414,0.008544921875,1.0,0.3381249904632568,e6p__lam-1e-5__s0
79,model.10,0.0141543196514248,0.7794285416603088,0.2609490156173706,0.051361083984375,1.0,0.3384374976158142,e6p__lam-1e-5__s0
80,model.10,0.0149324843659996,0.7856143116950989,0.257181167602539,0.0258026123046875,1.0,0.3506249785423279,e6p__lam-1e-5__s0
81,model.10,0.0162711720913648,0.7829389572143555,0.2542027831077575,0.029541015625,1.0,0.3390624821186065,e6p__lam-1e-5__s0
82,model.10,0.0161305405199527,0.7755911946296692,0.2626470029354095,0.014617919921875,1.0,0.3409374952316284,e6p__lam-1e-5__s0
83,model.10,0.017135988920927,0.7806934714317322,0.2614046931266784,0.03704833984375,1.0,0.3387500047683716,e6p__lam-1e-5__s0
84,model.10,0.0177124924957752,0.7845437526702881,0.2582978904247284,0.044921875,1.0,0.3487499952316284,e6p__lam-1e-5__s0
85,model.10,0.019102793186903,0.7742021083831787,0.2630965709686279,0.042633056640625,1.0,0.3356249928474426,e6p__lam-1e-5__s0
86,model.10,0.0201336611062288,0.7892633080482483,0.242487758398056,0.062103271484375,1.0,0.3556250035762787,e6p__lam-1e-5__s0
87,model.10,0.0200665760785341,0.8078625202178955,0.2418549954891204,0.04620361328125,1.0,0.3606249988079071,e6p__lam-1e-5__s0
88,model.10,0.0202949773520231,0.7725950479507446,0.2692821025848388,0.036285400390625,1.0,0.3568750023841858,e6p__lam-1e-5__s0
89,model.10,0.0205768644809722,0.7913225889205933,0.2329763174057006,0.0227203369140625,1.0,0.3243750035762787,e6p__lam-1e-5__s0
90,model.10,0.021862082183361,0.8086745738983154,0.2251017093658447,0.0328369140625,1.0,0.3303124904632568,e6p__lam-1e-5__s0
91,model.10,0.0228862296789884,0.76120924949646,0.2526874542236328,0.04595947265625,1.0,0.3231250047683716,e6p__lam-1e-5__s0
92,model.10,0.0234422776848077,0.8076836466789246,0.2317760586738586,0.0635986328125,1.0,0.3349999785423279,e6p__lam-1e-5__s0
93,model.10,0.0240292400121688,0.8086689710617065,0.22707100212574,0.034698486328125,1.0,0.3465625047683716,e6p__lam-1e-5__s0
94,model.10,0.0245406050235033,0.8022977113723755,0.2453390955924987,0.0706787109375,1.0,0.3403124809265136,e6p__lam-1e-5__s0
95,model.10,0.0246356427669525,0.8115078806877136,0.2254263162612915,0.0341796875,1.0,0.3274999856948852,e6p__lam-1e-5__s0
96,model.10,0.0247333496809005,0.813395082950592,0.2178807556629181,0.052520751953125,1.0,0.3462499976158142,e6p__lam-1e-5__s0
97,model.10,0.0246986728161573,0.7956584095954895,0.2539087831974029,0.0252227783203125,1.0,0.3512499928474426,e6p__lam-1e-5__s0
98,model.10,0.0250548981130123,0.7558062672615051,0.2330365777015686,0.053985595703125,1.0,0.3231250047683716,e6p__lam-1e-5__s0
99,model.10,0.0252489149570465,0.8202069401741028,0.2144266664981842,0.055816650390625,1.0,0.3028124868869781,e6p__lam-1e-5__s0
100,model.10,0.0252489149570465,0.8202069401741028,0.2144266664981842,0.055816650390625,1.0,0.3028124868869781,e6p__lam-1e-5__s0
0,model.10,-0.0006235120235942,0.4858032763004303,0.0760783031582832,0.19482421875,0.787109375,0.0,e7p__nwd-calib-norsl__s0
1,model.10,0.0022805491462349,0.5082181692123413,0.211220383644104,0.0018386840820312,0.9892578125,0.0175000000745058,e7p__nwd-calib-norsl__s0
2,model.10,-0.0030813158955425,0.5533716678619385,0.2792673707008362,0.000495433807373,0.99560546875,0.0462500005960464,e7p__nwd-calib-norsl__s0
3,model.10,0.0026279164012521,0.5683507919311523,0.2690442204475403,0.0004255771636962,0.9892578125,0.0199999995529651,e7p__nwd-calib-norsl__s0
4,model.10,-0.0030835708603262,0.5713165402412415,0.273983359336853,0.000180959701538,0.99658203125,0.0431249998509883,e7p__nwd-calib-norsl__s0
5,model.10,0.0031538887415081,0.5769440531730652,0.3014376163482666,1.2099742889404295e-05,0.9951171875,0.0565624982118606,e7p__nwd-calib-norsl__s0
6,model.10,-0.002864544512704,0.5823384523391724,0.2918989062309265,1.7762184143066406e-05,0.99951171875,0.0921875014901161,e7p__nwd-calib-norsl__s0
7,model.10,0.0017509708413854,0.6099045276641846,0.2870418131351471,1.430511474609375e-06,0.9990234375,0.1040624976158142,e7p__nwd-calib-norsl__s0
8,model.10,-1.3188563571020497e-05,0.6137546896934509,0.2908778190612793,5.364418029785156e-06,0.99853515625,0.0956249982118606,e7p__nwd-calib-norsl__s0
9,model.10,-0.0010600865352898,0.6100738644599915,0.2808867990970611,4.887580871582031e-06,0.9990234375,0.0953124985098838,e7p__nwd-calib-norsl__s0
10,model.10,0.0027309861034154,0.6120893955230713,0.2883107662200928,1.2934207916259766e-05,0.998046875,0.0943749994039535,e7p__nwd-calib-norsl__s0
11,model.10,-0.0004121215606573,0.6123259663581848,0.2943411469459533,0.0001454353332519,0.99853515625,0.0987499952316284,e7p__nwd-calib-norsl__s0
12,model.10,0.0022276693489402,0.620951235294342,0.2958215177059173,2.193450927734375e-05,0.99951171875,0.1128124967217445,e7p__nwd-calib-norsl__s0
13,model.10,0.0021287293639034,0.6358317136764526,0.2825079560279846,0.0002065896987915,0.99951171875,0.1209374964237213,e7p__nwd-calib-norsl__s0
14,model.10,0.0014205689076334,0.6504129767417908,0.310027539730072,3.3974647521972656e-05,0.99853515625,0.1112499982118606,e7p__nwd-calib-norsl__s0
15,model.10,0.0006932647665962,0.6566281914710999,0.2884697616100311,2.819299697875977e-05,0.9990234375,0.1340624988079071,e7p__nwd-calib-norsl__s0
16,model.10,0.0021366295404732,0.644822359085083,0.2925134897232055,8.684396743774414e-05,1.0,0.1024999991059303,e7p__nwd-calib-norsl__s0
17,model.10,0.0007665142184123,0.6595754623413086,0.293456107378006,6.556510925292969e-05,0.99951171875,0.1112499982118606,e7p__nwd-calib-norsl__s0
18,model.10,0.0023826970718801,0.665395975112915,0.2869227230548858,7.927417755126953e-06,0.99951171875,0.1203124970197677,e7p__nwd-calib-norsl__s0
19,model.10,0.0008194837719202,0.6839468479156494,0.279997318983078,3.737211227416992e-05,1.0,0.1290625035762787,e7p__nwd-calib-norsl__s0
20,model.10,0.0026953541673719,0.6753361225128174,0.2930939495563507,1.96695327758789e-06,1.0,0.1596874892711639,e7p__nwd-calib-norsl__s0
21,model.10,-0.0014182004379108,0.6834123134613037,0.2794869542121887,2.9087066650390625e-05,1.0,0.1571874916553497,e7p__nwd-calib-norsl__s0
22,model.10,0.002759676426649,0.681900143623352,0.3063226342201233,6.556510925292969e-05,1.0,0.1499999910593032,e7p__nwd-calib-norsl__s0
23,model.10,0.0033117060083895,0.7013584971427917,0.2934750020503998,3.88026237487793e-05,1.0,0.1893749982118606,e7p__nwd-calib-norsl__s0
24,model.10,0.0004126697022002,0.7149291634559631,0.2898991703987121,7.659196853637695e-05,1.0,0.2009374946355819,e7p__nwd-calib-norsl__s0
25,model.10,0.001906870980747,0.7216938734054565,0.3034718632698059,2.568960189819336e-05,1.0,0.2053124904632568,e7p__nwd-calib-norsl__s0
26,model.10,0.0030040186829864,0.6973676085472107,0.306414783000946,1.9371509552001957e-05,1.0,0.2096875011920929,e7p__nwd-calib-norsl__s0
27,model.10,0.0063913776539266,0.6958501935005188,0.2787765860557556,0.0001224279403686,1.0,0.2284374982118606,e7p__nwd-calib-norsl__s0
28,model.10,0.0030597958248108,0.7303974628448486,0.2761270403861999,7.033348083496094e-05,1.0,0.2718749940395355,e7p__nwd-calib-norsl__s0
29,model.10,0.004247058648616,0.7064816355705261,0.2986670434474945,7.545948028564453e-05,1.0,0.3337499797344208,e7p__nwd-calib-norsl__s0
30,model.10,0.0039682323113083,0.6902793049812317,0.3166332244873047,2.777576446533203e-05,1.0,0.3312499821186065,e7p__nwd-calib-norsl__s0
31,model.10,0.0024180400650948,0.7033261060714722,0.3066864907741546,5.364418029785156e-06,1.0,0.3065624833106994,e7p__nwd-calib-norsl__s0
32,model.10,0.0030049157794564,0.7083432078361511,0.3005284667015075,0.0001015067100524,1.0,0.3109374940395355,e7p__nwd-calib-norsl__s0
33,model.10,0.0054527577012777,0.698945164680481,0.3098190426826477,8.612871170043945e-05,1.0,0.3515625,e7p__nwd-calib-norsl__s0
34,model.10,0.0046186889521777,0.7291426062583923,0.2996339201927185,0.0010604858398437,1.0,0.3184374868869781,e7p__nwd-calib-norsl__s0
35,model.10,0.0041445293463766,0.7402334213256836,0.2917979061603546,0.0002287626266479,1.0,0.3324999809265136,e7p__nwd-calib-norsl__s0
36,model.10,0.0059865824878215,0.7304254174232483,0.2922166287899017,0.0001572370529174,1.0,0.3656249940395355,e7p__nwd-calib-norsl__s0
37,model.10,0.0069955205544829,0.7278925776481628,0.3050898909568786,0.0018310546875,1.0,0.3343749940395355,e7p__nwd-calib-norsl__s0
38,model.10,0.0078425146639347,0.7353297472000122,0.2925089597702026,0.0008759498596191,1.0,0.3646875023841858,e7p__nwd-calib-norsl__s0
39,model.10,0.0048345811665058,0.719913899898529,0.3117073178291321,0.0003275871276855,1.0,0.3743749856948852,e7p__nwd-calib-norsl__s0
40,model.10,0.0046552559360861,0.7079097032546997,0.3165098130702972,2.712011337280273e-05,1.0,0.4028124809265136,e7p__nwd-calib-norsl__s0
41,model.10,0.0035625458694994,0.7209559679031372,0.3182359933853149,7.426738739013672e-05,1.0,0.3799999952316284,e7p__nwd-calib-norsl__s0
42,model.10,0.005028732586652,0.7009610533714294,0.2999024391174316,3.1948089599609375e-05,1.0,0.3912499845027923,e7p__nwd-calib-norsl__s0
43,model.10,0.0082527371123433,0.7115083932876587,0.3090876340866089,0.0002397298812866,1.0,0.3787499964237213,e7p__nwd-calib-norsl__s0
44,model.10,0.007512810640037,0.7274417877197266,0.3147078156471252,1.138448715209961e-05,1.0,0.3693749904632568,e7p__nwd-calib-norsl__s0
45,model.10,0.0079484581947326,0.7089088559150696,0.3419742584228515,0.0,1.0,0.3865624964237213,e7p__nwd-calib-norsl__s0
46,model.10,0.0081132836639881,0.6927902698516846,0.3517643213272095,9.316205978393556e-05,1.0,0.3684374988079071,e7p__nwd-calib-norsl__s0
47,model.10,0.0066637252457439,0.704899787902832,0.3398537635803222,3.75509262084961e-06,1.0,0.3924999833106994,e7p__nwd-calib-norsl__s0
48,model.10,0.0091967685148119,0.699192464351654,0.332450658082962,6.67572021484375e-06,1.0,0.3890624940395355,e7p__nwd-calib-norsl__s0
49,model.10,0.0086822789162397,0.6967825889587402,0.3422041535377502,1.0311603546142578e-05,1.0,0.4149999916553497,e7p__nwd-calib-norsl__s0
50,model.10,0.0110792340710759,0.6847699880599976,0.356176882982254,1.7642974853515625e-05,1.0,0.3871874809265136,e7p__nwd-calib-norsl__s0
51,model.10,0.0095241609960794,0.6823058724403381,0.3576465249061584,3.337860107421875e-06,1.0,0.3884374797344208,e7p__nwd-calib-norsl__s0
52,model.10,0.0074880798347294,0.668788731098175,0.3605906963348388,2.6226043701171875e-06,1.0,0.426562488079071,e7p__nwd-calib-norsl__s0
53,model.10,0.0059145973064005,0.6961287260055542,0.3411154747009277,3.874301910400391e-06,1.0,0.4259375035762787,e7p__nwd-calib-norsl__s0
54,model.10,0.0102663980796933,0.6812178492546082,0.3494529128074646,8.940696716308594e-06,1.0,0.4306249916553497,e7p__nwd-calib-norsl__s0
55,model.10,0.0111574120819568,0.6717187166213989,0.3672198951244354,3.4809112548828125e-05,1.0,0.4293749928474426,e7p__nwd-calib-norsl__s0
56,model.10,0.0111067527905106,0.6680908203125,0.3616133034229278,1.1682510375976562e-05,1.0,0.4568749964237213,e7p__nwd-calib-norsl__s0
57,model.10,0.0119256749749183,0.6476958990097046,0.3629749417304992,1.1920928955078125e-07,1.0,0.3700000047683716,e7p__nwd-calib-norsl__s0
58,model.10,0.0128551814705133,0.6500186920166016,0.3794350624084472,1.788139343261719e-07,1.0,0.4381249845027923,e7p__nwd-calib-norsl__s0
59,model.10,0.0137946428731083,0.6223468780517578,0.3749984800815582,7.808208465576172e-06,1.0,0.4334374964237213,e7p__nwd-calib-norsl__s0
60,model.10,0.0138623202219605,0.6312533617019653,0.3845094740390777,3.534555435180664e-05,1.0,0.4171874821186065,e7p__nwd-calib-norsl__s0
61,model.10,0.0121618611738085,0.6285844445228577,0.3807668387889862,1.0132789611816406e-06,1.0,0.4128125011920929,e7p__nwd-calib-norsl__s0
62,model.10,0.0119529012590646,0.6262480020523071,0.3753505051136017,1.132488250732422e-05,1.0,0.4153124988079071,e7p__nwd-calib-norsl__s0
63,model.10,0.0113439466804265,0.6337477564811707,0.3768861889839172,4.887580871582031e-06,1.0,0.4131249785423279,e7p__nwd-calib-norsl__s0
64,model.10,0.0140440724790096,0.6476376056671143,0.3639211058616638,1.1920928955078123e-05,1.0,0.4015624821186065,e7p__nwd-calib-norsl__s0
65,model.10,0.0150645561516284,0.637737512588501,0.3537631630897522,1.2814998626708984e-05,1.0,0.4056249856948852,e7p__nwd-calib-norsl__s0
66,model.10,0.0157041531056165,0.6365934610366821,0.3872515857219696,3.516674041748047e-06,1.0,0.4431249797344208,e7p__nwd-calib-norsl__s0
67,model.10,0.0170126166194677,0.6337311863899231,0.3722094595432281,7.152557373046875e-07,1.0,0.395312488079071,e7p__nwd-calib-norsl__s0
68,model.10,0.0179994590580463,0.6148471832275391,0.3707123100757599,1.1920928955078125e-07,1.0,0.4012500047683716,e7p__nwd-calib-norsl__s0
69,model.10,0.0194825679063797,0.5940521359443665,0.3679689466953277,9.357929229736328e-06,1.0,0.3834374845027923,e7p__nwd-calib-norsl__s0
70,model.10,0.0177202895283699,0.6404485702514648,0.3557906150817871,5.227327346801758e-05,1.0,0.3659375011920929,e7p__nwd-calib-norsl__s0
71,model.10,0.0178686194121837,0.6354030966758728,0.3707224130630493,4.410743713378906e-06,1.0,0.4199999868869781,e7p__nwd-calib-norsl__s0
72,model.10,0.017344644293189,0.646386981010437,0.3798762559890747,5.066394805908203e-05,1.0,0.4153124988079071,e7p__nwd-calib-norsl__s0
73,model.10,0.0181670673191547,0.6190285086631775,0.3866367936134338,7.724761962890625e-05,1.0,0.3931249976158142,e7p__nwd-calib-norsl__s0
74,model.10,0.0191098041832447,0.6251122355461121,0.376807153224945,2.7298927307128903e-05,1.0,0.3824999928474426,e7p__nwd-calib-norsl__s0
75,model.10,0.0199695322662591,0.6506893634796143,0.3629465699195862,6.866455078125e-05,1.0,0.3584374785423279,e7p__nwd-calib-norsl__s0
76,model.10,0.0219951700419187,0.6271564960479736,0.3732819557189941,1.4483928680419922e-05,1.0,0.4165624976158142,e7p__nwd-calib-norsl__s0
77,model.10,0.0223134960979223,0.622799813747406,0.3816064000129699,4.947185516357422e-06,1.0,0.4018749892711639,e7p__nwd-calib-norsl__s0
78,model.10,0.0227765571326017,0.6387962698936462,0.3657775521278381,8.684396743774414e-05,1.0,0.4018749892711639,e7p__nwd-calib-norsl__s0
79,model.10,0.023349268361926,0.6409843564033508,0.3639420866966247,2.86102294921875e-06,1.0,0.3946875035762787,e7p__nwd-calib-norsl__s0
80,model.10,0.0240946505218744,0.6207500696182251,0.3572597503662109,0.0001726150512695,1.0,0.3728124797344208,e7p__nwd-calib-norsl__s0
81,model.10,0.0242535546422004,0.6545884013175964,0.360623300075531,9.685754776000977e-05,1.0,0.3546874821186065,e7p__nwd-calib-norsl__s0
82,model.10,0.0255992524325847,0.6362048387527466,0.3638874292373657,7.426738739013672e-05,1.0,0.3840624988079071,e7p__nwd-calib-norsl__s0
83,model.10,0.0252587832510471,0.6302509307861328,0.3769956827163696,0.0002002716064453,1.0,0.3549999892711639,e7p__nwd-calib-norsl__s0
84,model.10,0.0252774190157651,0.6315358877182007,0.3604871034622192,9.459257125854492e-05,1.0,0.3846874833106994,e7p__nwd-calib-norsl__s0
85,model.10,0.0266831368207931,0.6018494367599487,0.3729170858860016,2.4139881134033203e-05,1.0,0.3793749809265136,e7p__nwd-calib-norsl__s0
86,model.10,0.0269144997000694,0.6575536727905273,0.3635603189468384,0.0002018213272094,1.0,0.4178124964237213,e7p__nwd-calib-norsl__s0
87,model.10,0.0275438353419303,0.614614725112915,0.3812639713287353,3.510713577270508e-05,1.0,0.390625,e7p__nwd-calib-norsl__s0
88,model.10,0.0284261349588632,0.6217597723007202,0.3716349303722381,2.5093555450439453e-05,1.0,0.3643749952316284,e7p__nwd-calib-norsl__s0
89,model.10,0.0284672603011131,0.6163753867149353,0.3709699511528015,0.0001896619796752,1.0,0.3606249988079071,e7p__nwd-calib-norsl__s0
90,model.10,0.0288333892822265,0.635732114315033,0.3555891513824463,0.0001141428947448,1.0,0.3715624809265136,e7p__nwd-calib-norsl__s0
91,model.10,0.0294231344014406,0.6324169635772705,0.3607458472251892,4.76837158203125e-06,1.0,0.3346875011920929,e7p__nwd-calib-norsl__s0
92,model.10,0.0298379380255937,0.6431124210357666,0.3370614051818847,0.0001622438430786,1.0,0.3578124940395355,e7p__nwd-calib-norsl__s0
93,model.10,0.0302653778344392,0.6306066513061523,0.3520683050155639,1.3649463653564451e-05,1.0,0.3849999904632568,e7p__nwd-calib-norsl__s0
94,model.10,0.0305905304849147,0.6274662613868713,0.356312096118927,0.0003407001495361,1.0,0.309374988079071,e7p__nwd-calib-norsl__s0
95,model.10,0.0310519412159919,0.6349812746047974,0.3551039695739746,0.0001263618469238,1.0,0.3937499821186065,e7p__nwd-calib-norsl__s0
96,model.10,0.0312417764216661,0.6406334042549133,0.362191379070282,4.911422729492188e-05,1.0,0.3743749856948852,e7p__nwd-calib-norsl__s0
97,model.10,0.0315459445118904,0.6191441416740417,0.350690484046936,0.000521183013916,1.0,0.3540624976158142,e7p__nwd-calib-norsl__s0
98,model.10,0.0318006090819835,0.6197496056556702,0.3481271266937256,5.692243576049805e-05,1.0,0.414374977350235,e7p__nwd-calib-norsl__s0
99,model.10,0.031845137476921,0.6354819536209106,0.3442960679531097,1.925230026245117e-05,1.0,0.3693749904632568,e7p__nwd-calib-norsl__s0
100,model.10,0.031845137476921,0.6354819536209106,0.3442960679531097,1.925230026245117e-05,1.0,0.3693749904632568,e7p__nwd-calib-norsl__s0
0,model.10,0.0016478976467624,0.5460627675056458,0.1977352052927017,0.0003459453582763,0.97607421875,0.0268749985843896,e7p__nwd-sizegate__s0
1,model.10,0.0016478976467624,0.5460627675056458,0.1977352052927017,0.0003459453582763,0.97607421875,0.0268749985843896,e7p__nwd-sizegate__s0
0,model.10,-0.0007590033346787,0.513500988483429,0.0649595856666565,0.252685546875,0.73291015625,0.0,e7p__nwd-sizegate__s0
1,model.10,-0.0017252234974876,0.5120636820793152,0.1542323529720306,0.0034561157226562,0.939453125,0.0046874997206032,e7p__nwd-sizegate__s0
2,model.10,-0.0021997429430484,0.5017972588539124,0.1796176731586456,0.0341796875,0.97509765625,0.0,e7p__nwd-sizegate__s0
3,model.10,0.001809483510442,0.5113711953163147,0.2303012013435363,0.0033245086669921,0.99609375,0.0074999998323619,e7p__nwd-sizegate__s0
4,model.10,-0.0012770096072927,0.5653886795043945,0.2468713521957397,1.9073486328125e-05,0.9833984375,0.0409374982118606,e7p__nwd-sizegate__s0
5,model.10,-0.0017940653488039,0.5951797962188721,0.2363550513982772,0.0021820068359375,0.98828125,0.0115625001490116,e7p__nwd-sizegate__s0
6,model.10,-0.0012685023248195,0.6199137568473816,0.2209774553775787,0.017578125,0.98583984375,0.0012499999720603,e7p__nwd-sizegate__s0
7,model.10,0.004218921996653,0.632381796836853,0.1911063194274902,0.0095977783203125,0.990234375,0.0040624998509883,e7p__nwd-sizegate__s0
8,model.10,0.0009193988516926,0.6769102215766907,0.1867417395114898,0.0012998580932617,0.99853515625,0.0278124995529651,e7p__nwd-sizegate__s0
9,model.10,-0.0011383111122995,0.6882548928260803,0.1683270037174224,0.004486083984375,0.99462890625,0.0134374992921948,e7p__nwd-sizegate__s0
10,model.10,-0.000857948733028,0.7042191624641418,0.1613080948591232,0.05572509765625,0.9970703125,0.0056249997578561,e7p__nwd-sizegate__s0
11,model.10,-0.0002891826443374,0.7473464608192444,0.120455265045166,0.187744140625,0.99169921875,0.0046874997206032,e7p__nwd-sizegate__s0
12,model.10,-0.000289397110464,0.7505483627319336,0.1318888366222381,0.12890625,0.99169921875,0.0106250001117587,e7p__nwd-sizegate__s0
13,model.10,0.0026002244558185,0.7322782874107361,0.1753253638744354,0.0199127197265625,0.99755859375,0.0484374985098838,e7p__nwd-sizegate__s0
14,model.10,-0.0012858462287113,0.7341981530189514,0.2367196232080459,0.0091934204101562,0.9990234375,0.0549999997019767,e7p__nwd-sizegate__s0
15,model.10,-0.0001791316608432,0.7510207891464233,0.1955330073833465,0.0032482147216796,0.99951171875,0.0553124994039535,e7p__nwd-sizegate__s0
16,model.10,-0.0006719044176861,0.7731980681419373,0.1621561050415039,0.04620361328125,0.99951171875,0.0524999983608722,e7p__nwd-sizegate__s0
17,model.10,-0.0003563424688763,0.793262779712677,0.1452013254165649,0.17041015625,0.9990234375,0.0659374967217445,e7p__nwd-sizegate__s0
18,model.10,0.0014471622416749,0.775894820690155,0.1579449772834777,0.031982421875,0.99951171875,0.0853125005960464,e7p__nwd-sizegate__s0
19,model.10,-0.0033175044227391,0.8073063492774963,0.1494832038879394,0.2012939453125,0.99951171875,0.0768750011920929,e7p__nwd-sizegate__s0
20,model.10,0.0006285368581302,0.7991816401481628,0.1858875155448913,0.0064620971679687,0.99951171875,0.0784374997019767,e7p__nwd-sizegate__s0
21,model.10,0.0023708203807473,0.8360441327095032,0.1683535873889923,0.0055999755859375,0.99951171875,0.1149999946355819,e7p__nwd-sizegate__s0
22,model.10,-0.0034842453896999,0.8205828666687012,0.1780405640602111,0.0012550354003906,0.99951171875,0.1409374922513961,e7p__nwd-sizegate__s0
23,model.10,0.0004072783049196,0.8099677562713623,0.1839039921760559,0.0056419372558593,1.0,0.1856250017881393,e7p__nwd-sizegate__s0
24,model.10,-0.0027302699163556,0.8448222875595093,0.1496453881263733,0.0088119506835937,1.0,0.1546874940395355,e7p__nwd-sizegate__s0
25,model.10,0.000324424210703,0.8148373961448669,0.2051512002944946,0.0018177032470703,1.0,0.1959374994039535,e7p__nwd-sizegate__s0
26,model.10,-0.0041499724611639,0.8328917622566223,0.1864310055971145,0.0006046295166015,1.0,0.1896874904632568,e7p__nwd-sizegate__s0
27,model.10,-0.0023689595982432,0.8149140477180481,0.2002498656511306,0.0026531219482421,1.0,0.2837499976158142,e7p__nwd-sizegate__s0
28,model.10,0.0020495862700045,0.8605368137359619,0.1549797356128692,0.0150146484375,1.0,0.2415625005960464,e7p__nwd-sizegate__s0
29,model.10,0.0003893196699209,0.8559579253196716,0.1640530228614807,0.0068511962890625,1.0,0.2237499952316284,e7p__nwd-sizegate__s0
30,model.10,-0.0002575771359261,0.8747875094413757,0.1424047648906707,0.018585205078125,1.0,0.2503125071525574,e7p__nwd-sizegate__s0
31,model.10,0.0005509650800377,0.8899297714233398,0.1135648190975189,0.06732177734375,0.99951171875,0.2549999952316284,e7p__nwd-sizegate__s0
32,model.10,0.0006317113875411,0.892586886882782,0.1200714260339737,0.04620361328125,1.0,0.2690624892711639,e7p__nwd-sizegate__s0
33,model.10,-0.0002379392681177,0.904099941253662,0.0786837786436081,0.145263671875,1.0,0.2725000083446502,e7p__nwd-sizegate__s0
34,model.10,-0.0022172501776367,0.912922501564026,0.1011515334248542,0.138427734375,1.0,0.2515625059604645,e7p__nwd-sizegate__s0
35,model.10,0.0007392598199658,0.9243809580802916,0.0971693247556686,0.0273284912109375,1.0,0.3018749952316284,e7p__nwd-sizegate__s0
36,model.10,-0.0005418955697678,0.9328938126564026,0.0854380279779434,0.10504150390625,1.0,0.3609375059604645,e7p__nwd-sizegate__s0
37,model.10,-0.0001059363639797,0.9386119842529296,0.0815605968236923,0.11981201171875,1.0,0.3443749845027923,e7p__nwd-sizegate__s0
38,model.10,0.0007775207050144,0.9416606426239014,0.0633928179740905,0.277587890625,1.0,0.3465625047683716,e7p__nwd-sizegate__s0
39,model.10,0.0005879211239516,0.9424226880073548,0.075284905731678,0.2587890625,1.0,0.4224999845027923,e7p__nwd-sizegate__s0
40,model.10,-0.00035406940151,0.9394835233688354,0.085503950715065,0.1517333984375,1.0,0.4359374940395355,e7p__nwd-sizegate__s0
41,model.10,-0.0021084891632199,0.9415316581726074,0.0830965191125869,0.1378173828125,1.0,0.4490624964237213,e7p__nwd-sizegate__s0
42,model.10,-0.0057303719222545,0.9360055327415466,0.093437373638153,0.06781005859375,1.0,0.4840624928474426,e7p__nwd-sizegate__s0
43,model.10,-0.0014321058988571,0.9093455076217652,0.1540079414844513,0.0018606185913085,1.0,0.5634374618530273,e7p__nwd-sizegate__s0
44,model.10,-0.0024796044453978,0.893941342830658,0.1412096470594406,0.0199432373046875,1.0,0.5493749976158142,e7p__nwd-sizegate__s0
45,model.10,-0.0047964253462851,0.8860558271408081,0.1675661504268646,0.004608154296875,1.0,0.5865625143051147,e7p__nwd-sizegate__s0
46,model.10,0.0025270029436796,0.8758366107940674,0.2060680091381073,0.0008230209350585,1.0,0.5590624809265137,e7p__nwd-sizegate__s0
47,model.10,-0.0009171885321848,0.8653202056884766,0.2254033386707306,0.0020198822021484,1.0,0.567187488079071,e7p__nwd-sizegate__s0
48,model.10,-0.0005409011500887,0.8718221187591553,0.2178459167480468,0.0003800392150878,1.0,0.5240625143051147,e7p__nwd-sizegate__s0
49,model.10,0.0009056171402335,0.8753877282142639,0.1974234133958816,0.0009927749633789,1.0,0.6081249713897705,e7p__nwd-sizegate__s0
50,model.10,-0.0016513222362846,0.8833428621292114,0.2051312923431396,0.0018177032470703,1.0,0.5428124666213989,e7p__nwd-sizegate__s0
51,model.10,-0.0019811789970844,0.8741590976715088,0.2078988850116729,0.0003697872161865,1.0,0.5949999690055847,e7p__nwd-sizegate__s0
52,model.10,-0.0005752898287028,0.9082828164100648,0.1604887545108795,0.0066680908203125,1.0,0.5556249618530273,e7p__nwd-sizegate__s0
53,model.10,-0.0028498189058154,0.8939173817634583,0.168920949101448,0.0006337165832519,1.0,0.6446874737739563,e7p__nwd-sizegate__s0
54,model.10,-0.0018269300926476,0.9000291228294373,0.1361331045627594,0.008880615234375,1.0,0.620312511920929,e7p__nwd-sizegate__s0
55,model.10,0.0011357137700542,0.9246459007263184,0.1404826641082763,0.0001205205917358,1.0,0.6256250143051147,e7p__nwd-sizegate__s0
56,model.10,0.0007705058669671,0.924171268939972,0.1469148695468902,0.0121917724609375,1.0,0.6078124642372131,e7p__nwd-sizegate__s0
57,model.10,-0.0021880408748984,0.9197153449058532,0.1322639882564544,0.035064697265625,1.0,0.6043750047683716,e7p__nwd-sizegate__s0
58,model.10,-0.0032573041971772,0.910173773765564,0.1586156040430069,0.0023326873779296,1.0,0.6265624761581421,e7p__nwd-sizegate__s0
59,model.10,-0.0019799962174147,0.9061097502708436,0.2051583677530288,0.0001263618469238,1.0,0.6087499856948853,e7p__nwd-sizegate__s0
60,model.10,-0.0019702487625181,0.9071795344352722,0.1833900809288025,0.001011848449707,1.0,0.5956249833106995,e7p__nwd-sizegate__s0
61,model.10,0.0001730974036036,0.9154464602470398,0.159831017255783,0.0008106231689453,1.0,0.6431249976158142,e7p__nwd-sizegate__s0
62,model.10,-0.0019500382477417,0.9112805128097534,0.1711739301681518,0.0023326873779296,1.0,0.6321874856948853,e7p__nwd-sizegate__s0
63,model.10,-0.0052350279875099,0.8969569802284241,0.1831859350204467,0.0089187622070312,1.0,0.6278125047683716,e7p__nwd-sizegate__s0
64,model.10,-0.0025539293419569,0.9056069850921632,0.1602382361888885,0.0012598037719726,1.0,0.651562511920929,e7p__nwd-sizegate__s0
65,model.10,-0.0019448584644123,0.886464536190033,0.1702867001295089,0.0015487670898437,1.0,0.6128124594688416,e7p__nwd-sizegate__s0
66,model.10,-0.0011407360434532,0.901679515838623,0.1656633913516998,0.0010366439819335,1.0,0.6571874618530273,e7p__nwd-sizegate__s0
67,model.10,-0.0006621248321607,0.9091145396232604,0.1691641807556152,0.0069847106933593,1.0,0.6506249904632568,e7p__nwd-sizegate__s0
68,model.10,-0.0026949543971568,0.9077386856079102,0.1625021547079086,0.0022697448730468,1.0,0.6478124856948853,e7p__nwd-sizegate__s0
69,model.10,-0.0026487568393349,0.916488766670227,0.1382152438163757,0.0058670043945312,1.0,0.6384375095367432,e7p__nwd-sizegate__s0
70,model.10,-0.002848902484402,0.9146841764450072,0.1690033823251724,0.0054893493652343,1.0,0.6418749690055847,e7p__nwd-sizegate__s0
71,model.10,-0.0034551341086626,0.9323434829711914,0.1340847909450531,0.0073165893554687,1.0,0.660937488079071,e7p__nwd-sizegate__s0
72,model.10,-0.0027540128212422,0.9247368574142456,0.1246025264263153,0.01751708984375,1.0,0.6865624785423279,e7p__nwd-sizegate__s0
73,model.10,-0.0032547642476856,0.9083005785942078,0.1840717941522598,0.0023136138916015,1.0,0.6787499785423279,e7p__nwd-sizegate__s0
74,model.10,-0.0044475449249148,0.9259812831878662,0.1326273083686828,0.015838623046875,1.0,0.6674999594688416,e7p__nwd-sizegate__s0
75,model.10,-0.0052769645117223,0.916998565196991,0.1274092495441436,0.03338623046875,1.0,0.6787499785423279,e7p__nwd-sizegate__s0
76,model.10,-0.0067318817600607,0.9394457936286926,0.114088550209999,0.049041748046875,1.0,0.6971874833106995,e7p__nwd-sizegate__s0
77,model.10,-0.0049690632149577,0.9279237985610962,0.1557621955871582,0.0057754516601562,1.0,0.6990624666213989,e7p__nwd-sizegate__s0
78,model.10,-0.0045101284049451,0.9247312545776368,0.1469468474388122,0.03460693359375,1.0,0.6787499785423279,e7p__nwd-sizegate__s0
79,model.10,-0.003650466678664,0.9449060559272766,0.1243212074041366,0.049591064453125,1.0,0.6865624785423279,e7p__nwd-sizegate__s0
80,model.10,-0.004071504343301,0.9286620616912842,0.1434022039175033,0.014556884765625,1.0,0.69593745470047,e7p__nwd-sizegate__s0
81,model.10,-0.0043425681069493,0.9442256093025208,0.1271923184394836,0.029815673828125,1.0,0.6840624809265137,e7p__nwd-sizegate__s0
82,model.10,-0.0050290203653275,0.9114091992378236,0.1727183014154434,0.001220703125,1.0,0.6803125143051147,e7p__nwd-sizegate__s0
83,model.10,-0.0062165562994778,0.929904282093048,0.134036898612976,0.0256195068359375,1.0,0.6524999737739563,e7p__nwd-sizegate__s0
84,model.10,-0.0055653774179518,0.8980129957199097,0.165055900812149,0.0068244934082031,1.0,0.682812511920929,e7p__nwd-sizegate__s0
85,model.10,-0.0066058039665222,0.925715148448944,0.1508482694625854,0.0044326782226562,1.0,0.6840624809265137,e7p__nwd-sizegate__s0
86,model.10,-0.0060422783717513,0.926672637462616,0.1530759632587433,0.0083160400390625,1.0,0.6865624785423279,e7p__nwd-sizegate__s0
87,model.10,-0.0069159157574176,0.9124612212181092,0.1730028688907623,0.0063896179199218,1.0,0.6931250095367432,e7p__nwd-sizegate__s0
88,model.10,-0.0062478738836944,0.9371086955070496,0.127368152141571,0.0079345703125,1.0,0.6624999642372131,e7p__nwd-sizegate__s0
89,model.10,-0.0064922417514026,0.9023417234420776,0.1805843263864517,0.008575439453125,1.0,0.7003124952316284,e7p__nwd-sizegate__s0
90,model.10,-0.0066123893484473,0.9307856559753418,0.1321198642253875,0.04296875,1.0,0.6534374952316284,e7p__nwd-sizegate__s0
91,model.10,-0.0068391864188015,0.9342739582061768,0.1262313425540924,0.0050811767578125,1.0,0.6909374594688416,e7p__nwd-sizegate__s0
92,model.10,-0.0071555413305759,0.9218189120292664,0.1551881432533264,0.0057525634765625,1.0,0.6896874904632568,e7p__nwd-sizegate__s0
93,model.10,-0.0076562971808016,0.950831651687622,0.1077004373073577,0.020294189453125,1.0,0.667187511920929,e7p__nwd-sizegate__s0
94,model.10,-0.0081973858177661,0.9310437440872192,0.1169657409191131,0.029541015625,1.0,0.6378124952316284,e7p__nwd-sizegate__s0
95,model.10,-0.0086957886815071,0.9201630353927612,0.1298722773790359,0.021331787109375,1.0,0.651562511920929,e7p__nwd-sizegate__s0
96,model.10,-0.008785055950284,0.93016254901886,0.120892509818077,0.01861572265625,1.0,0.6821874976158142,e7p__nwd-sizegate__s0
97,model.10,-0.0087326308712363,0.9167391061782836,0.1377318054437637,0.0048866271972656,1.0,0.6528124809265137,e7p__nwd-sizegate__s0
98,model.10,-0.0090135168284177,0.9285237789154052,0.117202989757061,0.052825927734375,1.0,0.6399999856948853,e7p__nwd-sizegate__s0
99,model.10,-0.0090712243691086,0.94612056016922,0.1134350299835205,0.0243377685546875,1.0,0.7003124952316284,e7p__nwd-sizegate__s0
100,model.10,-0.0090712243691086,0.94612056016922,0.1134350299835205,0.0243377685546875,1.0,0.7003124952316284,e7p__nwd-sizegate__s0
0,model.10,0.0,0.5,0.0,0.5,0.5,0.0,runs
0,model.10,0.0,0.5,0.0,0.5,0.5,0.0,runs
0,model.10,0.0,0.5,0.0,0.5,0.5,0.0,runs
0,model.10,0.0,0.5,0.0,0.5,0.5,0.0,runs
0,model.10,0.0,0.5,0.0,0.5,0.5,0.0,runs
0,model.10,0.0,0.5,0.0,0.5,0.5,0.0,runs
0,model.10,0.0,0.5,0.0,0.5,0.5,0.0,runs
